aset_id,opd_id,kategori_kib,kondisi,status,luas_m2,umur_aset,address,lat,lon,poi_kampus_n,poi_kampus_d,poi_sekolah_n,poi_sekolah_d,poi_mal_n,poi_mal_d,poi_pasar_n,poi_pasar_d,poi_rumah_sakit_n,poi_rumah_sakit_d,poi_puskesmas_n,poi_puskesmas_d,poi_stasiun_n,poi_stasiun_d,poi_kantor_n,poi_kantor_d,poi_tempat_budaya_n,poi_tempat_budaya_d,poi_total,y_jenis,y_kontribusi,y_permintaan
aset-0000,6,0,0,0,5568,23,"Perumahan Setiabudi No. 36, Kel. Merdeka Kec. Medan Barat, Kota Medan",3.594394,98.680859,3,0.5979,7,0.6013,6,0.6343,2,1.105,8,0.1793,1,1.7612,1,0.6497,1,0.6516,7,0.3828,36,2,1148600000,2
aset-0001,3,0,1,0,8602,16,"Jl. Putri Hijau No. 15, Kel. Aur Kec. Medan Baru, Kota Medan",3.555645,98.624431,0,3.6843,0,5.0,0,4.9975,0,4.3589,0,5.0,0,4.5026,0,5.0,0,5.0,0,5.0,0,5,11400000,1
aset-0002,4,0,0,1,10193,17,"Perumahan Cut Mutia No. 50, Kel. Jati Kec. Medan Sunggal, Kota Medan",3.583841,98.693631,3,1.4352,7,0.2549,5,1.199,2,0.2164,6,0.1168,0,3.4111,1,1.9687,1,2.3561,5,1.3342,30,2,648000000,2
aset-0003,3,2,0,1,1786,27,"Jl. Yos Sudarso No. 32, Kel. Merdeka Kec. Medan Timur, Kota Medan",3.617276,98.6669,2,1.8372,3,2.7104,2,1.0715,1,2.7374,3,1.7615,1,2.4859,0,3.2334,1,2.7398,1,2.591,14,2,6800000,1
aset-0004,1,2,0,0,665,12,"Jl. Katamso No. 32, Kel. Polonia Kec. Medan Sunggal, Kota Medan",3.569558,98.69438,2,2.9088,3,1.3852,6,1.9995,1,1.3919,2,1.5025,0,3.5923,1,2.9811,0,3.4659,4,1.3163,19,5,7800000,2
aset-0005,5,0,0,1,1381,17,"Lingkungan Marelan Raya No. 6, Kel. Bantan Kec. Medan Polonia, Kota Medan",3.636124,98.686765,1,0.7871,0,3.4636,1,2.0804,0,5.0,1,2.9745,0,5.0,0,5.0,0,4.8626,0,4.9758,3,1,2300000,1
aset-0006,4,0,0,2,5251,23,"Lingkungan Thamrin No. 40, Kel. Titi Kuning Kec. Medan Area, Kota Medan",3.598506,98.688221,3,0.3233,7,0.7225,6,0.6118,2,1.9105,8,0.8484,1,2.6063,1,1.5637,1,1.5504,6,1.3147,35,2,753000000,2
aset-0007,6,2,0,1,1050,11,"Gang Ahmad Yani No. 48, Kel. Gaharu Kec. Medan Baru, Kota Medan",3.588216,98.660383,3,1.953,5,1.3946,6,1.7227,1,1.2927,4,0.5197,1,0.9119,1,1.8547,1,1.745,7,0.6038,29,2,74900000,2
aset-0008,1,2,0,1,1298,21,"Jl. Yos Sudarso No. 42, Kel. Suka Maju Kec. Medan Selayang, Kota Medan",3.587321,98.687546,3,0.9244,7,0.4621,6,0.9389,2,0.8464,8,0.2924,1,2.6437,1,1.2077,1,1.578,6,0.6165,35,2,29500000,2
aset-0009,6,2,0,1,833,8,"Jl. KH Wahid Hasyim No. 8, Kel. Petisah Tengah Kec. Medan Johor, Kota Medan",3.623183,98.705775,1,2.9189,1,2.8247,0,3.5368,0,4.7937,1,2.0067,0,5.0,0,4.8797,0,4.711,0,4.6079,3,1,400000,1
aset-0010,3,0,1,0,2216,21,"Jl. Iskandar Muda No. 40, Kel. Kesawan Kec. Medan Baru, Kota Medan",3.576506,98.665498,2,1.7853,5,1.8675,6,1.0929,2,1.933,4,1.1885,2,2.0572,1,1.9699,1,2.2126,7,1.7296,30,2,140700000,2
aset-0011,1,2,0,0,809,14,"Lingkungan Gatot Subroto No. 25, Kel. Pusat Pasar Kec. Medan Timur, Kota Medan",3.549706,98.65606,1,1.4805,0,5.0,1,2.3354,1,1.0259,0,4.3048,1,1.2142,0,5.0,0,5.0,0,4.1856,4,1,700000,0
aset-0012,4,0,0,1,601,18,"Jl. Marelan Raya No. 25, Kel. Pandan Selamat Kec. Medan Kota, Kota Medan",3.613712,98.659976,1,2.2787,3,2.6617,2,1.834,1,2.6078,3,2.3694,1,2.1541,0,3.2436,1,2.7539,2,2.3658,14,2,3300000,1
aset-0013,1,0,1,1,2702,24,"Jl. Putri Hijau No. 3, Kel. Pusat Pasar Kec. Medan Timur, Kota Medan",3.515358,98.67558,0,5.0,0,5.0,0,5.0,0,4.5902,0,5.0,0,4.6692,0,5.0,0,5.0,0,5.0,0,2,9400000,0
aset-0014,5,0,0,1,2472,24,"Jl. Marelan Raya No. 5, Kel. Pasar Merah Kec. Medan Deli, Kota Medan",3.548593,98.681436,0,3.1689,0,4.0081,1,2.5323,1,2.0895,0,4.0354,1,2.0014,0,4.6305,0,5.0,1,2.9601,4,0,5800000,1
aset-0015,1,2,0,1,979,23,"Jl. Katamso No. 6, Kel. Merdeka Kec. Medan Selayang, Kota Medan",3.554356,98.65204,1,1.0968,0,4.7479,1,2.2614,1,1.2955,0,4.0642,1,1.4499,0,4.8355,0,5.0,0,3.8662,4,2,3400000,0
aset-0016,6,2,0,1,2352,9,"Jl. HM Yamin No. 30, Kel. Sunggal Kec. Medan Perjuangan, Kota Medan",3.575203,98.702837,1,2.7832,3,1.1522,3,2.4597,1,1.3277,2,1.394,0,4.7108,0,3.3058,0,3.7299,3,2.0726,13,2,13700000,1
aset-0017,5,2,0,2,793,6,"Jl. Gatot Subroto No. 25, Kel. Kesawan Kec. Medan Polonia, Kota Medan",3.59644,98.68022,3,0.7715,7,0.6805,6,0.8383,2,1.0924,8,0.0994,1,1.6967,1,0.8003,1,0.6397,7,0.5221,36,2,137700000,2
aset-0018,3,0,1,0,784,7,"Jl. Putri Hijau No. 18, Kel. Polonia Kec. Medan Timur, Kota Medan",3.589848,98.655379,2,2.4994,3,1.8776,6,2.1802,1,1.7687,3,1.0719,1,1.2117,1,2.3995,1,2.2259,5,0.1033,23,2,136800000,2
aset-0019,2,2,2,0,1377,19,"Komplek Veteran No. 50, Kel. Gaharu Kec. Medan Perjuangan, Kota Medan",3.607833,98.636908,0,4.6756,0,4.2293,0,3.9835,0,4.1273,0,3.7556,0,3.4286,0,4.8712,0,4.4985,1,2.9012,1,4,400000,1
aset-0020,2,0,0,1,1448,8,"Jl. Cut Mutia No. 1, Kel. Aur Kec. Medan Area, Kota Medan",3.594147,98.713371,1,2.787,1,2.4456,1,2.372,1,2.6335,2,2.4676,0,5.0,0,4.0626,0,4.2583,0,3.571,6,2,1700000,1
aset-0021,3,2,0,1,378,19,"Jl. Sutomo No. 1, Kel. Merdeka Kec. Medan Perjuangan, Kota Medan",3.526835,98.708036,0,5.0,0,5.0,0,5.0,0,5.0,0,5.0,0,5.0,0,5.0,0,5.0,0,5.0,0,1,100000,0
aset-0022,6,0,2,1,2401,15,"Lingkungan Marelan Raya No. 16, Kel. Pulo Brayan Kec. Medan Selayang, Kota Medan",3.579869,98.70858,1,2.8505,3,1.5256,1,2.4561,1,1.7452,2,1.7638,0,5.0,0,3.6813,0,4.0444,2,2.733,10,2,13100000,1
aset-0023,1,0,0,0,5526,16,"Jl. Marelan Raya No. 6, Kel. Pusat Pasar Kec. Medan Selayang, Kota Medan",3.568609,98.647297,1,1.2253,0,3.8563,1,2.3046,1,2.3744,0,3.0001,1,2.4137,0,4.0649,0,4.1741,1,2.4231,5,0,3500000,1
aset-0024,5,2,0,1,2262,13,"Jl. Balai Kota No. 20, Kel. Suka Maju Kec. Medan Helvetia, Kota Medan",3.630559,98.665683,1,1.7073,0,3.7697,1,0.7779,0,4.2178,1,2.8487,0,3.9547,0,4.6815,0,4.1946,0,4.0733,3,1,1700000,1
aset-0025,2,0,1,0,9707,9,"Jl. Cut Mutia No. 50, Kel. Sikambing Kec. Medan Kota, Kota Medan",3.583654,98.670697,4,1.059,6,0.8953,7,0.4831,2,1.0398,6,0.2081,1,1.4112,1,0.9936,1,1.2456,7,0.7615,35,2,919500000,2
aset-0026,5,2,1,2,3029,22,"Jl. Diponegoro No. 42, Kel. Aur Kec. Medan Labuhan, Kota Medan",3.532193,98.655043,0,3.4311,0,5.0,0,4.1288,1,2.7015,0,5.0,1,2.8686,0,5.0,0,5.0,0,5.0,2,1,1400000,1
aset-0027,3,2,0,1,557,23,"Jl. Sisingamangaraja No. 14, Kel. Sikambing Kec. Medan Barat, Kota Medan",3.547639,98.626953,0,3.7269,0,5.0,0,5.0,0,4.1574,0,5.0,0,4.3237,0,5.0,0,5.0,0,5.0,0,1,300000,0
aset-0028,4,0,0,1,7192,21,"Jl. Sisingamangaraja No. 40, Kel. Gaharu Kec. Medan Tembung, Kota Medan",3.577921,98.692328,2,2.016,6,0.5418,6,1.3221,2,0.4596,4,0.5696,0,3.5783,1,2.1674,1,2.6257,5,0.9178,27,2,862800000,2
aset-0029,4,0,0,1,2864,11,"Jl. Gatot Subroto No. 34, Kel. Pusat Pasar Kec. Medan Barat, Kota Medan",3.559721,98.63188,1,2.7895,0,5.0,0,4.0895,0,3.5718,0,4.9101,0,3.6989,0,5.0,0,5.0,0,4.1452,1,5,1100000,0
aset-0030,2,2,0,1,538,18,"Jl. Imam Bonjol No. 2, Kel. Gaharu Kec. Medan Polonia, Kota Medan",3.624343,98.676012,2,1.0156,1,2.529,2,0.5859,0,3.5292,3,1.6881,0,3.4841,0,3.8203,0,3.3758,0,3.4891,8,2,2300000,1
aset-0031,2,2,0,0,558,27,"Jl. Yos Sudarso No. 40, Kel. Kesawan Kec. Medan Area, Kota Medan",3.572146,98.697415,2,2.7972,3,1.128,5,2.1033,1,1.2003,2,1.3025,0,4.0206,0,3.0124,0,3.4775,4,1.5354,17,5,4400000,1
aset-0032,1,0,2,1,4935,28,"Jl. Putri Hijau No. 34, Kel. Kesawan Kec. Medan Baru, Kota Medan",3.554503,98.63207,1,2.9026,0,5.0,0,4.2227,0,3.5106,0,5.0,0,3.6583,0,5.0,0,5.0,0,4.6032,1,3,3100000,1
aset-0033,6,0,0,1,353,21,"Jl. Sutomo No. 40, Kel. Aur Kec. Medan Marelan, Kota Medan",3.643574,98.671717,1,1.6485,0,4.6543,1,1.9557,0,5.0,0,3.8728,0,5.0,0,5.0,0,5.0,0,5.0,2,2,3200000,0
aset-0034,6,0,1,1,967,20,"Jl. Thamrin No. 15, Kel. Sunggal Kec. Medan Sunggal, Kota Medan",3.578054,98.702037,2,2.476,3,0.8957,4,2.1412,1,1.0947,2,1.1438,0,4.5216,0,3.0797,0,3.4852,3,1.988,15,2,11700000,1
aset-0035,3,2,1,1,552,19,"Jl. Ahmad Yani No. 3, Kel. Gaharu Kec. Medan Helvetia, Kota Medan",3.617542,98.695156,3,2.2049,1,1.6049,2,2.586,0,3.8254,4,1.0651,0,4.1812,0,3.6659,0,3.4432,0,3.3884,10,2,1400000,1
aset-0036,5,0,0,1,2030,20,"Jl. Yos Sudarso No. 42, Kel. Pulo Brayan Kec. Medan Perjuangan, Kota Medan",3.606475,98.672428,4,0.7312,6,1.4991,7,0.6883,1,1.5067,7,1.0288,1,1.5191,1,1.9009,1,1.4162,5,1.4716,33,2,420700000,2
aset-0037,3,2,1,2,938,9,"Komplek Sisingamangaraja No. 2, Kel. Pasar Merah Kec. Medan Kota, Kota Medan",3.578698,98.65621,2,1.7468,3,2.3664,6,1.845,2,2.2854,2,1.5046,2,2.0585,1,2.6273,1,2.6914,4,1.1533,23,2,12500000,2
aset-0038,4,2,0,0,548,16,"Jl. Jamin Ginting No. 3, Kel. Petisah Tengah Kec. Medan Kota, Kota Medan",3.620463,98.671786,2,1.6405,1,2.4888,2,0.6218,0,3.055,3,1.5489,1,2.9298,0,3.4364,1,2.9641,1,2.9724,11,2,800000,1
aset-0039,3,2,0,0,1014,25,"Jl. Ahmad Yani No. 18, Kel. Petisah Tengah Kec. Medan Maimun, Kota Medan",3.589403,98.658126,3,2.1951,5,1.5908,6,1.9593,1,1.4837,4,0.7642,1,0.9845,1,2.0956,1,1.9411,5,0.3498,27,2,16200000,2
aset-0040,3,2,1,0,1055,13,"Jl. Setiabudi No. 45, Kel. Suka Maju Kec. Medan Barat, Kota Medan",3.542887,98.695546,0,4.8469,0,4.3496,0,4.0663,0,3.7784,0,4.4693,0,3.6904,0,5.0,0,5.0,0,3.808,0,4,500000,0
aset-0041,6,0,0,1,5493,24,"Jl. Veteran No. 25, Kel. Sikambing Kec. Medan Polonia, Kota Medan",3.62624,98.698064,1,1.999,1,2.6126,0,3.0035,0,4.7626,3,2.0411,0,5.0,0,4.6587,0,4.4049,0,4.3803,5,2,10900000,1
aset-0042,4,0,1,1,12393,24,"Jl. Sutomo No. 22, Kel. Sikambing Kec. Medan Sunggal, Kota Medan",3.611929,98.669767,4,1.2184,5,2.1194,4,1.3166,1,2.1093,5,1.2649,1,1.9554,1,2.5671,1,2.0765,3,2.0033,25,2,328400000,2
aset-0043,4,2,1,1,424,16,"Jl. Sisingamangaraja No. 16, Kel. Petisah Tengah Kec. Medan Deli, Kota Medan",3.536324,98.626734,0,4.4646,0,5.0,0,5.0,0,4.5932,0,5.0,0,4.7773,0,5.0,0,5.0,0,5.0,0,1,100000,0
aset-0044,3,0,0,1,1692,22,"Jl. Katamso No. 12, Kel. Pandan Selamat Kec. Medan Maimun, Kota Medan",3.581696,98.713468,0,3.1924,1,2.0498,1,2.7754,1,2.2717,1,2.2761,0,5.0,0,4.1511,0,4.4829,0,3.301,4,2,6300000,1
aset-0045,5,2,1,1,780,9,"Jl. Balai Kota No. 10, Kel. Pandan Selamat Kec. Medan Tembung, Kota Medan",3.609486,98.66906,4,1.1693,6,1.862,4,1.0723,1,1.8458,7,1.3263,1,1.6726,1,2.3391,1,1.8439,5,1.726,30,2,14800000,2
aset-0046,2,0,0,2,2000,8,"Jl. Ahmad Yani No. 12, Kel. Pandan Selamat Kec. Medan Kota, Kota Medan",3.593931,98.675649,3,0.5131,7,0.2182,6,0.6625,2,0.5262,8,0.6368,1,1.1878,1,0.4621,1,0.0725,7,0.3423,36,2,1137300000,2
aset-0047,3,0,0,1,107,12,"Jl. Yos Sudarso No. 22, Kel. Jati Kec. Medan Helvetia, Kota Medan",3.602699,98.662337,3,1.8853,6,1.5209,5,1.1051,1,1.4448,6,1.5516,1,0.9056,1,2.1545,1,1.706,5,1.1535,29,2,64400000,2
aset-0048,1,0,0,2,1349,20,"Jl. Veteran No. 3, Kel. Aur Kec. Medan Johor, Kota Medan",3.592995,98.659824,2,2.0354,5,1.3513,5,1.5766,1,1.2403,4,0.7262,1,0.6162,1,1.9351,1,1.6879,5,0.6956,25,2,221900000,2
aset-0049,6,2,0,1,1410,16,"Lingkungan Diponegoro No. 12, Kel. Pusat Pasar Kec. Medan Barat, Kota Medan",3.564297,98.686624,0,3.007,3,2.1769,5,2.0227,2,2.0918,3,2.1967,1,2.5711,0,3.0511,0,3.5458,4,1.2387,18,2,4600000,1
aset-0050,6,2,2,1,605,10,"Jl. Putri Hijau No. 16, Kel. Gaharu Kec. Medan Tembung, Kota Medan",3.543547,98.724049,0,5.0,0,5.0,0,5.0,0,5.0,0,5.0,0,5.0,0,5.0,0,5.0,0,5.0,0,4,300000,0
aset-0051,4,0,1,1,23011,20,"Jl. Balai Kota No. 32, Kel. Aur Kec. Medan Deli, Kota Medan",3.594194,98.667577,3,1.2412,6,0.5085,6,0.8379,1,0.4024,6,0.6444,1,0.2997,1,1.145,1,0.8241,7,0.0517,32,2,713400000,2
aset-0052,4,0,2,0,1353,15,"Jl. Iskandar Muda No. 34, Kel. Pandan Selamat Kec. Medan Selayang, Kota Medan",3.514361,98.660958,0,5.0,0,5.0,0,5.0,0,4.518,0,5.0,0,4.6517,0,5.0,0,5.0,0,5.0,0,3,900000,0
aset-0053,3,2,0,0,264,27,"Jl. Jamin Ginting No. 2, Kel. Padang Bulan Kec. Medan Kota, Kota Medan",3.580963,98.689107,2,1.592,7,0.664,7,0.9025,2,0.4471,6,0.4878,0,3.0974,1,1.6778,1,2.1336,6,0.7444,32,2,26400000,2
aset-0054,3,2,1,0,345,17,"Jl. Ahmad Yani No. 45, Kel. Sunggal Kec. Medan Maimun, Kota Medan",3.569952,98.714231,0,4.0515,1,2.5199,0,3.6793,1,2.7104,1,2.7671,0,5.0,0,4.6948,0,5.0,0,3.4091,3,4,200000,1
aset-0055,2,2,1,0,1725,18,"Jl. Imam Bonjol No. 20, Kel. Aur Kec. Medan Helvetia, Kota Medan",3.532888,98.601862,0,5.0,0,5.0,0,5.0,0,5.0,0,5.0,0,5.0,0,5.0,0,5.0,0,5.0,0,1,400000,0
aset-0056,1,2,1,1,530,26,"Komplek Veteran No. 12, Kel. Kesawan Kec. Medan Maimun, Kota Medan",3.590022,98.706559,1,2.1191,4,1.5625,2,1.6907,1,1.7493,4,1.6953,0,4.6452,0,3.2804,0,3.5302,2,2.7461,14,2,3000000,1
aset-0057,2,2,0,1,1012,10,"Jl. Imam Bonjol No. 36, Kel. Suka Maju Kec. Medan Deli, Kota Medan",3.634901,98.703707,1,2.5404,0,3.754,0,3.7621,0,5.0,0,3.1111,0,5.0,0,5.0,0,5.0,0,5.0,1,1,100000,0
aset-0058,3,2,0,1,10020,17,"Perumahan Setiabudi No. 32, Kel. Sei Sikambing Kec. Medan Baru, Kota Medan",3.641827,98.682183,1,1.1005,0,4.1455,1,2.1534,0,5.0,0,3.5414,0,5.0,0,5.0,0,5.0,0,5.0,2,5,8700000,1
aset-0059,2,0,1,0,5641,24,"Perumahan Sisingamangaraja No. 5, Kel. Aur Kec. Medan Area, Kota Medan",3.576435,98.681369,2,1.546,6,1.2987,7,0.5758,2,1.4314,5,1.3477,2,2.7499,1,1.5844,1,2.0771,6,0.3142,32,2,1316100000,2
aset-0060,1,2,0,1,2090,6,"Jl. Imam Bonjol No. 42, Kel. Titi Kuning Kec. Medan Maimun, Kota Medan",3.547525,98.62943,0,3.4911,0,5.0,0,4.7971,0,3.8907,0,5.0,0,4.0585,0,5.0,0,5.0,0,5.0,0,1,200000,0
aset-0061,5,0,0,1,5881,20,"Lingkungan KH Wahid Hasyim No. 20, Kel. Pusat Pasar Kec. Medan Johor, Kota Medan",3.616299,98.682965,4,1.2269,5,1.3751,3,1.7107,1,2.9112,4,0.7336,0,3.0958,1,2.9984,1,2.6324,2,2.7314,21,2,189500000,2
aset-0062,2,0,0,1,2011,25,"Jl. Sisingamangaraja No. 32, Kel. Suka Maju Kec. Medan Barat, Kota Medan",3.607316,98.627953,0,5.0,0,5.0,0,4.95,0,5.0,0,4.5881,0,4.3334,0,5.0,0,5.0,0,3.6273,0,2,8800000,0
aset-0063,4,2,0,1,805,19,"Komplek Balai Kota No. 3, Kel. Kesawan Kec. Medan Denai, Kota Medan",3.590278,98.714992,0,3.0207,1,2.402,1,2.5943,1,2.6084,2,2.5713,0,5.0,0,4.2163,0,4.4574,0,3.6794,5,2,1000000,1
aset-0064,5,2,2,1,1273,27,"Jl. Jamin Ginting No. 4, Kel. Titi Kuning Kec. Medan Perjuangan, Kota Medan",3.618368,98.678278,3,1.3776,3,1.8368,2,1.1715,1,2.9342,4,0.9783,1,2.9871,0,3.1576,1,2.7339,2,2.9098,17,2,14800000,1
aset-0065,2,2,1,1,971,14,"Jl. Sisingamangaraja No. 32, Kel. Sei Sikambing Kec. Medan Sunggal, Kota Medan",3.590926,98.633532,0,4.0387,0,4.2753,0,4.3945,0,4.1645,0,3.4988,0,3.5215,0,4.8251,0,4.6147,1,2.3921,1,4,1100000,0
aset-0066,6,0,1,2,1359,10,"Jl. Pemuda No. 7, Kel. Bantan Kec. Medan Deli, Kota Medan",3.5996,98.665082,3,1.7006,6,1.062,5,0.7716,1,0.9848,6,1.1787,1,0.5115,1,1.6996,1,1.2645,5,0.7018,29,2,155400000,2
aset-0067,3,0,1,1,2017,7,"Jl. Katamso No. 30, Kel. Bantan Kec. Medan Sunggal, Kota Medan",3.56404,98.621854,0,3.8801,0,5.0,0,5.0,0,4.754,0,5.0,0,4.8711,0,5.0,0,5.0,0,4.6081,0,0,7200000,0
aset-0068,1,2,0,0,1523,22,"Jl. Teuku Cik Ditiro No. 7, Kel. Aur Kec. Medan Selayang, Kota Medan",3.587136,98.707837,1,2.3636,4,1.5348,1,1.939,1,1.7428,3,1.7096,0,4.8337,0,3.437,0,3.7232,3,2.8674,13,2,5300000,1
aset-0069,4,0,1,0,964,22,"Jl. KH Wahid Hasyim No. 20, Kel. Sunggal Kec. Medan Barat, Kota Medan",3.55572,98.663556,1,1.1034,0,4.0906,1,1.3478,1,0.0925,0,3.388,1,0.1633,0,4.0934,0,4.442,0,3.1211,4,0,1900000,1
aset-0070,6,0,0,0,602,25,"Jl. Sutomo No. 16, Kel. Pusat Pasar Kec. Medan Helvetia, Kota Medan",3.54054,98.714526,0,5.0,0,5.0,0,5.0,0,5.0,0,5.0,0,5.0,0,5.0,0,5.0,0,5.0,0,1,600000,0
aset-0071,2,2,0,0,913,22,"Komplek Thamrin No. 5, Kel. Suka Maju Kec. Medan Area, Kota Medan",3.55268,98.633116,1,2.868,0,5.0,0,4.1861,0,3.4032,0,5.0,0,3.5577,0,5.0,0,5.0,0,4.7125,1,1,800000,0
aset-0072,6,0,0,2,2602,24,"Jl. Setiabudi No. 50, Kel. Sunggal Kec. Medan Kota, Kota Medan",3.582315,98.700723,2,2.0206,5,0.6361,5,1.6652,1,0.8578,4,0.8604,0,4.2079,1,2.7679,0,3.1364,5,1.948,23,2,46600000,2
aset-0073,4,0,1,1,2238,8,"Jl. KH Wahid Hasyim No. 50, Kel. Titi Kuning Kec. Medan Helvetia, Kota Medan",3.539362,98.649086,1,2.7644,0,5.0,0,3.7217,1,2.3698,0,5.0,1,2.5578,0,5.0,0,5.0,0,5.0,3,0,7100000,1
aset-0074,6,2,2,1,2620,16,"Jl. KH Wahid Hasyim No. 36, Kel. Titi Kuning Kec. Medan Area, Kota Medan",3.592301,98.680344,3,0.3805,7,0.4832,6,0.3962,2,1.0399,8,0.4178,1,1.7291,1,0.4507,1,0.6224,7,0.2382,36,2,60000000,2
aset-0075,4,0,2,1,2350,15,"Jl. Cut Mutia No. 14, Kel. Merdeka Kec. Medan Helvetia, Kota Medan",3.549609,98.720994,0,5.0,0,4.6146,0,5.0,0,4.7566,0,4.8413,0,5.0,0,5.0,0,5.0,0,4.9982,0,3,4000000,0
aset-0076,6,0,2,1,768,27,"Jl. Teuku Cik Ditiro No. 48, Kel. Titi Kuning Kec. Medan Polonia, Kota Medan",3.58316,98.705494,1,2.3567,3,1.1717,3,1.9576,1,1.3925,3,1.3866,0,4.6827,0,3.2523,0,3.5923,3,2.4798,14,2,12700000,1
aset-0077,1,0,0,0,1751,10,"Jl. Iskandar Muda No. 24, Kel. Sunggal Kec. Medan Kota, Kota Medan",3.556974,98.623965,0,3.7051,0,5.0,0,5.0,0,4.4158,0,5.0,0,4.5553,0,5.0,0,5.0,0,4.9542,0,5,1300000,0
aset-0078,2,0,0,1,13018,20,"Jl. Katamso No. 45, Kel. Gaharu Kec. Medan Marelan, Kota Medan",3.593001,98.68433,3,0.5269,7,0.391,6,0.7401,2,1.4793,8,0.4978,1,2.1567,1,0.8792,1,1.0414,6,0.6861,35,2,3277600000,2
aset-0079,4,0,2,0,3417,20,"Jl. Putri Hijau No. 45, Kel. Polonia Kec. Medan Sunggal, Kota Medan",3.57931,98.715434,0,3.514,1,2.2873,0,3.101,1,2.5076,1,2.5232,0,5.0,0,4.4278,0,4.7753,0,3.4813,3,3,600000,1
aset-0080,3,2,1,0,303,14,"Jl. Gatot Subroto No. 15, Kel. Bantan Kec. Medan Baru, Kota Medan",3.591843,98.698091,3,1.1641,7,1.147,5,0.7376,1,1.2317,7,1.1341,0,3.689,1,2.3495,1,2.5737,5,1.8651,30,2,80500000,2
aset-0081,2,0,0,0,964,9,"Jl. Teuku Cik Ditiro No. 36, Kel. Pandan Selamat Kec. Medan Deli, Kota Medan",3.50978,98.662733,0,5.0,0,5.0,0,5.0,0,5.0,0,5.0,0,5.0,0,5.0,0,5.0,0,5.0,0,3,1500000,0
aset-0082,1,0,0,0,2409,15,"Lorong Sisingamangaraja No. 30, Kel. Sei Sikambing Kec. Medan Labuhan, Kota Medan",3.589527,98.612226,0,5.0,0,5.0,0,5.0,0,5.0,0,5.0,0,5.0,0,5.0,0,5.0,0,4.7473,0,0,2400000,0
aset-0083,2,0,0,0,1060,11,"Jl. Sisingamangaraja No. 24, Kel. Sei Sikambing Kec. Medan Helvetia, Kota Medan",3.596317,98.677211,3,0.7176,7,0.4985,6,0.7284,2,0.7817,8,0.422,1,1.363,1,0.7028,1,0.3558,7,0.4708,36,2,814000000,2
aset-0084,4,0,2,1,734,26,"Jl. Teuku Daud No. 32, Kel. Sikambing Kec. Medan Tembung, Kota Medan",3.598955,98.673328,3,1.0049,6,0.6784,6,0.21,2,0.7108,8,0.9126,1,1.0235,1,1.0759,1,0.5814,7,0.8082,35,2,422300000,2
aset-0085,2,0,0,1,1641,7,"Jl. Thamrin No. 22, Kel. Petisah Tengah Kec. Medan Perjuangan, Kota Medan",3.550067,98.622944,0,4.0232,0,5.0,0,5.0,0,4.555,0,5.0,0,4.7138,0,5.0,0,5.0,0,5.0,0,0,2700000,0
aset-0086,1,0,2,1,719,18,"Jl. Sutomo No. 45, Kel. Aur Kec. Medan Polonia, Kota Medan",3.540891,98.610919,0,5.0,0,5.0,0,5.0,0,5.0,0,5.0,0,5.0,0,5.0,0,5.0,0,5.0,0,3,1900000,0
aset-0087,5,0,2,0,1262,16,"Jl. Imam Bonjol No. 2, Kel. Bantan Kec. Medan Sunggal, Kota Medan",3.531925,98.61895,0,5.0,0,5.0,0,5.0,0,5.0,0,5.0,0,5.0,0,5.0,0,5.0,0,5.0,0,3,500000,0
aset-0088,1,2,0,1,394,27,"Perumahan Setiabudi No. 42, Kel. Padang Bulan Kec. Medan Denai, Kota Medan",3.592115,98.679864,3,0.3289,7,0.429,6,0.3594,2,0.9886,8,0.4501,1,1.6805,1,0.3954,1,0.5791,7,0.1849,36,2,48000000,2
aset-0089,1,2,1,1,2123,8,"Lingkungan Veteran No. 6, Kel. Titi Kuning Kec. Medan Helvetia, Kota Medan",3.614977,98.658662,1,2.4679,1,2.8571,2,1.8377,1,2.8012,3,2.54,1,2.33,0,3.4431,1,2.9543,2,2.5524,12,2,4500000,1
aset-0090,3,0,1,0,3165,21,"Jl. Marelan Raya No. 45, Kel. Sunggal Kec. Medan Denai, Kota Medan",3.598643,98.694065,3,0.7237,7,0.976,6,0.5145,2,1.8544,7,1.0624,0,3.2508,1,2.1237,1,2.1778,6,1.8625,33,2,770800000,2
aset-0091,3,0,2,1,5045,22,"Jl. Imam Bonjol No. 28, Kel. Sikambing Kec. Medan Marelan, Kota Medan",3.574368,98.693175,2,2.42,5,0.8725,6,1.5724,1,0.8489,4,0.96,0,3.7348,1,2.4987,1,2.9722,5,1.0213,25,2,218200000,2
aset-0092,1,2,0,1,1483,19,"Jl. Sutomo No. 34, Kel. Padang Bulan Kec. Medan Kota, Kota Medan",3.605938,98.672778,3,0.6905,6,1.4412,7,0.6328,1,1.4521,7,1.0181,1,1.4914,1,1.8331,1,1.3501,5,1.4294,32,2,192600000,2
aset-0093,2,2,1,0,924,9,"Jl. Ahmad Yani No. 24, Kel. Pusat Pasar Kec. Medan Sunggal, Kota Medan",3.59853,98.66877,3,1.3955,6,0.7118,6,0.409,1,0.6628,6,1.1393,1,0.5736,1,1.3168,1,0.8554,6,0.5109,31,2,79400000,2
aset-0094,5,2,0,1,1047,26,"Jl. Jamin Ginting No. 48, Kel. Petisah Tengah Kec. Medan Petisah, Kota Medan",3.599238,98.693016,3,0.6615,7,0.8487,6,0.5388,2,1.9168,7,1.029,0,3.1446,1,2.0529,1,2.0824,6,1.821,33,2,42000000,2
aset-0095,6,0,1,1,634,25,"Jl. Marelan Raya No. 45, Kel. Jati Kec. Medan Selayang, Kota Medan",3.588719,98.706124,1,2.1209,4,1.443,2,1.6942,1,1.637,4,1.5893,0,4.617,0,3.2353,0,3.5036,3,2.6841,15,2,11000000,1
aset-0096,1,0,0,1,1656,10,"Gang Sisingamangaraja No. 24, Kel. Kesawan Kec. Medan Johor, Kota Medan",3.583856,98.673351,4,0.8406,7,0.7977,7,0.2063,2,1.0497,6,0.1966,1,1.5474,1,0.7942,1,1.1428,7,0.5466,36,2,1563600000,2
aset-0097,3,0,0,0,4731,11,"Jl. Veteran No. 20, Kel. Pasar Merah Kec. Medan Tembung, Kota Medan",3.579964,98.670267,3,1.3922,6,1.2952,7,0.6244,3,1.4518,5,0.5921,2,1.7711,1,1.343,1,1.6468,7,1.097,35,2,906000000,2
aset-0098,4,0,0,2,912,7,"Komplek Teuku Cik Ditiro No. 18, Kel. Aur Kec. Medan Denai, Kota Medan",3.570999,98.671324,2,1.841,6,2.2438,5,0.5777,3,1.98,5,1.5587,2,1.8094,1,2.2048,1,2.59,7,1.4683,32,2,164300000,2
aset-0099,4,0,0,1,1336,18,"Komplek Imam Bonjol No. 16, Kel. Sunggal Kec. Medan Marelan, Kota Medan",3.613871,98.693959,3,1.8767,2,1.1876,3,2.1649,0,3.4464,4,0.691,0,3.8382,0,3.2539,0,3.0511,1,2.9775,13,2,49700000,1
aset-0100,2,2,1,1,3330,22,"Blok Ahmad Yani No. 40, Kel. Sunggal Kec. Medan Labuhan, Kota Medan",3.581081,98.708442,1,2.7573,3,1.4952,1,2.3571,1,1.7167,2,1.7269,0,5.0,0,3.6275,0,3.9796,2,2.7402,10,2,3800000,1
aset-0101,6,0,1,1,590,9,"Lorong Setiabudi No. 10, Kel. Gaharu Kec. Medan Baru, Kota Medan",3.640505,98.674568,1,1.1849,0,4.22,1,1.6608,0,5.0,0,3.4663,0,5.0,0,5.0,0,5.0,0,5.0,2,5,1800000,0
aset-0102,5,0,1,1,3340,27,"Jl. Yos Sudarso No. 18, Kel. Suka Maju Kec. Medan Barat, Kota Medan",3.563021,98.687567,0,3.1756,3,2.2659,4,2.1907,2,2.1949,3,2.302,1,2.6233,0,3.221,0,3.7164,3,1.4035,16,2,60700000,1
aset-0103,4,2,2,1,535,27,"Jl. Marelan Raya No. 34, Kel. Aur Kec. Medan Tembung, Kota Medan",3.543557,98.699057,0,5.0,0,4.2983,0,4.3214,0,4.1217,0,4.4371,0,4.025,0,5.0,0,5.0,0,3.8899,0,4,100000,0
aset-0104,3,2,1,0,2020,15,"Jl. Thamrin No. 40, Kel. Pasar Merah Kec. Medan Maimun, Kota Medan",3.524923,98.681622,0,5.0,0,5.0,0,4.917,0,3.8817,0,5.0,0,3.9172,0,5.0,0,5.0,0,5.0,0,1,200000,0
aset-0105,4,2,2,1,397,10,"Jl. HM Yamin No. 22, Kel. Suka Maju Kec. Medan Marelan, Kota Medan",3.544365,98.715779,0,5.0,0,4.7782,0,5.0,0,4.8892,0,4.9847,0,5.0,0,5.0,0,5.0,0,4.9191,0,4,100000,0
aset-0106,6,2,0,0,1316,7,"Jl. Marelan Raya No. 4, Kel. Polonia Kec. Medan Petisah, Kota Medan",3.627013,98.701098,1,2.2983,1,2.8468,0,3.342,0,5.0,3,2.1885,0,5.0,0,4.9082,0,4.6758,0,4.6306,5,2,3300000,1
aset-0107,2,2,0,2,2147,12,"Jl. Sisingamangaraja No. 8, Kel. Petisah Tengah Kec. Medan Area, Kota Medan",3.555863,98.619099,0,4.2586,0,5.0,0,5.0,0,4.951,0,5.0,0,5.0,0,5.0,0,5.0,0,5.0,0,1,1300000,0
aset-0108,2,2,2,0,201,15,"Jl. Sisingamangaraja No. 32, Kel. Titi Kuning Kec. Medan Tembung, Kota Medan",3.633313,98.719168,0,4.2381,0,4.6771,0,5.0,0,5.0,0,3.8122,0,5.0,0,5.0,0,5.0,0,5.0,0,4,500000,0
aset-0109,4,2,0,1,423,26,"Jl. Putri Hijau No. 6, Kel. Jati Kec. Medan Barat, Kota Medan",3.59531,98.675576,3,0.6545,7,0.371,6,0.6822,2,0.5691,8,0.6068,1,1.1742,1,0.6112,1,0.1591,7,0.4521,36,2,83400000,2
aset-0110,4,0,1,0,792,13,"Jl. Gatot Subroto No. 28, Kel. Aur Kec. Medan Denai, Kota Medan",3.569465,98.621849,0,3.9449,0,5.0,0,5.0,0,4.9189,0,5.0,0,5.0,0,5.0,0,5.0,0,4.2725,0,2,2200000,0
aset-0111,1,0,0,0,4059,15,"Jl. Balai Kota No. 15, Kel. Merdeka Kec. Medan Tembung, Kota Medan",3.627669,98.674662,2,0.8524,1,2.9231,1,0.4468,0,3.8764,2,2.0868,0,3.7876,0,4.1966,0,3.744,0,3.8161,6,5,5200000,1
aset-0112,2,2,1,1,1546,22,"Jl. HM Yamin No. 24, Kel. Merdeka Kec. Medan Kota, Kota Medan",3.568012,98.689047,1,2.7302,3,1.6899,6,1.7551,1,1.6161,3,1.7234,1,2.9843,1,2.7866,0,3.2834,5,0.9734,21,2,14000000,2
aset-0113,5,0,0,1,3466,22,"Jl. Ahmad Yani No. 34, Kel. Sei Sikambing Kec. Medan Helvetia, Kota Medan",3.606877,98.642651,0,4.035,0,3.604,0,3.3381,0,3.504,0,3.1784,1,2.8098,0,4.2488,0,3.8649,1,2.4144,2,0,3400000,1
aset-0114,6,2,0,0,663,23,"Jl. Teuku Cik Ditiro No. 42, Kel. Bantan Kec. Medan Denai, Kota Medan",3.613879,98.682045,4,0.939,6,1.188,5,1.8218,1,2.6253,5,0.4466,1,2.8258,1,2.7136,1,2.3446,4,2.4481,28,2,33300000,2
aset-0115,4,0,0,1,3096,26,"Jl. Gatot Subroto No. 48, Kel. Sei Sikambing Kec. Medan Selayang, Kota Medan",3.618032,98.659712,2,2.5242,0,3.0995,2,1.5344,0,3.0523,2,2.5256,1,2.6274,0,3.6601,0,3.1653,1,2.8261,8,5,9100000,1
aset-0116,5,2,0,1,493,10,"Jl. Gatot Subroto No. 42, Kel. Gaharu Kec. Medan Perjuangan, Kota Medan",3.513432,98.63622,0,5.0,0,5.0,0,5.0,0,5.0,0,5.0,0,5.0,0,5.0,0,5.0,0,5.0,0,1,500000,0
aset-0117,1,0,0,1,3852,7,"Jl. Diponegoro No. 12, Kel. Sunggal Kec. Medan Johor, Kota Medan",3.595287,98.695843,3,0.8378,7,1.3871,6,0.4353,2,1.5108,7,1.4022,0,3.4229,1,2.1722,1,2.3175,5,1.7914,32,2,536600000,2
aset-0118,2,0,2,1,1497,23,"Jl. Setiabudi No. 15, Kel. Jati Kec. Medan Labuhan, Kota Medan",3.598671,98.68429,3,0.5609,7,0.8153,6,0.9732,2,1.6041,8,0.4707,1,2.1793,1,1.2587,1,1.1544,6,0.9872,35,2,259200000,2
aset-0119,4,2,0,1,1608,13,"Jl. Sutomo No. 25, Kel. Polonia Kec. Medan Helvetia, Kota Medan",3.557023,98.672536,1,1.8685,0,3.635,3,1.2182,1,1.0086,0,3.1115,1,0.844,0,3.7002,0,4.1207,2,2.373,8,5,4800000,1
aset-0120,3,0,1,2,2762,14,"Jl. Sisingamangaraja No. 34, Kel. Suka Maju Kec. Medan Tembung, Kota Medan",3.585962,98.698303,2,1.543,6,0.5731,5,1.1793,1,0.7352,6,0.6744,0,3.8301,1,2.4064,1,2.7362,5,1.813,27,2,551700000,2
aset-0121,3,2,0,2,587,9,"Jl. Sisingamangaraja No. 8, Kel. Sunggal Kec. Medan Selayang, Kota Medan",3.549294,98.689655,0,3.952,0,3.6848,0,3.1068,1,2.9472,0,3.7663,1,2.836,0,4.7392,0,5.0,1,2.9397,3,1,200000,0
aset-0122,6,0,0,1,1872,9,"Jl. Jamin Ginting No. 2, Kel. Gaharu Kec. Medan Kota, Kota Medan",3.606518,98.621643,0,5.0,0,5.0,0,5.0,0,5.0,0,5.0,0,4.9791,0,5.0,0,5.0,0,4.183,0,3,1200000,0
aset-0123,5,0,1,1,808,18,"Jl. Setiabudi No. 22, Kel. Pandan Selamat Kec. Medan Deli, Kota Medan",3.542751,98.689463,0,4.2674,0,4.4074,0,3.5979,0,3.1623,0,4.4927,0,3.0889,0,5.0,0,5.0,0,3.6497,0,2,4100000,0
aset-0124,3,2,0,1,760,23,"Jl. Gatot Subroto No. 2, Kel. Bantan Kec. Medan Kota, Kota Medan",3.620386,98.635295,0,5.0,0,5.0,0,4.0111,0,4.9973,0,4.8007,0,4.3399,0,5.0,0,5.0,0,4.1185,0,1,300000,0
aset-0125,6,0,0,0,1674,26,"Jl. Gatot Subroto No. 1, Kel. Titi Kuning Kec. Medan Sunggal, Kota Medan",3.582282,98.634992,0,3.2333,0,4.2764,0,4.0381,0,4.17,0,3.4129,0,3.618,0,4.7403,0,4.6272,1,2.3427,1,2,3800000,0
aset-0126,1,2,0,1,226,11,"Jl. Pemuda No. 10, Kel. Pusat Pasar Kec. Medan Denai, Kota Medan",3.535903,98.676734,0,3.7381,0,5.0,0,3.5912,1,2.5602,0,5.0,1,2.5865,0,5.0,0,5.0,0,4.4305,2,1,200000,1
aset-0127,2,0,2,0,11653,26,"Jl. Gatot Subroto No. 32, Kel. Pulo Brayan Kec. Medan Polonia, Kota Medan",3.576113,98.646362,1,1.8622,0,3.409,1,2.6064,0,3.044,1,2.5162,1,2.9476,0,3.7343,0,3.7492,1,1.724,5,0,12200000,1
aset-0128,6,2,1,1,932,12,"Jl. Sisingamangaraja No. 10, Kel. Petisah Tengah Kec. Medan Area, Kota Medan",3.534413,98.612453,0,5.0,0,5.0,0,5.0,0,5.0,0,5.0,0,5.0,0,5.0,0,5.0,0,5.0,0,1,200000,1
aset-0129,2,0,1,1,3107,8,"Jl. Teuku Cik Ditiro No. 16, Kel. Pusat Pasar Kec. Medan Labuhan, Kota Medan",3.537717,98.648126,1,2.9716,0,5.0,0,3.9328,1,2.5765,0,5.0,1,2.7641,0,5.0,0,5.0,0,5.0,3,0,13200000,0
aset-0130,4,0,0,0,2741,25,"Jl. Sisingamangaraja No. 15, Kel. Jati Kec. Medan Barat, Kota Medan",3.606713,98.688416,4,1.048,7,0.196,6,1.4151,2,2.4619,6,0.4911,1,2.9068,1,2.2492,1,2.0531,4,1.9723,32,2,286900000,2
aset-0131,6,2,0,1,650,8,"Jl. KH Wahid Hasyim No. 4, Kel. Sei Sikambing Kec. Medan Selayang, Kota Medan",3.528325,98.671283,0,4.1773,0,5.0,0,4.3159,0,3.0725,0,5.0,0,3.1553,0,5.0,0,5.0,0,5.0,0,1,100000,0
aset-0132,3,0,0,0,1415,22,"Jl. Gatot Subroto No. 16, Kel. Pasar Merah Kec. Medan Barat, Kota Medan",3.635598,98.681627,1,0.406,0,3.475,1,1.5905,0,4.8812,1,2.8472,0,4.8768,0,5.0,0,4.6835,0,4.8406,3,0,10100000,1
aset-0133,6,2,2,2,474,10,"Jl. KH Wahid Hasyim No. 45, Kel. Padang Bulan Kec. Medan Sunggal, Kota Medan",3.532951,98.615035,0,5.0,0,5.0,0,5.0,0,5.0,0,5.0,0,5.0,0,5.0,0,5.0,0,5.0,0,4,300000,0
aset-0134,4,2,1,0,457,18,"Jl. Setiabudi No. 50, Kel. Polonia Kec. Medan Selayang, Kota Medan",3.593393,98.649348,0,3.1924,3,2.5143,1,2.6286,1,2.4033,2,1.8044,1,1.7462,0,3.0919,1,2.8476,2,0.795,11,2,1700000,1
aset-0135,6,2,0,1,396,21,"Jl. HM Yamin No. 28, Kel. Merdeka Kec. Medan Area, Kota Medan",3.535815,98.677855,0,3.8207,0,5.0,0,3.636,1,2.6403,0,5.0,1,2.6595,0,5.0,0,5.0,0,4.4195,2,1,200000,1
aset-0136,6,0,0,1,1574,28,"Jl. Marelan Raya No. 10, Kel. Polonia Kec. Medan Barat, Kota Medan",3.561891,98.624049,0,3.6368,0,5.0,0,4.9106,0,4.4686,0,5.0,0,4.5917,0,5.0,0,5.0,0,4.5699,0,5,2300000,0
aset-0137,5,0,0,1,2046,28,"Jl. Cut Mutia No. 3, Kel. Gaharu Kec. Medan Denai, Kota Medan",3.618305,98.649116,0,3.5876,0,3.7904,1,2.5749,0,3.7169,0,3.6569,0,3.1341,0,4.4138,0,3.944,0,3.3234,1,5,2500000,0
aset-0138,1,2,1,1,334,9,"Jl. Imam Bonjol No. 20, Kel. Jati Kec. Medan Deli, Kota Medan",3.616529,98.654901,1,2.9194,0,3.232,2,2.0739,0,3.1681,1,2.9859,1,2.6433,0,3.8362,0,3.3542,1,2.8963,6,2,400000,1
aset-0139,2,2,0,0,399,8,"Lorong Veteran No. 15, Kel. Kesawan Kec. Medan Deli, Kota Medan",3.590018,98.666009,3,1.3197,6,0.7429,7,1.2667,1,0.6455,6,0.1593,1,0.5651,1,1.2197,1,1.0916,7,0.4948,33,2,33000000,2
aset-0140,3,0,0,1,586,9,"Blok Katamso No. 18, Kel. Gaharu Kec. Medan Helvetia, Kota Medan",3.577839,98.676641,3,1.3484,6,1.3321,7,0.6021,3,1.7983,5,0.9483,2,2.3044,1,1.3528,1,1.8062,7,0.854,35,2,253500000,2
aset-0141,6,0,1,1,1570,6,"Blok Imam Bonjol No. 6, Kel. Sunggal Kec. Medan Perjuangan, Kota Medan",3.546187,98.670934,1,2.4404,0,4.795,1,2.3371,1,1.2583,0,4.3175,1,1.2745,0,4.9181,0,5.0,0,3.5224,4,2,6400000,1
aset-0142,6,0,2,1,3067,25,"Jl. Ahmad Yani No. 45, Kel. Pusat Pasar Kec. Medan Kota, Kota Medan",3.582793,98.69941,2,1.8837,6,0.4973,5,1.5398,1,0.7168,4,0.7118,0,4.0528,1,2.613,1,2.9819,5,1.8316,25,2,106300000,2
aset-0143,3,0,0,1,728,25,"Jl. Sisingamangaraja No. 6, Kel. Pulo Brayan Kec. Medan Tembung, Kota Medan",3.541246,98.65344,1,2.4475,0,5.0,0,3.2882,1,1.8978,0,5.0,1,2.0827,0,5.0,0,5.0,0,5.0,3,0,1800000,0
aset-0144,3,0,1,1,1748,18,"Jl. Teuku Daud No. 22, Kel. Pusat Pasar Kec. Medan Petisah, Kota Medan",3.585367,98.701023,2,1.8134,5,0.7661,5,1.4262,1,0.9659,4,0.9285,0,4.1387,1,2.7153,0,3.0433,5,2.1166,23,2,66500000,2
aset-0145,3,0,0,1,4883,21,"Jl. Iskandar Muda No. 48, Kel. Sikambing Kec. Medan Marelan, Kota Medan",3.55009,98.622859,0,4.0311,0,5.0,0,5.0,0,4.5641,0,5.0,0,4.7228,0,5.0,0,5.0,0,5.0,0,0,7700000,0
aset-0146,1,2,1,1,420,8,"Jl. Yos Sudarso No. 15, Kel. Bantan Kec. Medan Area, Kota Medan",3.543194,98.66016,1,2.2336,0,5.0,1,2.7864,1,1.3596,0,4.8307,1,1.5219,0,5.0,0,5.0,0,4.4191,4,4,400000,1
aset-0147,2,0,1,1,2268,25,"Jl. Cut Mutia No. 34, Kel. Polonia Kec. Medan Barat, Kota Medan",3.538205,98.699139,0,5.0,0,4.8914,0,4.7111,0,4.3491,0,5.0,0,4.2743,0,5.0,0,5.0,0,4.4374,0,3,1500000,0
aset-0148,6,2,0,1,318,13,"Jl. KH Wahid Hasyim No. 20, Kel. Pusat Pasar Kec. Medan Helvetia, Kota Medan",3.573476,98.681035,3,1.8592,6,1.6297,6,0.9034,3,1.6314,5,1.6271,2,2.6349,1,1.8912,1,2.3785,6,0.3657,33,2,24300000,2
aset-0149,6,2,2,1,2011,6,"Jl. KH Wahid Hasyim No. 50, Kel. Merdeka Kec. Medan Helvetia, Kota Medan",3.633921,98.663044,1,2.004,0,4.244,1,1.2471,0,4.6351,0,3.3235,0,4.3332,0,5.0,0,4.6331,0,4.4729,2,4,1400000,0
aset-0150,2,2,0,1,507,10,"Lorong Cut Mutia No. 1, Kel. Pulo Brayan Kec. Medan Deli, Kota Medan",3.539516,98.695207,0,4.9988,0,4.7241,0,4.2962,0,3.8927,0,4.8414,0,3.8208,0,5.0,0,5.0,0,4.151,0,1,200000,0
aset-0151,4,0,0,1,355,11,"Jl. Teuku Daud No. 32, Kel. Petisah Tengah Kec. Medan Helvetia, Kota Medan",3.557802,98.684194,0,3.0947,1,2.9458,3,2.0679,2,2.2972,1,2.9674,1,2.1396,0,3.6682,0,4.1523,2,1.9237,10,0,5100000,1
aset-0152,6,0,1,1,1114,24,"Jl. Yos Sudarso No. 18, Kel. Polonia Kec. Medan Tembung, Kota Medan",3.589311,98.672629,3,0.5886,7,0.2417,7,0.7079,2,0.4483,7,0.4844,1,1.0569,1,0.4911,1,0.5841,7,0.4015,36,2,274000000,2
aset-0153,1,0,1,0,160,10,"Blok Putri Hijau No. 1, Kel. Pulo Brayan Kec. Medan Deli, Kota Medan",3.571746,98.671016,2,1.8534,6,2.1664,5,0.625,3,2.0416,5,1.4778,2,1.8739,1,2.1356,1,2.5137,7,1.4777,32,2,43900000,2
aset-0154,6,2,1,2,1156,12,"Jl. Teuku Cik Ditiro No. 14, Kel. Gaharu Kec. Medan Sunggal, Kota Medan",3.595075,98.618317,0,5.0,0,5.0,0,5.0,0,5.0,0,5.0,0,5.0,0,5.0,0,5.0,0,4.1266,0,1,200000,0
aset-0155,5,0,1,1,7238,27,"Jl. Diponegoro No. 45, Kel. Pandan Selamat Kec. Medan Helvetia, Kota Medan",3.593973,98.713958,1,2.8532,1,2.4898,1,2.4375,1,2.68,2,2.5307,0,5.0,0,4.1252,0,4.3234,0,3.6304,6,2,23100000,1
aset-0156,6,0,1,1,6544,17,"Jl. Thamrin No. 1, Kel. Suka Maju Kec. Medan Baru, Kota Medan",3.59873,98.700779,3,1.428,5,1.5803,4,1.0819,1,2.0508,6,1.1592,0,3.9922,1,2.8118,1,2.9088,3,2.4586,24,2,264500000,2
aset-0157,4,2,0,1,902,28,"Perumahan Teuku Cik Ditiro No. 45, Kel. Merdeka Kec. Medan Johor, Kota Medan",3.5696,98.686252,2,2.4401,5,1.6863,6,1.456,2,1.569,4,1.6676,1,2.8018,1,2.4899,1,2.9867,5,0.6649,27,2,34500000,2
aset-0158,6,2,1,0,2177,13,"Jl. Marelan Raya No. 40, Kel. Pulo Brayan Kec. Medan Maimun, Kota Medan",3.632647,98.708403,0,3.0418,0,3.818,0,4.216,0,5.0,0,3.0668,0,5.0,0,5.0,0,5.0,0,5.0,0,1,200000,0
aset-0159,6,2,0,1,615,14,"Jl. Sudirman No. 1, Kel. Bantan Kec. Medan Sunggal, Kota Medan",3.536652,98.691596,0,4.8473,0,5.0,0,4.2714,0,3.7016,0,5.0,0,3.6525,0,5.0,0,5.0,0,4.3597,0,1,200000,1
aset-0160,6,0,2,1,1778,7,"Jl. Cut Mutia No. 40, Kel. Gaharu Kec. Medan Labuhan, Kota Medan",3.572303,98.64407,1,1.751,0,3.8605,1,2.7204,1,2.9139,1,2.9735,1,2.9465,0,4.1506,0,4.1955,1,2.2177,6,3,3300000,1
aset-0161,1,0,0,1,1455,7,"Jl. Sudirman No. 40, Kel. Aur Kec. Medan Polonia, Kota Medan",3.571959,98.647926,1,1.4008,0,3.5513,1,2.295,1,2.5812,1,2.6797,1,2.5961,0,3.7993,0,3.8774,1,2.0511,6,2,4600000,1
aset-0162,5,0,1,0,745,7,"Jl. Katamso No. 25, Kel. Sei Sikambing Kec. Medan Denai, Kota Medan",3.606974,98.618737,0,5.0,0,5.0,0,5.0,0,5.0,0,5.0,0,5.0,0,5.0,0,5.0,0,4.4933,0,2,1800000,1
aset-0163,3,0,1,0,3972,13,"Jl. Sudirman No. 1, Kel. Sei Sikambing Kec. Medan Helvetia, Kota Medan",3.587622,98.700487,2,1.6174,6,0.8726,5,1.2133,1,1.0397,5,0.9769,0,4.0227,1,2.6198,1,2.916,5,2.0527,26,2,85100000,2
aset-0164,5,0,2,1,836,7,"Jl. Jamin Ginting No. 3, Kel. Kesawan Kec. Medan Labuhan, Kota Medan",3.565117,98.629555,0,3.0328,0,5.0,0,4.2717,0,3.9561,0,4.7461,0,4.0622,0,5.0,0,5.0,0,3.8764,0,3,800000,0
aset-0165,4,2,0,1,102,13,"Jl. Thamrin No. 20, Kel. Gaharu Kec. Medan Polonia, Kota Medan",3.623868,98.676087,2,1.0559,1,2.4798,2,0.6123,0,3.4785,3,1.6356,0,3.4377,0,3.7673,0,3.3234,0,3.4403,8,2,200000,1
aset-0166,5,0,0,0,1607,9,"Perumahan Marelan Raya No. 45, Kel. Pasar Merah Kec. Medan Baru, Kota Medan",3.512221,98.631081,0,5.0,0,5.0,0,5.0,0,5.0,0,5.0,0,5.0,0,5.0,0,5.0,0,5.0,0,0,2900000,0
aset-0167,3,2,0,1,2285,7,"Jl. Sisingamangaraja No. 40, Kel. Gaharu Kec. Medan Maimun, Kota Medan",3.582267,98.696227,2,1.7239,7,0.1394,5,1.4389,1,0.3594,5,0.3673,0,3.7436,1,2.3005,1,2.6929,5,1.4856,27,2,93800000,2
aset-0168,2,0,0,0,3144,12,"Jl. KH Wahid Hasyim No. 48, Kel. Sei Sikambing Kec. Medan Polonia, Kota Medan",3.586552,98.638927,0,3.2852,0,3.7397,0,3.8906,0,3.6308,1,2.9062,0,3.0421,0,4.2425,0,4.088,1,1.8043,2,2,3900000,0
aset-0169,4,2,1,0,673,21,"Jl. Iskandar Muda No. 5, Kel. Gaharu Kec. Medan Selayang, Kota Medan",3.587648,98.685601,3,0.8906,7,0.272,6,0.7331,2,1.0337,8,0.0774,1,2.428,1,0.9897,1,1.3722,6,0.4061,35,2,83200000,2
aset-0170,5,0,0,0,1319,26,"Jl. Yos Sudarso No. 45, Kel. Padang Bulan Kec. Medan Tembung, Kota Medan",3.588371,98.632547,0,3.8991,0,4.4085,0,4.5749,0,4.2984,0,3.6022,0,3.6762,0,4.9366,0,4.7527,1,2.4928,1,2,5100000,0
aset-0171,3,2,2,1,764,16,"Jl. Jamin Ginting No. 15, Kel. Gaharu Kec. Medan Area, Kota Medan",3.591969,98.687214,3,0.4213,7,0.4501,6,0.6011,2,1.2811,8,0.5051,1,2.4881,1,1.1545,1,1.3741,6,0.8001,35,2,64900000,2
aset-0172,2,0,0,1,446,11,"Lingkungan Jamin Ginting No. 15, Kel. Polonia Kec. Medan Perjuangan, Kota Medan",3.538195,98.669264,0,3.0856,0,5.0,0,3.206,1,1.9574,0,5.0,1,2.0355,0,5.0,0,5.0,0,4.4134,2,2,1400000,0
aset-0173,2,0,0,0,1061,22,"Gang Gatot Subroto No. 2, Kel. Polonia Kec. Medan Kota, Kota Medan",3.58177,98.708347,1,2.7045,3,1.4814,1,2.301,1,1.7034,2,1.7087,0,5.0,0,3.5972,0,3.9427,3,2.7455,11,2,15400000,1
aset-0174,3,2,2,1,2166,9,"Jl. Setiabudi No. 22, Kel. Sunggal Kec. Medan Area, Kota Medan",3.601378,98.703538,2,1.809,4,1.7708,1,1.4915,1,2.4517,6,1.1145,0,4.3352,0,3.2054,0,3.2716,2,2.8757,16,2,9700000,1
aset-0175,5,2,1,0,1024,15,"Jl. Jamin Ginting No. 50, Kel. Petisah Tengah Kec. Medan Area, Kota Medan",3.57502,98.667536,2,1.7905,5,1.9163,6,0.8932,3,2.036,5,1.2153,2,2.1335,1,1.9692,1,2.2673,7,1.7221,32,2,172300000,2
aset-0176,5,0,0,1,2959,16,"Jl. Gatot Subroto No. 20, Kel. Aur Kec. Medan Perjuangan, Kota Medan",3.585192,98.709422,1,2.6142,3,1.6394,1,2.1931,1,1.8567,3,1.8387,0,5.0,0,3.6376,0,3.9436,1,2.9649,10,2,15200000,1
aset-0177,3,2,0,0,339,19,"Lorong Jamin Ginting No. 45, Kel. Gaharu Kec. Medan Area, Kota Medan",3.587623,98.646931,1,2.9489,1,2.8456,0,3.1188,1,2.7372,2,2.0111,1,2.1665,0,3.3474,0,3.1947,2,0.9085,8,2,700000,1
aset-0178,1,0,0,1,796,8,"Jl. Balai Kota No. 1, Kel. Pulo Brayan Kec. Medan Barat, Kota Medan",3.586455,98.711169,1,2.734,1,1.8615,1,2.3077,1,2.0763,3,2.0526,0,5.0,0,3.8124,0,4.1006,0,3.195,7,2,2900000,1
aset-0179,3,0,0,0,5382,23,"Jl. Iskandar Muda No. 5, Kel. Padang Bulan Kec. Medan Petisah, Kota Medan",3.581872,98.635677,0,3.1463,0,4.2167,0,3.95,0,4.1107,0,3.3493,0,3.5666,0,4.6741,0,4.5676,1,2.2862,1,0,17100000,1
aset-0180,6,0,1,1,821,26,"Jl. Thamrin No. 34, Kel. Pusat Pasar Kec. Medan Marelan, Kota Medan",3.604887,98.628294,0,5.0,0,5.0,0,4.877,0,4.9202,0,4.44,0,4.2192,0,5.0,0,5.0,0,3.4503,0,5,1500000,1
aset-0181,4,0,0,1,909,13,"Jl. Sisingamangaraja No. 45, Kel. Bantan Kec. Medan Timur, Kota Medan",3.53591,98.6122,0,5.0,0,5.0,0,5.0,0,5.0,0,5.0,0,5.0,0,5.0,0,5.0,0,5.0,0,0,2300000,0
aset-0182,4,0,1,1,2718,21,"Blok Jamin Ginting No. 24, Kel. Polonia Kec. Medan Maimun, Kota Medan",3.584755,98.687592,3,1.2084,7,0.6244,7,0.8114,2,0.6738,8,0.4615,1,2.7539,1,1.3122,1,1.7348,6,0.6689,36,2,245600000,2
aset-0183,2,0,2,1,662,27,"Jl. KH Wahid Hasyim No. 45, Kel. Pusat Pasar Kec. Medan Helvetia, Kota Medan",3.560633,98.682367,1,2.8496,1,2.7587,4,1.7446,2,2.1676,2,2.7528,1,1.9951,0,3.3193,0,3.7992,3,1.6176,14,3,7500000,1
aset-0184,3,0,2,1,3812,19,"Komplek Cut Mutia No. 28, Kel. Pasar Merah Kec. Medan Marelan, Kota Medan",3.548809,98.681171,0,3.1314,0,3.9971,1,2.4956,1,2.0538,0,4.0222,1,1.9647,0,4.6036,0,5.0,1,2.9391,4,3,900000,1
aset-0185,3,2,0,1,1031,14,"Jl. Diponegoro No. 36, Kel. Petisah Tengah Kec. Medan Tembung, Kota Medan",3.496526,98.6651,0,5.0,0,5.0,0,5.0,0,5.0,0,5.0,0,5.0,0,5.0,0,5.0,0,5.0,0,1,200000,0
aset-0186,1,2,0,1,212,28,"Jl. Thamrin No. 14, Kel. Bantan Kec. Medan Polonia, Kota Medan",3.579826,98.676355,4,1.1332,6,1.1704,7,0.3836,2,1.5808,5,0.7514,2,2.1059,1,1.1335,1,1.5832,7,0.9097,35,2,28900000,2
aset-0187,4,0,1,1,1851,15,"Perumahan Iskandar Muda No. 48, Kel. Gaharu Kec. Medan Baru, Kota Medan",3.513835,98.668461,0,5.0,0,5.0,0,5.0,0,4.5967,0,5.0,0,4.7042,0,5.0,0,5.0,0,5.0,0,5,1300000,0
aset-0188,3,0,1,1,4939,26,"Jl. Jamin Ginting No. 22, Kel. Merdeka Kec. Medan Denai, Kota Medan",3.557495,98.686441,0,3.3461,1,2.8856,2,2.3034,2,2.5403,1,2.928,1,2.3854,0,3.7632,0,4.2531,2,1.9778,9,0,11000000,1
aset-0189,3,0,1,1,1048,11,"Lingkungan Sutomo No. 18, Kel. Sei Sikambing Kec. Medan Petisah, Kota Medan",3.504458,98.686387,0,5.0,0,5.0,0,5.0,0,5.0,0,5.0,0,5.0,0,5.0,0,5.0,0,5.0,0,0,3000000,0
aset-0190,6,2,0,1,386,15,"Jl. Katamso No. 7, Kel. Pasar Merah Kec. Medan Labuhan, Kota Medan",3.530411,98.702784,0,5.0,0,5.0,0,5.0,0,5.0,0,5.0,0,5.0,0,5.0,0,5.0,0,5.0,0,1,500000,0
aset-0191,1,0,0,2,2274,15,"Jl. Setiabudi No. 10, Kel. Pasar Merah Kec. Medan Perjuangan, Kota Medan",3.608451,98.681517,4,0.3903,6,0.8154,7,1.3917,1,2.077,7,0.1815,1,2.3658,1,2.112,1,1.7621,4,1.8441,32,2,872400000,2
aset-0192,2,0,2,1,5783,27,"Jl. Pemuda No. 16, Kel. Petisah Tengah Kec. Medan Perjuangan, Kota Medan",3.590244,98.658611,2,2.141,5,1.5171,6,1.8596,1,1.4086,4,0.7224,1,0.8845,1,2.0409,1,1.8661,5,0.424,26,2,147800000,2
aset-0193,2,2,1,1,551,17,"Perumahan Thamrin No. 40, Kel. Merdeka Kec. Medan Area, Kota Medan",3.500418,98.652061,0,5.0,0,5.0,0,5.0,0,5.0,0,5.0,0,5.0,0,5.0,0,5.0,0,5.0,0,4,300000,0
aset-0194,2,2,0,1,302,16,"Jl. Putri Hijau No. 28, Kel. Pusat Pasar Kec. Medan Tembung, Kota Medan",3.559596,98.689702,0,3.6152,1,2.5596,2,2.5453,2,2.5179,1,2.628,1,2.7704,0,3.6628,0,4.1589,2,1.8402,9,1,600000,1
aset-0195,6,0,0,1,894,19,"Komplek Sudirman No. 22, Kel. Pulo Brayan Kec. Medan Johor, Kota Medan",3.523147,98.684169,0,5.0,0,5.0,0,5.0,0,4.1985,0,5.0,0,4.2274,0,5.0,0,5.0,0,5.0,0,5,4400000,1
aset-0196,4,0,0,1,1682,8,"Blok Imam Bonjol No. 7, Kel. Sei Sikambing Kec. Medan Johor, Kota Medan",3.599083,98.680292,3,0.7824,7,0.9205,6,0.9301,2,1.2333,8,0.3517,1,1.7568,1,1.0741,1,0.8151,6,0.7998,35,2,229800000,2
aset-0197,6,0,0,1,1303,22,"Jl. Sutomo No. 30, Kel. Sunggal Kec. Medan Barat, Kota Medan",3.573416,98.679415,3,1.8406,6,1.6698,6,0.9269,3,1.7844,5,1.5285,2,2.5119,1,1.8634,1,2.3407,6,0.5318,33,2,250600000,2
aset-0198,4,0,0,0,1484,10,"Jl. Setiabudi No. 16, Kel. Aur Kec. Medan Marelan, Kota Medan",3.598485,98.679311,3,0.8363,7,0.8094,6,0.8361,2,1.1058,8,0.3339,1,1.6348,1,0.9778,1,0.6911,7,0.7097,36,2,988300000,2
aset-0199,1,0,1,1,1463,23,"Jl. Marelan Raya No. 4, Kel. Titi Kuning Kec. Medan Sunggal, Kota Medan",3.603542,98.673799,3,0.6387,6,1.1891,7,0.4121,1,1.2127,7,1.0744,1,1.3622,1,1.5472,1,1.0694,5,1.2409,32,2,263500000,2
aset-0200,2,2,0,1,933,15,"Jl. Imam Bonjol No. 7, Kel. Bantan Kec. Medan Selayang, Kota Medan",3.542125,98.623352,0,4.3781,0,5.0,0,5.0,0,4.6978,0,5.0,0,4.8728,0,5.0,0,5.0,0,5.0,0,1,300000,0
aset-0201,4,0,2,1,1731,6,"Blok Cut Mutia No. 3, Kel. Aur Kec. Medan Timur, Kota Medan",3.601001,98.628892,0,5.0,0,4.866,0,4.7846,0,4.7569,0,4.2235,0,4.0623,0,5.0,0,5.0,0,3.1899,0,3,1200000,0
aset-0202,3,2,0,0,1743,27,"Jl. Setiabudi No. 34, Kel. Pulo Brayan Kec. Medan Johor, Kota Medan",3.554727,98.693208,0,4.1439,0,3.0391,0,3.1127,0,3.0327,0,3.1439,0,3.1337,0,4.3149,0,4.8118,2,2.4897,2,1,500000,0
aset-0203,5,2,0,1,713,9,"Jl. Teuku Daud No. 32, Kel. Kesawan Kec. Medan Kota, Kota Medan",3.52926,98.653864,0,3.7658,0,5.0,0,4.4801,0,3.0529,0,5.0,0,3.22,0,5.0,0,5.0,0,5.0,0,1,100000,0
aset-0204,2,2,0,2,858,20,"Jl. Veteran No. 5, Kel. Pandan Selamat Kec. Medan Maimun, Kota Medan",3.578277,98.698356,2,2.2262,4,0.5569,5,1.937,1,0.7244,3,0.7932,0,4.1426,1,2.7049,0,3.1266,5,1.5849,21,2,32900000,2
aset-0205,1,0,0,1,4799,24,"Jl. Cut Mutia No. 30, Kel. Bantan Kec. Medan Timur, Kota Medan",3.573453,98.677648,3,1.829,6,1.7231,6,0.9793,3,1.9509,5,1.4288,2,2.3951,1,1.8413,1,2.3035,6,0.7176,33,2,1038500000,2
aset-0206,6,0,1,0,2147,11,"Jl. Thamrin No. 14, Kel. Petisah Tengah Kec. Medan Labuhan, Kota Medan",3.527868,98.666403,0,4.0493,0,5.0,0,4.3549,0,3.0208,0,5.0,0,3.132,0,5.0,0,5.0,0,5.0,0,2,7000000,1
aset-0207,4,2,0,0,703,20,"Lorong Iskandar Muda No. 18, Kel. Merdeka Kec. Medan Marelan, Kota Medan",3.513213,98.63338,0,5.0,0,5.0,0,5.0,0,5.0,0,5.0,0,5.0,0,5.0,0,5.0,0,5.0,0,1,700000,0
aset-0208,5,2,2,1,2625,26,"Jl. Putri Hijau No. 25, Kel. Pandan Selamat Kec. Medan Denai, Kota Medan",3.573342,98.661247,2,1.2514,4,2.4204,5,1.029,2,2.0686,2,1.762,2,1.9728,1,2.547,1,2.7579,7,1.8741,26,2,71300000,2
aset-0209,6,0,0,1,919,28,"Jl. Putri Hijau No. 10, Kel. Suka Maju Kec. Medan Perjuangan, Kota Medan",3.631865,98.680463,2,0.0615,0,3.1022,1,1.2361,0,4.4474,2,2.432,0,4.4439,0,4.671,0,4.2538,0,4.4177,5,2,8100000,1
aset-0210,4,2,0,1,513,19,"Jl. Sutomo No. 28, Kel. Polonia Kec. Medan Tembung, Kota Medan",3.604874,98.691062,3,1.0759,7,0.3401,5,1.1583,2,2.5526,6,0.6489,0,3.0937,1,2.274,1,2.1539,4,2.0059,29,2,75500000,2
aset-0211,1,0,1,1,10232,11,"Jl. Sutomo No. 14, Kel. Jati Kec. Medan Barat, Kota Medan",3.581806,98.673082,4,1.0468,6,1.0274,7,0.2509,2,1.266,5,0.3749,1,1.7195,1,1.0095,1,1.3725,7,0.761,34,2,2221400000,2
aset-0212,2,2,0,2,2528,10,"Jl. Yos Sudarso No. 14, Kel. Merdeka Kec. Medan Perjuangan, Kota Medan",3.592717,98.658778,2,2.145,5,1.4676,5,1.6923,1,1.3567,4,0.8047,1,0.7357,1,2.0446,1,1.8059,5,0.5887,25,2,11500000,2
aset-0213,6,0,0,1,1836,16,"Jl. Sisingamangaraja No. 34, Kel. Pasar Merah Kec. Medan Barat, Kota Medan",3.588705,98.659172,3,2.0826,5,1.5016,6,1.8676,1,1.3968,4,0.6476,1,0.953,1,1.9837,1,1.8526,5,0.4642,27,2,40700000,2
aset-0214,1,0,0,0,707,11,"Blok Imam Bonjol No. 2, Kel. Sikambing Kec. Medan Maimun, Kota Medan",3.548091,98.695432,0,4.5968,0,3.7708,0,3.6999,0,3.6022,0,3.8911,0,3.49,0,5.0,0,5.0,0,3.2646,0,0,6200000,0
aset-0215,6,2,1,0,1202,22,"Jl. Marelan Raya No. 45, Kel. Sunggal Kec. Medan Marelan, Kota Medan",3.541929,98.69453,0,4.7983,0,4.456,0,4.0547,0,3.7132,0,4.57,0,3.6316,0,5.0,0,5.0,0,3.8725,0,1,200000,0
aset-0216,3,0,0,1,4889,13,"Jl. HM Yamin No. 42, Kel. Pasar Merah Kec. Medan Deli, Kota Medan",3.595373,98.691131,3,0.3152,7,1.0261,6,0.1368,2,1.5014,8,1.0654,1,2.9002,1,1.6782,1,1.7967,6,1.3761,35,2,822900000,2
aset-0217,1,2,0,0,924,19,"Jl. Iskandar Muda No. 5, Kel. Polonia Kec. Medan Johor, Kota Medan",3.535246,98.629509,0,4.3241,0,5.0,0,5.0,0,4.3789,0,5.0,0,4.5651,0,5.0,0,5.0,0,5.0,0,1,300000,0
aset-0218,6,0,1,1,1740,17,"Jl. Balai Kota No. 6, Kel. Merdeka Kec. Medan Marelan, Kota Medan",3.618519,98.685605,3,1.5732,1,1.5265,3,1.8218,0,3.2679,4,1.0763,0,3.4739,0,3.3118,1,2.9696,0,3.0397,12,2,40200000,1
aset-0219,2,0,2,1,1244,25,"Jl. Diponegoro No. 20, Kel. Gaharu Kec. Medan Baru, Kota Medan",3.610705,98.692528,4,1.5898,4,0.8093,5,1.8029,0,3.0958,5,0.4888,0,3.5189,1,2.8758,1,2.6897,2,2.6005,22,2,68300000,2
aset-0220,1,0,0,1,3989,22,"Jl. Sisingamangaraja No. 6, Kel. Merdeka Kec. Medan Petisah, Kota Medan",3.518224,98.672294,0,5.0,0,5.0,0,5.0,0,4.1883,0,5.0,0,4.2778,0,5.0,0,5.0,0,5.0,0,5,5900000,1
aset-0221,6,0,1,0,10275,12,"Jl. Marelan Raya No. 40, Kel. Polonia Kec. Medan Petisah, Kota Medan",3.598362,98.632715,0,4.7545,0,4.4002,0,4.365,0,4.2903,0,3.731,0,3.6023,0,5.0,0,4.7176,1,2.6832,1,5,10100000,0
aset-0222,1,2,0,0,2002,24,"Jl. Marelan Raya No. 16, Kel. Kesawan Kec. Medan Marelan, Kota Medan",3.634383,98.701735,1,2.3162,0,3.6053,0,3.5358,0,5.0,0,3.0019,0,5.0,0,5.0,0,5.0,0,5.0,1,1,300000,0
aset-0223,5,2,0,1,638,15,"Jl. Gatot Subroto No. 34, Kel. Pandan Selamat Kec. Medan Area, Kota Medan",3.57545,98.671657,3,1.7497,6,1.7485,6,0.9178,3,1.9528,5,1.0625,2,2.2855,1,1.7231,1,2.0957,7,1.3593,34,2,68600000,2
aset-0224,6,0,0,1,10577,10,"Jl. Sisingamangaraja No. 1, Kel. Merdeka Kec. Medan Kota, Kota Medan",3.57035,98.709316,0,3.65,1,2.05,0,3.3021,1,2.2264,1,2.2929,0,5.0,0,4.1996,0,4.6281,2,2.8674,5,5,28800000,1
aset-0225,5,0,1,1,4857,17,"Jl. HM Yamin No. 10, Kel. Kesawan Kec. Medan Area, Kota Medan",3.632953,98.692011,1,1.2265,0,3.1399,1,2.4564,0,5.0,2,2.8097,0,5.0,0,5.0,0,4.7248,0,4.7837,4,5,11300000,1
aset-0226,5,2,0,1,687,9,"Gang KH Wahid Hasyim No. 30, Kel. Suka Maju Kec. Medan Johor, Kota Medan",3.548835,98.610299,0,5.0,0,5.0,0,5.0,0,5.0,0,5.0,0,5.0,0,5.0,0,5.0,0,5.0,0,2,300000,0
aset-0227,5,0,1,1,521,16,"Jl. Imam Bonjol No. 10, Kel. Polonia Kec. Medan Johor, Kota Medan",3.560817,98.660242,1,0.4526,0,3.6872,2,1.1018,1,0.7617,1,2.9889,1,0.7522,0,3.7402,0,4.0369,0,3.0686,6,0,5300000,1
aset-0228,3,0,1,1,328,8,"Jl. KH Wahid Hasyim No. 3, Kel. Sei Sikambing Kec. Medan Labuhan, Kota Medan",3.618546,98.673188,2,1.537,3,2.2295,2,0.8636,1,2.851,4,1.2863,1,2.7714,0,3.2023,1,2.7368,2,2.7895,16,2,8100000,1
aset-0229,5,0,1,1,2149,10,"Jl. KH Wahid Hasyim No. 24, Kel. Jati Kec. Medan Denai, Kota Medan",3.556533,98.72167,0,5.0,0,4.0963,0,5.0,0,4.2595,0,4.3342,0,5.0,0,5.0,0,5.0,0,4.6726,0,5,3000000,0
aset-0230,2,0,1,1,2223,22,"Lingkungan Imam Bonjol No. 22, Kel. Petisah Tengah Kec. Medan Timur, Kota Medan",3.570648,98.612665,0,4.9713,0,5.0,0,5.0,0,5.0,0,5.0,0,5.0,0,5.0,0,5.0,0,5.0,0,2,1200000,0
aset-0231,3,0,0,0,1202,20,"Jl. Thamrin No. 10, Kel. Merdeka Kec. Medan Area, Kota Medan",3.614991,98.636493,0,4.822,0,4.6375,0,4.0203,0,4.5436,0,4.285,0,3.8665,0,5.0,0,4.8692,0,3.5455,0,2,11400000,1
aset-0232,3,2,1,1,457,13,"Jl. Teuku Cik Ditiro No. 24, Kel. Sikambing Kec. Medan Area, Kota Medan",3.616629,98.628056,0,5.0,0,5.0,0,4.8782,0,5.0,0,5.0,0,4.7532,0,5.0,0,5.0,0,4.2871,0,4,100000,0
aset-0233,6,0,0,0,476,9,"Jl. Teuku Daud No. 28, Kel. Bantan Kec. Medan Petisah, Kota Medan",3.563926,98.688373,0,3.1132,3,2.14,5,2.1287,2,2.0743,3,2.1822,1,2.7396,0,3.162,0,3.6585,3,1.3379,17,2,38500000,1
aset-0234,5,0,1,0,2152,10,"Jl. Marelan Raya No. 1, Kel. Pasar Merah Kec. Medan Polonia, Kota Medan",3.596979,98.671219,3,1.0813,6,0.4508,6,0.3793,2,0.4431,7,1.0909,1,0.7244,1,1.0069,1,0.5346,7,0.4872,34,2,1032300000,2
aset-0235,4,0,2,0,6460,24,"Jl. Putri Hijau No. 20, Kel. Pusat Pasar Kec. Medan Timur, Kota Medan",3.583537,98.656515,2,2.2838,4,2.0151,6,2.0523,1,1.9213,2,1.1206,1,1.5848,1,2.3843,1,2.3584,5,0.6303,23,2,162100000,2
aset-0236,1,0,0,1,6461,11,"Lorong Teuku Cik Ditiro No. 34, Kel. Merdeka Kec. Medan Petisah, Kota Medan",3.600678,98.618266,0,5.0,0,5.0,0,5.0,0,5.0,0,5.0,0,5.0,0,5.0,0,5.0,0,4.2784,0,0,8700000,0
aset-0237,3,0,2,1,303,21,"Jl. Balai Kota No. 4, Kel. Polonia Kec. Medan Sunggal, Kota Medan",3.568037,98.650449,1,0.9003,0,3.6539,1,1.9512,1,2.0728,1,2.8357,1,2.0974,0,3.8271,0,3.9697,1,2.3851,6,3,1200000,1
aset-0238,1,2,0,1,786,28,"Gang Imam Bonjol No. 18, Kel. Kesawan Kec. Medan Kota, Kota Medan",3.600618,98.691201,3,0.6442,7,0.603,6,0.6861,2,2.0799,7,0.9784,1,2.9741,1,1.9692,1,1.9427,6,1.7199,34,2,38700000,2
aset-0239,3,2,0,1,1099,27,"Jl. Thamrin No. 22, Kel. Pasar Merah Kec. Medan Denai, Kota Medan",3.611235,98.641151,0,4.2405,0,3.9789,0,3.633,0,3.8838,0,3.6219,0,3.2037,0,4.6263,0,4.2171,1,2.9112,1,1,200000,0
aset-0240,6,2,0,0,339,16,"Jl. KH Wahid Hasyim No. 45, Kel. Polonia Kec. Medan Tembung, Kota Medan",3.568675,98.654879,1,0.6661,0,3.2658,2,1.468,1,1.8178,2,2.5237,1,1.8022,0,3.4131,0,3.5939,1,2.2601,8,2,2300000,1
aset-0241,1,0,0,1,3316,18,"Jl. Veteran No. 32, Kel. Sikambing Kec. Medan Petisah, Kota Medan",3.57311,98.666786,2,1.5786,5,2.1444,5,0.6926,2,2.0536,4,1.4432,2,1.9128,1,2.1937,1,2.4954,7,1.9121,29,2,79100000,2
aset-0242,5,2,0,0,1152,13,"Gang Pemuda No. 42, Kel. Padang Bulan Kec. Medan Helvetia, Kota Medan",3.590981,98.662674,3,1.694,5,1.0591,6,1.4645,1,0.9509,6,0.3394,1,0.5161,1,1.5936,1,1.4085,7,0.6797,31,2,21900000,2
aset-0243,5,2,0,1,2752,23,"Lorong Gatot Subroto No. 28, Kel. Aur Kec. Medan Area, Kota Medan",3.57654,98.659075,2,1.5266,4,2.3084,5,1.4513,2,2.2586,2,1.5336,2,2.1554,1,2.4894,1,2.6254,7,1.4575,26,2,41100000,2
aset-0244,5,0,0,1,5613,28,"Jl. Katamso No. 34, Kel. Sei Sikambing Kec. Medan Tembung, Kota Medan",3.577476,98.657674,2,1.6125,3,2.3468,6,1.634,2,2.2731,2,1.5176,2,2.1114,1,2.5572,1,2.6596,7,1.3154,26,2,255800000,2
aset-0245,4,0,1,2,2566,16,"Jl. Marelan Raya No. 16, Kel. Sunggal Kec. Medan Polonia, Kota Medan",3.62249,98.693482,2,1.7427,1,2.0377,1,2.5252,0,4.1204,3,1.6353,0,4.3971,0,4.0494,0,3.7739,0,3.771,7,2,10100000,1
aset-0246,4,2,0,0,1003,27,"Jl. HM Yamin No. 8, Kel. Gaharu Kec. Medan Denai, Kota Medan",3.585207,98.697954,2,1.5759,6,0.4844,5,1.2265,1,0.6553,6,0.6021,0,3.8158,1,2.3857,1,2.7285,5,1.7817,27,2,32800000,2
aset-0247,1,2,2,1,1496,23,"Jl. Thamrin No. 28, Kel. Pandan Selamat Kec. Medan Area, Kota Medan",3.599742,98.628833,0,5.0,0,4.8488,0,4.7908,0,4.7391,0,4.1876,0,4.0481,0,5.0,0,5.0,0,3.1399,0,4,200000,1
aset-0248,2,0,1,0,1928,23,"Blok Sudirman No. 20, Kel. Sei Sikambing Kec. Medan Petisah, Kota Medan",3.605956,98.668527,3,1.1622,6,1.4913,6,0.7376,1,1.4665,6,1.4554,1,1.2796,1,2.0079,1,1.5111,5,1.3307,30,2,270400000,2
aset-0249,1,0,0,1,791,13,"Jl. Imam Bonjol No. 42, Kel. Padang Bulan Kec. Medan Helvetia, Kota Medan",3.586365,98.688663,3,1.0276,7,0.6239,6,0.9774,2,0.6836,8,0.4453,1,2.796,1,1.3559,1,1.7377,6,0.7428,35,2,386900000,2
aset-0250,5,0,0,1,1130,14,"Jl. Gatot Subroto No. 22, Kel. Pulo Brayan Kec. Medan Barat, Kota Medan",3.527251,98.598624,0,5.0,0,5.0,0,5.0,0,5.0,0,5.0,0,5.0,0,5.0,0,5.0,0,5.0,0,5,3300000,1
aset-0251,6,0,0,1,3378,23,"Jl. Setiabudi No. 48, Kel. Kesawan Kec. Medan Deli, Kota Medan",3.564605,98.638742,1,2.012,0,4.8571,0,3.258,1,2.9727,0,3.9812,0,3.0672,0,5.0,0,5.0,0,3.2578,2,0,8600000,1
aset-0252,3,0,1,2,2514,11,"Jl. Pemuda No. 3, Kel. Pasar Merah Kec. Medan Deli, Kota Medan",3.575398,98.671369,3,1.768,6,1.7593,6,0.9365,3,1.9577,5,1.07,2,2.2698,1,1.7398,1,2.1074,7,1.391,34,2,159500000,2
aset-0253,2,2,1,2,706,18,"Jl. Putri Hijau No. 10, Kel. Jati Kec. Medan Sunggal, Kota Medan",3.558623,98.719139,0,5.0,0,3.7327,0,4.944,0,3.8951,0,3.9702,0,5.0,0,5.0,0,5.0,0,4.3187,0,1,300000,0
aset-0254,3,2,1,1,838,6,"Lorong Cut Mutia No. 4, Kel. Pusat Pasar Kec. Medan Tembung, Kota Medan",3.627579,98.682508,2,0.5192,1,2.5836,1,1.289,0,4.0516,3,1.9619,0,4.1108,0,4.2231,0,3.8257,0,3.9629,7,2,1700000,1
aset-0255,4,0,0,2,363,8,"Jl. Sutomo No. 5, Kel. Pulo Brayan Kec. Medan Petisah, Kota Medan",3.547968,98.623019,0,4.1048,0,5.0,0,5.0,0,4.5801,0,5.0,0,4.7439,0,5.0,0,5.0,0,5.0,0,1,600000,0
aset-0256,3,2,2,1,963,28,"Jl. Setiabudi No. 32, Kel. Merdeka Kec. Medan Selayang, Kota Medan",3.600219,98.68153,3,0.7015,7,0.8934,6,1.0576,2,1.4177,8,0.4728,1,1.924,1,1.2425,1,1.0016,6,0.9652,35,2,91600000,2
aset-0257,2,0,1,1,1360,15,"Jl. Veteran No. 36, Kel. Pandan Selamat Kec. Medan Selayang, Kota Medan",3.641201,98.667259,1,1.8363,0,4.6369,1,1.7405,0,5.0,0,3.7897,0,5.0,0,5.0,0,5.0,0,5.0,2,5,4700000,1
aset-0258,3,2,1,1,967,23,"Komplek Setiabudi No. 18, Kel. Gaharu Kec. Medan Labuhan, Kota Medan",3.635725,98.687596,1,0.841,0,3.4168,1,2.1357,0,5.0,1,2.9527,0,5.0,0,5.0,0,4.8456,0,4.9508,3,2,500000,0
aset-0259,6,2,0,1,948,12,"Jl. Veteran No. 30, Kel. Suka Maju Kec. Medan Johor, Kota Medan",3.599072,98.67648,3,0.8196,7,0.7882,6,0.5156,2,0.9087,8,0.6068,1,1.3521,1,1.0104,1,0.5874,7,0.7876,36,2,58700000,2
aset-0260,5,0,0,2,1225,20,"Jl. Veteran No. 45, Kel. Padang Bulan Kec. Medan Deli, Kota Medan",3.581759,98.646376,1,2.3852,0,3.1063,1,2.9073,0,3.005,2,2.2182,1,2.5377,0,3.52,0,3.456,2,1.2507,7,2,4300000,1
aset-0261,2,0,0,1,516,12,"Jl. Katamso No. 16, Kel. Gaharu Kec. Medan Baru, Kota Medan",3.622076,98.676802,2,1.1978,1,2.2693,2,0.7778,0,3.2966,4,1.4213,0,3.2832,0,3.5668,0,3.1283,0,3.2711,9,2,36600000,1
aset-0262,1,0,0,2,1578,15,"Lorong Ahmad Yani No. 32, Kel. Suka Maju Kec. Medan Denai, Kota Medan",3.593557,98.669567,3,1.0103,6,0.277,7,0.7969,2,0.1707,7,0.7167,1,0.5316,1,0.9148,1,0.605,7,0.1807,35,2,419000000,2
aset-0263,2,2,2,0,831,14,"Jl. Putri Hijau No. 36, Kel. Polonia Kec. Medan Denai, Kota Medan",3.591138,98.68987,3,0.5259,7,0.6764,6,0.4423,2,1.0738,8,0.6433,1,2.7932,1,1.4339,1,1.6806,6,0.9872,35,2,196400000,2
aset-0264,4,0,0,1,2211,26,"Jl. Imam Bonjol No. 32, Kel. Sikambing Kec. Medan Perjuangan, Kota Medan",3.576469,98.711886,0,3.3729,1,1.9723,1,2.9817,1,2.1843,1,2.2182,0,5.0,0,4.1536,0,4.5339,0,3.0725,4,0,4100000,1
aset-0265,3,2,1,1,1051,21,"Jl. Sisingamangaraja No. 50, Kel. Pulo Brayan Kec. Medan Polonia, Kota Medan",3.570953,98.668564,2,1.5769,5,2.3093,5,0.444,3,1.8648,3,1.6079,2,1.7091,1,2.3156,1,2.6604,7,1.7633,29,2,40000000,2
aset-0266,3,0,1,1,1312,22,"Lingkungan Marelan Raya No. 3, Kel. Merdeka Kec. Medan Helvetia, Kota Medan",3.520607,98.668342,0,4.8849,0,5.0,0,5.0,0,3.8479,0,5.0,0,3.953,0,5.0,0,5.0,0,5.0,0,0,6200000,0
aset-0267,4,0,1,0,1021,16,"Jl. Cut Mutia No. 7, Kel. Pandan Selamat Kec. Medan Perjuangan, Kota Medan",3.524826,98.676937,0,4.7971,0,5.0,0,4.7933,0,3.6525,0,5.0,0,3.7109,0,5.0,0,5.0,0,5.0,0,0,3200000,0
aset-0268,6,0,1,1,2057,14,"Jl. KH Wahid Hasyim No. 48, Kel. Sikambing Kec. Medan Baru, Kota Medan",3.53745,98.672244,0,3.318,0,5.0,0,3.3194,1,2.1596,0,5.0,1,2.2138,0,5.0,0,5.0,0,4.3817,2,2,22200000,1
aset-0269,4,2,1,1,1026,15,"Jl. Sutomo No. 7, Kel. Gaharu Kec. Medan Area, Kota Medan",3.604454,98.646291,0,3.634,0,3.1245,1,2.8903,0,3.0235,1,2.6951,1,2.3272,0,3.768,0,3.3915,2,1.9715,5,2,2200000,1
aset-0270,4,2,1,1,1194,28,"Jl. Sisingamangaraja No. 6, Kel. Sikambing Kec. Medan Denai, Kota Medan",3.574815,98.698801,2,2.5883,3,0.9034,5,2.1147,1,1.026,2,1.1148,0,4.2952,1,2.9503,0,3.3952,5,1.6299,19,2,15000000,1
aset-0271,3,2,1,1,2259,16,"Jl. Katamso No. 20, Kel. Jati Kec. Medan Petisah, Kota Medan",3.542091,98.653336,1,2.3565,0,5.0,0,3.2125,1,1.8307,0,5.0,1,2.0168,0,5.0,0,5.0,0,4.9978,3,1,800000,0
aset-0272,5,2,0,0,340,28,"Lorong Teuku Cik Ditiro No. 15, Kel. Polonia Kec. Medan Sunggal, Kota Medan",3.612984,98.676069,4,0.842,6,1.5942,5,1.4809,1,2.2922,6,0.64,1,2.3469,1,2.5578,1,2.1143,4,2.293,29,2,10700000,2
aset-0273,2,2,0,1,398,12,"Jl. Cut Mutia No. 28, Kel. Pasar Merah Kec. Medan Baru, Kota Medan",3.582071,98.653606,2,2.1501,3,2.3757,5,2.3153,1,2.281,2,1.4807,1,1.9146,1,2.7419,1,2.7197,4,0.7858,20,2,12600000,2
aset-0274,1,0,2,1,5075,9,"Jl. Iskandar Muda No. 16, Kel. Pasar Merah Kec. Medan Labuhan, Kota Medan",3.571281,98.687384,2,2.3225,6,1.4611,6,1.3485,1,1.345,4,1.4444,0,3.0097,1,2.3791,1,2.8758,5,0.5743,26,2,218300000,2
aset-0275,5,0,0,1,3244,20,"Gang Veteran No. 3, Kel. Petisah Tengah Kec. Medan Marelan, Kota Medan",3.540952,98.70395,0,5.0,0,4.6711,0,4.9303,0,4.7233,0,4.8308,0,4.6353,0,5.0,0,5.0,0,4.401,0,0,1800000,0
aset-0276,4,0,0,1,931,23,"Jl. KH Wahid Hasyim No. 8, Kel. Aur Kec. Medan Barat, Kota Medan",3.628804,98.692818,2,1.3587,1,2.7004,1,2.4412,0,4.6597,3,2.3401,0,4.864,0,4.6582,0,4.3459,0,4.3816,7,2,900000,1
aset-0277,5,2,0,1,782,16,"Jl. Katamso No. 45, Kel. Polonia Kec. Medan Deli, Kota Medan",3.577262,98.704959,1,2.7524,3,1.2243,2,2.3963,1,1.4279,2,1.4725,0,4.8534,0,3.4108,0,3.8102,3,2.3058,12,2,4600000,1
aset-0278,2,2,0,1,385,6,"Jl. Teuku Cik Ditiro No. 30, Kel. Sei Sikambing Kec. Medan Helvetia, Kota Medan",3.613461,98.630455,0,5.0,0,5.0,0,4.7104,0,5.0,0,4.7005,0,4.3486,0,5.0,0,5.0,0,3.8494,0,1,100000,0
aset-0279,5,2,0,0,263,25,"Jl. Imam Bonjol No. 34, Kel. Kesawan Kec. Medan Petisah, Kota Medan",3.57022,98.675989,2,2.1985,6,2.1246,5,0.9562,3,2.1822,5,1.702,1,1.9969,1,2.2023,1,2.6465,6,1.0321,30,2,53900000,2
aset-0280,6,2,0,2,932,16,"Jl. Gatot Subroto No. 36, Kel. Petisah Tengah Kec. Medan Timur, Kota Medan",3.54898,98.695516,0,4.5708,0,3.6721,0,3.6525,0,3.5918,0,3.7932,0,3.4755,0,5.0,0,5.0,0,3.1777,0,1,500000,1
aset-0281,4,0,0,0,1250,26,"Jl. Gatot Subroto No. 16, Kel. Merdeka Kec. Medan Sunggal, Kota Medan",3.597911,98.691585,3,0.446,7,0.883,6,0.3821,2,1.7762,7,1.1938,1,2.968,1,1.8422,1,1.8912,6,1.6135,34,2,317700000,2
aset-0282,4,0,1,0,2862,13,"Jl. HM Yamin No. 5, Kel. Polonia Kec. Medan Marelan, Kota Medan",3.581651,98.645553,1,2.4205,0,3.1948,1,2.9765,0,3.0932,2,2.3077,1,2.6194,0,3.6113,0,3.5447,2,1.3293,7,2,8900000,1
aset-0283,3,2,1,1,2133,10,"Jl. Sudirman No. 6, Kel. Polonia Kec. Medan Petisah, Kota Medan",3.516847,98.631264,0,5.0,0,5.0,0,5.0,0,5.0,0,5.0,0,5.0,0,5.0,0,5.0,0,5.0,0,1,900000,0
aset-0284,4,2,2,1,4706,26,"Jl. Putri Hijau No. 30, Kel. Aur Kec. Medan Timur, Kota Medan",3.558267,98.663862,1,0.9441,0,3.8097,1,1.0742,1,0.3748,0,3.1067,1,0.2819,0,3.8179,0,4.1612,1,2.9067,5,4,1900000,1
aset-0285,6,0,0,0,2965,25,"Perumahan Balai Kota No. 2, Kel. Sei Sikambing Kec. Medan Sunggal, Kota Medan",3.611937,98.693364,4,1.7253,4,0.9743,3,1.9448,0,3.2547,5,0.5265,0,3.668,0,3.041,1,2.8515,1,2.7655,18,2,33400000,1
aset-0286,6,0,2,1,1759,20,"Jl. Putri Hijau No. 16, Kel. Merdeka Kec. Medan Labuhan, Kota Medan",3.577449,98.668019,2,1.7661,5,1.6465,6,0.9905,3,1.7605,5,0.9487,2,1.9801,1,1.7149,1,1.9967,7,1.4699,32,2,118400000,2
aset-0287,4,0,0,1,3900,23,"Gang Pemuda No. 20, Kel. Pasar Merah Kec. Medan Selayang, Kota Medan",3.563507,98.696268,0,3.5733,1,2.0612,1,2.6303,1,2.0881,2,2.1977,0,3.5691,0,3.6402,0,4.1313,2,1.883,7,2,6000000,1
aset-0288,3,0,1,0,1856,26,"Jl. Pemuda No. 5, Kel. Bantan Kec. Medan Johor, Kota Medan",3.541556,98.688776,0,4.2754,0,4.55,0,3.6498,0,3.1538,0,4.6322,0,3.089,0,5.0,0,5.0,0,3.769,0,0,4900000,0
aset-0289,4,0,1,1,774,14,"Lingkungan Setiabudi No. 20, Kel. Padang Bulan Kec. Medan Polonia, Kota Medan",3.585975,98.715155,0,3.1667,1,2.28,1,2.739,1,2.4981,1,2.4809,0,5.0,0,4.2579,0,4.5448,0,3.5965,4,2,6900000,1
aset-0290,6,2,1,1,2147,18,"Perumahan Yos Sudarso No. 6, Kel. Petisah Tengah Kec. Medan Barat, Kota Medan",3.577951,98.644561,1,2.1468,0,3.4746,1,2.8721,0,3.3289,1,2.5796,1,2.9561,0,3.8412,0,3.8204,1,1.6886,5,1,2200000,1
aset-0291,4,0,0,0,1781,25,"Blok Diponegoro No. 1, Kel. Merdeka Kec. Medan Sunggal, Kota Medan",3.561363,98.627843,0,3.2188,0,5.0,0,4.5005,0,4.0438,0,5.0,0,4.1666,0,5.0,0,5.0,0,4.3043,0,2,1900000,0
aset-0292,2,2,0,0,1090,7,"Jl. Teuku Daud No. 6, Kel. Pasar Merah Kec. Medan Marelan, Kota Medan",3.621908,98.658077,2,2.7804,0,3.5665,2,1.5046,0,3.5198,1,2.8678,0,3.0891,0,4.1229,0,3.6272,0,3.2928,5,1,700000,1
aset-0293,6,2,1,2,448,17,"Jl. Yos Sudarso No. 4, Kel. Aur Kec. Medan Johor, Kota Medan",3.540119,98.623861,0,4.4538,0,5.0,0,5.0,0,4.717,0,5.0,0,4.8952,0,5.0,0,5.0,0,5.0,0,4,200000,0
aset-0294,2,0,1,1,1660,28,"Jl. Putri Hijau No. 5, Kel. Pandan Selamat Kec. Medan Labuhan, Kota Medan",3.542892,98.609116,0,5.0,0,5.0,0,5.0,0,5.0,0,5.0,0,5.0,0,5.0,0,5.0,0,5.0,0,0,400000,0
aset-0295,2,0,2,0,1205,9,"Jl. Iskandar Muda No. 18, Kel. Sunggal Kec. Medan Denai, Kota Medan",3.552241,98.632177,1,2.9831,0,5.0,0,4.3011,0,3.511,0,5.0,0,3.6667,0,5.0,0,5.0,0,4.8086,1,3,2600000,0
aset-0296,2,2,0,0,258,15,"Jl. Putri Hijau No. 28, Kel. Sei Sikambing Kec. Medan Area, Kota Medan",3.580163,98.688746,2,1.619,7,0.7234,7,0.8744,2,0.5143,5,0.5677,0,3.1091,1,1.7017,1,2.1667,6,0.6555,31,2,40000000,2
aset-0297,3,0,2,1,1728,10,"Jl. Iskandar Muda No. 18, Kel. Titi Kuning Kec. Medan Selayang, Kota Medan",3.512196,98.686504,0,5.0,0,5.0,0,5.0,0,5.0,0,5.0,0,5.0,0,5.0,0,5.0,0,5.0,0,3,800000,0
aset-0298,3,2,1,0,1034,17,"Jl. Jamin Ginting No. 6, Kel. Jati Kec. Medan Area, Kota Medan",3.607953,98.615472,0,5.0,0,5.0,0,5.0,0,5.0,0,5.0,0,5.0,0,5.0,0,5.0,0,4.8667,0,4,200000,0
aset-0299,3,0,1,1,524,21,"Gang Iskandar Muda No. 45, Kel. Suka Maju Kec. Medan Polonia, Kota Medan",3.565894,98.690701,0,3.0238,3,1.8534,5,2.0516,1,1.809,3,1.9192,0,3.0571,0,3.0817,0,3.5782,4,1.2718,16,5,10500000,1
aset-0300,4,0,2,0,1116,22,"Jl. HM Yamin No. 5, Kel. Petisah Tengah Kec. Medan Deli, Kota Medan",3.592202,98.623348,0,4.9322,0,5.0,0,5.0,0,5.0,0,4.6361,0,4.6329,0,5.0,0,5.0,0,3.5307,0,3,5000000,1
aset-0301,5,2,0,1,1758,7,"Jl. Sudirman No. 7, Kel. Suka Maju Kec. Medan Perjuangan, Kota Medan",3.537529,98.61618,0,5.0,0,5.0,0,5.0,0,5.0,0,5.0,0,5.0,0,5.0,0,5.0,0,5.0,0,1,1200000,0
aset-0302,3,0,1,1,1187,9,"Jl. Yos Sudarso No. 5, Kel. Pasar Merah Kec. Medan Timur, Kota Medan",3.594733,98.646924,0,3.4793,1,2.7895,1,2.8508,1,2.6788,2,2.1048,1,2.0062,0,3.3789,0,3.1168,2,1.0998,8,2,10400000,1
aset-0303,5,0,2,1,1479,18,"Jl. Sudirman No. 12, Kel. Suka Maju Kec. Medan Marelan, Kota Medan",3.618414,98.64044,0,4.4963,0,4.5002,0,3.4946,0,4.4144,0,4.2574,0,3.7692,0,5.0,0,4.6988,0,3.648,0,3,2200000,0
aset-0304,4,2,1,0,3002,9,"Blok Imam Bonjol No. 10, Kel. Jati Kec. Medan Area, Kota Medan",3.583452,98.681108,3,0.8005,7,0.5475,7,0.2063,2,1.3296,7,0.665,1,2.201,1,0.859,1,1.3546,7,0.4067,36,2,125600000,2
aset-0305,3,2,0,0,860,20,"Jl. Cut Mutia No. 36, Kel. Sunggal Kec. Medan Marelan, Kota Medan",3.564251,98.69531,0,3.4449,2,1.9739,1,2.4987,1,1.9902,2,2.1005,0,3.4867,0,3.5109,0,4.0028,3,1.7489,9,2,1200000,1
aset-0306,5,2,0,1,594,11,"Jl. Jamin Ginting No. 18, Kel. Sunggal Kec. Medan Marelan, Kota Medan",3.594865,98.666351,3,1.3956,6,0.6603,6,0.8708,1,0.5561,6,0.6692,1,0.1506,1,1.2998,1,0.9647,7,0.2068,32,2,65600000,2
aset-0307,6,0,0,2,2250,24,"Jl. Cut Mutia No. 30, Kel. Jati Kec. Medan Johor, Kota Medan",3.626346,98.672334,2,1.1489,1,2.9422,2,0.153,0,3.7109,2,2.0564,0,3.5793,0,4.0746,0,3.6089,0,3.6288,7,0,6500000,1
aset-0308,1,2,0,1,547,23,"Jl. Marelan Raya No. 45, Kel. Pasar Merah Kec. Medan Barat, Kota Medan",3.58221,98.67678,3,0.8641,7,0.944,7,0.2162,2,1.3605,6,0.6145,1,1.9318,1,0.8666,1,1.3258,7,0.6496,35,2,97400000,2
aset-0309,5,2,0,2,789,15,"Jl. Ahmad Yani No. 4, Kel. Sei Sikambing Kec. Medan Timur, Kota Medan",3.507252,98.693001,0,5.0,0,5.0,0,5.0,0,5.0,0,5.0,0,5.0,0,5.0,0,5.0,0,5.0,0,4,600000,0
aset-0310,4,2,1,1,737,12,"Jl. Ahmad Yani No. 5, Kel. Polonia Kec. Medan Kota, Kota Medan",3.565432,98.650309,1,0.7695,0,3.8724,1,1.9711,1,1.8922,0,3.0864,1,1.9387,0,4.0295,0,4.1952,1,2.6718,5,1,200000,1
aset-0311,1,0,0,1,938,19,"Jl. Sisingamangaraja No. 18, Kel. Sikambing Kec. Medan Helvetia, Kota Medan",3.550266,98.68554,0,3.4897,0,3.6816,1,2.6929,1,2.478,0,3.7329,1,2.367,0,4.5187,0,5.0,2,2.7674,5,2,11600000,1
aset-0312,4,0,1,1,3630,22,"Jl. Cut Mutia No. 15, Kel. Pandan Selamat Kec. Medan Polonia, Kota Medan",3.621648,98.679812,2,1.1586,1,2.0622,2,1.0911,0,3.3323,4,1.3019,0,3.3886,0,3.533,0,3.1204,0,3.2794,9,2,22300000,1
aset-0313,5,2,2,2,1683,8,"Jl. Setiabudi No. 34, Kel. Merdeka Kec. Medan Selayang, Kota Medan",3.599041,98.660768,2,2.156,5,1.416,5,1.2544,1,1.3194,6,1.2113,1,0.6501,1,2.063,1,1.676,5,0.979,27,2,21800000,2
aset-0314,3,0,0,0,846,24,"Blok Ahmad Yani No. 40, Kel. Aur Kec. Medan Baru, Kota Medan",3.615787,98.671706,4,1.3563,4,2.1699,2,1.1383,1,2.5351,4,1.2157,1,2.4283,1,2.927,1,2.4501,2,2.4573,20,2,45100000,1
aset-0315,2,0,1,1,529,6,"Gang Thamrin No. 10, Kel. Sei Sikambing Kec. Medan Maimun, Kota Medan",3.583846,98.668072,4,1.2817,6,1.0323,7,0.7746,2,1.0685,5,0.4544,1,1.2862,1,1.2041,1,1.366,7,0.9937,34,2,280100000,2
aset-0316,5,0,1,1,1410,28,"Jl. Teuku Cik Ditiro No. 30, Kel. Pandan Selamat Kec. Medan Barat, Kota Medan",3.591154,98.645911,0,3.3558,1,2.9025,0,3.0687,1,2.7918,2,2.1319,1,2.1612,0,3.4525,0,3.2437,2,1.0367,7,2,51900000,1
aset-0317,4,0,1,0,3845,7,"Jl. Sisingamangaraja No. 40, Kel. Gaharu Kec. Medan Helvetia, Kota Medan",3.61611,98.657604,1,2.6271,0,3.0258,2,1.8491,1,2.9687,1,2.6837,1,2.4867,0,3.6142,0,3.1259,1,2.7158,7,0,20300000,1
aset-0318,2,0,0,1,360,18,"Jl. Balai Kota No. 50, Kel. Aur Kec. Medan Johor, Kota Medan",3.500931,98.663995,0,5.0,0,5.0,0,5.0,0,5.0,0,5.0,0,5.0,0,5.0,0,5.0,0,5.0,0,3,2400000,0
aset-0319,1,0,0,1,1496,13,"Blok Marelan Raya No. 1, Kel. Sei Sikambing Kec. Medan Polonia, Kota Medan",3.639611,98.691066,1,1.4015,0,3.8636,1,2.6925,0,5.0,0,3.477,0,5.0,0,5.0,0,5.0,0,5.0,2,0,2600000,1
aset-0320,5,0,0,1,983,12,"Blok Cut Mutia No. 32, Kel. Kesawan Kec. Medan Polonia, Kota Medan",3.548605,98.694518,0,4.4816,0,3.7138,0,3.584,0,3.4911,0,3.8283,0,3.3776,0,4.9967,0,5.0,0,3.1731,0,0,800000,0
aset-0321,6,0,1,1,3196,9,"Jl. Balai Kota No. 10, Kel. Sunggal Kec. Medan Sunggal, Kota Medan",3.550431,98.695434,0,4.5097,0,3.5106,0,3.5587,0,3.5207,0,3.6315,0,3.4339,0,4.8522,0,5.0,0,3.027,0,2,11800000,0
aset-0322,3,2,1,1,727,14,"Jl. Teuku Cik Ditiro No. 4, Kel. Merdeka Kec. Medan Barat, Kota Medan",3.603357,98.635841,0,4.7986,0,4.1748,0,4.0271,0,4.0682,0,3.6083,0,3.3667,0,4.8031,0,4.4685,1,2.6588,1,5,700000,1
aset-0323,1,2,2,1,1009,20,"Jl. Yos Sudarso No. 5, Kel. Sunggal Kec. Medan Helvetia, Kota Medan",3.558214,98.660286,1,0.658,0,3.9506,1,1.299,1,0.5285,0,3.2498,1,0.5782,0,3.9916,0,4.3013,0,3.2239,4,4,600000,1
aset-0324,6,0,2,1,956,8,"Jl. Sudirman No. 15, Kel. Pasar Merah Kec. Medan Helvetia, Kota Medan",3.595046,98.672938,3,0.7941,7,0.2502,6,0.5934,2,0.313,8,0.901,1,0.8809,1,0.7197,1,0.2567,7,0.5602,36,2,509700000,2
aset-0325,6,2,0,1,731,26,"Jl. Setiabudi No. 4, Kel. Padang Bulan Kec. Medan Tembung, Kota Medan",3.577092,98.685071,2,1.6315,6,1.2296,7,0.6749,2,1.0354,5,1.0981,1,2.9878,1,1.6919,1,2.1873,6,0.1236,31,2,34200000,2
aset-0326,4,2,1,0,242,24,"Jl. Katamso No. 45, Kel. Sei Sikambing Kec. Medan Baru, Kota Medan",3.596943,98.718223,0,3.3241,0,3.0665,1,2.9228,0,3.2552,1,2.7557,0,5.0,0,4.6395,0,4.8079,0,4.1692,2,4,100000,0
aset-0327,6,0,0,0,7486,20,"Lingkungan Veteran No. 5, Kel. Sei Sikambing Kec. Medan Tembung, Kota Medan",3.580949,98.679432,3,1.0097,7,0.8783,7,0.1884,2,1.5103,6,0.9398,1,2.2375,1,1.042,1,1.5323,7,0.7307,35,2,987100000,2
aset-0328,6,0,1,0,15428,9,"Jl. Putri Hijau No. 45, Kel. Gaharu Kec. Medan Polonia, Kota Medan",3.605366,98.664204,3,1.6435,6,1.6246,5,1.0324,1,1.5683,5,1.822,1,1.156,1,2.2217,1,1.7415,5,1.3322,28,2,650800000,2
aset-0329,6,0,1,1,12270,24,"Jl. Katamso No. 6, Kel. Gaharu Kec. Medan Baru, Kota Medan",3.520282,98.633778,0,5.0,0,5.0,0,5.0,0,5.0,0,5.0,0,5.0,0,5.0,0,5.0,0,5.0,0,0,10800000,0
aset-0330,6,0,1,1,419,6,"Jl. Veteran No. 45, Kel. Polonia Kec. Medan Perjuangan, Kota Medan",3.6158,98.678632,4,1.0905,5,1.5884,4,1.4155,1,2.673,4,0.6964,1,2.7637,1,2.8745,1,2.4573,2,2.6246,23,2,25500000,2
aset-0331,5,2,0,0,253,25,"Jl. Sisingamangaraja No. 1, Kel. Gaharu Kec. Medan Perjuangan, Kota Medan",3.599051,98.66509,3,1.7262,6,1.0202,5,0.7793,1,0.9396,6,1.1177,1,0.4506,1,1.6613,1,1.2349,5,0.6479,29,2,8800000,2
aset-0332,1,2,1,1,802,12,"Jl. Teuku Daud No. 6, Kel. Petisah Tengah Kec. Medan Baru, Kota Medan",3.600761,98.692736,3,0.7561,7,0.706,6,0.7009,2,2.0863,7,0.8827,0,3.1439,1,2.1169,1,2.1069,5,1.873,32,2,28200000,2
aset-0333,4,0,0,1,5415,9,"Perumahan Katamso No. 40, Kel. Sunggal Kec. Medan Barat, Kota Medan",3.583902,98.701966,2,1.998,4,0.8015,5,1.6161,1,1.0172,4,1.0,0,4.2839,1,2.8524,0,3.1963,5,2.1408,22,2,165900000,2
aset-0334,3,2,0,0,586,19,"Jl. HM Yamin No. 5, Kel. Sikambing Kec. Medan Area, Kota Medan",3.57917,98.645808,1,2.1728,0,3.2885,1,2.8101,0,3.1908,2,2.394,1,2.7631,0,3.6651,0,3.6352,2,1.4951,7,1,300000,1
aset-0335,4,0,1,1,277,7,"Gang Teuku Daud No. 30, Kel. Pulo Brayan Kec. Medan Marelan, Kota Medan",3.541041,98.605923,0,5.0,0,5.0,0,5.0,0,5.0,0,5.0,0,5.0,0,5.0,0,5.0,0,5.0,0,2,500000,0
aset-0336,5,0,0,2,4285,14,"Blok Jamin Ginting No. 5, Kel. Sei Sikambing Kec. Medan Barat, Kota Medan",3.592615,98.619223,0,5.0,0,5.0,0,5.0,0,5.0,0,5.0,0,5.0,0,5.0,0,5.0,0,3.9908,0,5,4700000,1
aset-0337,4,0,1,1,1489,28,"Jl. Teuku Cik Ditiro No. 7, Kel. Padang Bulan Kec. Medan Selayang, Kota Medan",3.549531,98.646546,1,1.881,0,5.0,0,3.0728,1,1.9952,0,4.8431,1,2.1707,0,5.0,0,5.0,0,4.4879,3,0,4600000,1
aset-0338,1,2,0,1,425,24,"Jl. Imam Bonjol No. 45, Kel. Sikambing Kec. Medan Petisah, Kota Medan",3.586926,98.726784,0,4.3784,0,3.5696,0,3.9511,0,3.7891,0,3.7746,0,5.0,0,5.0,0,5.0,0,4.8687,0,1,200000,0
aset-0339,6,0,0,0,1539,25,"Jl. Sutomo No. 2, Kel. Padang Bulan Kec. Medan Baru, Kota Medan",3.598964,98.63244,0,4.827,0,4.44,0,4.3927,0,4.3303,0,3.7794,0,3.6401,0,5.0,0,4.7553,1,2.7378,1,5,9800000,1
aset-0340,4,0,1,1,578,8,"Jl. Jamin Ginting No. 40, Kel. Suka Maju Kec. Medan Timur, Kota Medan",3.602914,98.696898,3,1.2537,7,1.0143,5,1.082,1,2.3654,6,0.5742,0,3.6476,1,2.634,1,2.6245,3,2.3927,27,2,54500000,2
aset-0341,3,0,0,1,601,20,"Jl. Katamso No. 12, Kel. Padang Bulan Kec. Medan Polonia, Kota Medan",3.527404,98.678746,0,4.6475,0,5.0,0,4.5615,0,3.4837,0,5.0,0,3.5268,0,5.0,0,5.0,0,5.0,0,0,1600000,0
aset-0342,4,2,0,1,521,10,"Jl. Veteran No. 5, Kel. Padang Bulan Kec. Medan Barat, Kota Medan",3.529015,98.671333,0,4.1088,0,5.0,0,4.2399,0,3.0004,0,5.0,0,3.0818,0,5.0,0,5.0,0,5.0,0,1,100000,1
aset-0343,1,2,0,0,1610,22,"Jl. Sutomo No. 36, Kel. Merdeka Kec. Medan Deli, Kota Medan",3.591008,98.619121,0,5.0,0,5.0,0,5.0,0,5.0,0,5.0,0,5.0,0,5.0,0,5.0,0,3.988,0,1,300000,0
aset-0344,2,0,2,1,3207,17,"Perumahan Sisingamangaraja No. 36, Kel. Pasar Merah Kec. Medan Area, Kota Medan",3.615861,98.598087,0,5.0,0,5.0,0,5.0,0,5.0,0,5.0,0,5.0,0,5.0,0,5.0,0,5.0,0,3,1300000,0
aset-0345,6,2,2,1,568,16,"Jl. Teuku Cik Ditiro No. 15, Kel. Padang Bulan Kec. Medan Deli, Kota Medan",3.630435,98.656844,1,2.6863,0,4.4669,1,1.6465,0,4.4491,0,3.5141,0,4.0428,0,5.0,0,4.5247,0,4.2363,2,4,400000,1
aset-0346,5,2,0,2,716,10,"Jl. Yos Sudarso No. 32, Kel. Pasar Merah Kec. Medan Tembung, Kota Medan",3.621822,98.673861,2,1.3815,1,2.4414,2,0.5627,0,3.2205,4,1.5348,0,3.1404,0,3.5555,0,3.0962,0,3.1613,9,2,4800000,1
aset-0347,5,2,1,1,724,21,"Jl. Imam Bonjol No. 20, Kel. Pusat Pasar Kec. Medan Johor, Kota Medan",3.603326,98.663975,3,1.6938,6,1.4531,5,0.9521,1,1.3879,6,1.597,1,0.9328,1,2.0701,1,1.6039,5,1.1291,29,2,27300000,2
aset-0348,2,2,1,0,1857,6,"Jl. Sudirman No. 22, Kel. Titi Kuning Kec. Medan Baru, Kota Medan",3.585614,98.681967,3,0.6564,7,0.289,7,0.3845,2,1.2887,8,0.4286,1,2.1529,1,0.736,1,1.2113,6,0.1542,36,2,831700000,2
aset-0349,6,0,2,1,1368,17,"Jl. Katamso No. 18, Kel. Pasar Merah Kec. Medan Area, Kota Medan",3.596463,98.64759,0,3.442,2,2.7362,1,2.7423,1,2.6263,2,2.1028,1,1.9389,0,3.342,0,3.0542,2,1.1683,9,2,14600000,1
aset-0350,4,2,0,1,481,21,"Jl. Balai Kota No. 1, Kel. Aur Kec. Medan Barat, Kota Medan",3.597936,98.69787,3,1.0933,7,1.3479,5,0.7552,1,1.8526,6,1.1382,0,3.6623,1,2.4785,1,2.5755,5,2.1402,29,2,60500000,2
aset-0351,6,2,1,2,548,15,"Gang Setiabudi No. 12, Kel. Pandan Selamat Kec. Medan Maimun, Kota Medan",3.625075,98.659292,1,2.5291,0,3.8352,1,1.3033,0,3.7958,1,2.9348,0,3.4036,0,4.3672,0,3.8702,0,3.5879,3,1,300000,1
aset-0352,4,0,2,1,1249,25,"Jl. Cut Mutia No. 36, Kel. Padang Bulan Kec. Medan Labuhan, Kota Medan",3.630753,98.593574,0,5.0,0,5.0,0,5.0,0,5.0,0,5.0,0,5.0,0,5.0,0,5.0,0,5.0,0,3,2200000,0
aset-0353,3,0,0,0,183,10,"Gang Setiabudi No. 24, Kel. Pusat Pasar Kec. Medan Labuhan, Kota Medan",3.634154,98.702453,1,2.3927,0,3.6168,0,3.6063,0,5.0,1,2.995,0,5.0,0,5.0,0,5.0,0,5.0,2,2,500000,0
aset-0354,2,2,1,1,499,16,"Blok Teuku Cik Ditiro No. 15, Kel. Sei Sikambing Kec. Medan Kota, Kota Medan",3.50797,98.675555,0,5.0,0,5.0,0,5.0,0,5.0,0,5.0,0,5.0,0,5.0,0,5.0,0,5.0,0,1,100000,0
aset-0355,4,0,0,2,926,22,"Jl. Yos Sudarso No. 25, Kel. Merdeka Kec. Medan Maimun, Kota Medan",3.620671,98.711715,0,3.6338,0,3.1563,0,3.6407,0,4.7753,1,2.2419,0,5.0,0,5.0,0,5.0,0,4.8842,1,3,500000,0
aset-0356,1,0,0,0,574,28,"Jl. Ahmad Yani No. 36, Kel. Sei Sikambing Kec. Medan Maimun, Kota Medan",3.543475,98.679054,0,3.2884,0,4.635,1,2.8893,1,2.1255,0,4.6596,1,2.0911,0,5.0,0,5.0,0,3.5575,3,5,1000000,1
aset-0357,6,0,0,0,926,8,"Jl. Cut Mutia No. 7, Kel. Petisah Tengah Kec. Medan Labuhan, Kota Medan",3.533619,98.629764,0,4.4358,0,5.0,0,5.0,0,4.448,0,5.0,0,4.6353,0,5.0,0,5.0,0,5.0,0,0,5300000,0
aset-0358,1,0,2,0,2635,12,"Jl. Imam Bonjol No. 15, Kel. Pulo Brayan Kec. Medan Labuhan, Kota Medan",3.57416,98.674344,3,1.7941,6,1.8141,7,0.9857,3,2.1275,5,1.2331,2,2.27,1,1.7858,1,2.2073,7,1.0656,35,2,1364000000,2
aset-0359,5,0,0,1,4265,28,"Perumahan Yos Sudarso No. 24, Kel. Pandan Selamat Kec. Medan Denai, Kota Medan",3.618115,98.680518,3,1.3576,3,1.6781,3,1.3728,1,2.9857,4,0.9039,0,3.0938,0,3.1505,1,2.7505,1,2.893,16,2,9900000,1
aset-0360,6,0,2,0,1254,12,"Jl. Imam Bonjol No. 22, Kel. Pasar Merah Kec. Medan Marelan, Kota Medan",3.591752,98.681485,3,0.448,7,0.375,6,0.412,2,1.1719,8,0.4754,1,1.8648,1,0.5345,1,0.7619,7,0.368,36,2,328000000,2
aset-0361,4,0,0,1,2255,20,"Jl. Veteran No. 45, Kel. Padang Bulan Kec. Medan Area, Kota Medan",3.552876,98.720673,0,5.0,0,4.3134,0,5.0,0,4.4631,0,4.5444,0,5.0,0,5.0,0,5.0,0,4.771,0,5,1100000,1
aset-0362,4,2,1,1,979,9,"Jl. Imam Bonjol No. 3, Kel. Suka Maju Kec. Medan Johor, Kota Medan",3.545451,98.698282,0,5.0,0,4.0804,0,4.1275,0,3.9792,0,4.2162,0,3.8754,0,5.0,0,5.0,0,3.6629,0,1,1000000,0
aset-0363,4,2,0,1,1309,28,"Jl. Putri Hijau No. 34, Kel. Jati Kec. Medan Tembung, Kota Medan",3.593602,98.673386,3,0.6484,7,0.1678,6,0.7605,2,0.2731,8,0.886,1,0.9435,1,0.5668,1,0.1845,7,0.5565,36,2,204400000,2
aset-0364,4,0,0,1,1780,10,"Blok Sudirman No. 34, Kel. Polonia Kec. Medan Selayang, Kota Medan",3.533355,98.615272,0,5.0,0,5.0,0,5.0,0,5.0,0,5.0,0,5.0,0,5.0,0,5.0,0,5.0,0,5,2500000,0
aset-0365,1,2,1,1,884,15,"Jl. Iskandar Muda No. 42, Kel. Bantan Kec. Medan Maimun, Kota Medan",3.609225,98.637322,0,4.639,0,4.2502,0,3.9742,0,4.15,0,3.8068,0,3.4548,0,4.8947,0,4.511,1,2.9843,1,1,200000,1
aset-0366,4,0,0,0,416,15,"Jl. Marelan Raya No. 28, Kel. Pandan Selamat Kec. Medan Marelan, Kota Medan",3.600718,98.69428,3,0.8742,7,0.844,6,0.7363,2,2.0862,6,0.8319,0,3.311,1,2.2578,1,2.2662,4,2.0203,30,2,81100000,2
aset-0367,4,2,1,0,436,24,"Komplek Imam Bonjol No. 5, Kel. Padang Bulan Kec. Medan Petisah, Kota Medan",3.625254,98.709058,0,3.2027,0,3.2455,0,3.9087,0,5.0,1,2.4043,0,5.0,0,5.0,0,5.0,0,5.0,1,1,400000,0
aset-0368,1,0,0,2,1558,13,"Jl. Teuku Daud No. 14, Kel. Sei Sikambing Kec. Medan Marelan, Kota Medan",3.594796,98.670778,3,0.9597,6,0.2414,6,0.6269,2,0.2012,7,0.9091,1,0.6416,1,0.8725,1,0.4768,7,0.3207,34,2,455100000,2
aset-0369,6,0,2,1,4191,28,"Lorong Yos Sudarso No. 4, Kel. Suka Maju Kec. Medan Johor, Kota Medan",3.577325,98.663813,2,1.7728,5,1.8948,6,1.2385,2,1.9168,4,1.2465,2,1.9698,1,2.0318,1,2.2315,7,1.6254,30,2,220800000,2
aset-0370,6,0,0,1,1238,21,"Jl. Jamin Ginting No. 12, Kel. Jati Kec. Medan Timur, Kota Medan",3.568504,98.682525,2,2.4338,6,2.0418,5,1.466,2,1.8983,4,1.9873,1,2.3908,1,2.4676,1,2.9554,5,0.7491,27,2,162400000,2
aset-0371,1,2,1,1,1048,24,"Jl. Ahmad Yani No. 45, Kel. Bantan Kec. Medan Marelan, Kota Medan",3.553306,98.708932,0,5.0,0,3.5455,0,4.4167,0,3.6478,0,3.7454,0,4.8848,0,5.0,0,5.0,0,3.6865,0,1,400000,0
aset-0372,4,0,0,1,3232,6,"Jl. Thamrin No. 20, Kel. Merdeka Kec. Medan Barat, Kota Medan",3.536366,98.649196,0,3.0794,0,5.0,0,3.9948,1,2.615,0,5.0,1,2.8005,0,5.0,0,5.0,0,5.0,2,0,2600000,1
aset-0373,1,2,0,1,547,27,"Jl. Balai Kota No. 50, Kel. Aur Kec. Medan Selayang, Kota Medan",3.540928,98.645118,1,2.7757,0,5.0,0,3.854,1,2.582,0,5.0,1,2.7708,0,5.0,0,5.0,0,5.0,3,1,800000,0
aset-0374,5,0,0,0,3501,21,"Gang Thamrin No. 45, Kel. Merdeka Kec. Medan Area, Kota Medan",3.603819,98.627551,0,5.0,0,5.0,0,4.9482,0,4.9696,0,4.4707,0,4.27,0,5.0,0,5.0,0,3.4633,0,2,7700000,0
aset-0375,4,2,1,0,1802,15,"Lingkungan Teuku Cik Ditiro No. 48, Kel. Gaharu Kec. Medan Maimun, Kota Medan",3.552038,98.700343,0,4.8916,0,3.3839,0,3.926,0,3.4298,0,3.5379,0,3.9471,0,4.9527,0,5.0,0,3.1473,0,1,200000,0
aset-0376,1,2,0,1,629,16,"Jl. Cut Mutia No. 5, Kel. Pulo Brayan Kec. Medan Perjuangan, Kota Medan",3.547284,98.655052,1,1.7582,0,5.0,1,2.6212,1,1.2799,0,4.5962,1,1.469,0,5.0,0,5.0,0,4.4515,4,1,400000,1
aset-0377,3,0,2,0,2138,9,"Jl. Veteran No. 15, Kel. Padang Bulan Kec. Medan Selayang, Kota Medan",3.576354,98.679418,3,1.5157,6,1.3547,7,0.6092,3,1.6329,5,1.2657,2,2.619,1,1.5409,1,2.0225,6,0.5166,34,2,1611500000,2
aset-0378,5,2,0,1,556,26,"Jl. Gatot Subroto No. 16, Kel. Jati Kec. Medan Sunggal, Kota Medan",3.565702,98.65733,1,0.3061,0,3.3668,2,1.1929,1,1.3937,2,2.6935,1,1.3742,0,3.4735,0,3.7076,1,2.6035,8,2,4200000,1
aset-0379,2,0,0,1,707,16,"Jl. Veteran No. 22, Kel. Bantan Kec. Medan Johor, Kota Medan",3.564875,98.599163,0,5.0,0,5.0,0,5.0,0,5.0,0,5.0,0,5.0,0,5.0,0,5.0,0,5.0,0,1,3100000,0
aset-0380,1,2,1,1,911,25,"Jl. Setiabudi No. 6, Kel. Sikambing Kec. Medan Kota, Kota Medan",3.551506,98.621464,0,4.1246,0,5.0,0,5.0,0,4.7026,0,5.0,0,4.8575,0,5.0,0,5.0,0,5.0,0,1,200000,0
aset-0381,6,0,0,1,808,28,"Jl. Katamso No. 14, Kel. Pandan Selamat Kec. Medan Kota, Kota Medan",3.581531,98.661189,2,2.075,5,1.751,6,1.5414,2,1.6769,4,0.932,2,1.5563,1,1.9914,1,2.0668,7,1.0777,30,2,261700000,2
aset-0382,5,0,1,1,813,11,"Blok Putri Hijau No. 32, Kel. Gaharu Kec. Medan Polonia, Kota Medan",3.584586,98.706076,1,2.3219,3,1.2623,2,1.9119,1,1.4793,3,1.4618,0,4.7032,0,3.2824,0,3.604,3,2.5928,13,2,12700000,1
aset-0383,6,0,2,0,2840,10,"Jl. Marelan Raya No. 20, Kel. Pandan Selamat Kec. Medan Maimun, Kota Medan",3.59959,98.679754,3,0.7177,7,0.9412,6,0.8642,2,1.2169,8,0.4224,1,1.7151,1,1.1093,1,0.8153,7,0.8396,36,2,1460100000,2
aset-0384,2,2,2,1,297,18,"Jl. Teuku Daud No. 18, Kel. Bantan Kec. Medan Kota, Kota Medan",3.552222,98.640571,1,2.1633,0,5.0,0,3.4592,1,2.584,0,4.9065,1,2.7435,0,5.0,0,5.0,0,4.3918,3,4,400000,0
aset-0385,3,0,0,1,709,26,"Jl. Pemuda No. 36, Kel. Bantan Kec. Medan Sunggal, Kota Medan",3.616478,98.663753,2,2.0544,2,2.7664,2,1.3296,1,2.7317,3,2.0451,1,2.3923,0,3.2909,1,2.7938,1,2.5435,13,2,8500000,1
aset-0386,1,0,0,2,1679,25,"Jl. Pemuda No. 30, Kel. Pasar Merah Kec. Medan Helvetia, Kota Medan",3.603451,98.680381,3,0.3222,7,0.8629,7,0.9939,2,1.5602,8,0.563,1,1.9485,1,1.5421,1,1.2087,4,1.2743,34,2,387100000,2
aset-0387,5,0,0,0,659,16,"Komplek Veteran No. 5, Kel. Aur Kec. Medan Denai, Kota Medan",3.544877,98.71624,0,5.0,0,4.7535,0,5.0,0,4.8674,0,4.9621,0,5.0,0,5.0,0,5.0,0,4.9169,0,0,1500000,0
aset-0388,3,0,1,1,1058,11,"Jl. Katamso No. 45, Kel. Petisah Tengah Kec. Medan Perjuangan, Kota Medan",3.524207,98.680172,0,5.0,0,5.0,0,4.9463,0,3.8716,0,5.0,0,3.9157,0,5.0,0,5.0,0,5.0,0,3,2300000,1
aset-0389,2,0,0,1,3165,21,"Jl. Teuku Cik Ditiro No. 50, Kel. Kesawan Kec. Medan Denai, Kota Medan",3.627151,98.666052,2,1.7442,0,3.464,1,0.5638,0,3.8369,2,2.5276,0,3.5769,0,4.306,0,3.8176,0,3.6926,5,2,4700000,1
aset-0390,3,0,0,0,1834,27,"Jl. Diponegoro No. 3, Kel. Pandan Selamat Kec. Medan Maimun, Kota Medan",3.560656,98.711365,0,4.653,1,2.9885,0,4.0963,0,3.1284,0,3.2136,0,5.0,0,5.0,0,5.0,0,3.4453,1,5,1500000,0
aset-0391,6,0,2,0,114,9,"Jl. Putri Hijau No. 10, Kel. Sei Sikambing Kec. Medan Johor, Kota Medan",3.58395,98.633442,0,3.4852,0,4.3957,0,4.2733,0,4.2878,0,3.5469,0,3.7114,0,4.8805,0,4.7454,1,2.4574,1,3,600000,0
aset-0392,4,2,0,1,1000,7,"Jl. Pemuda No. 3, Kel. Aur Kec. Medan Area, Kota Medan",3.54458,98.647217,1,2.3079,0,5.0,0,3.3963,1,2.1595,0,5.0,1,2.3469,0,5.0,0,5.0,0,5.0,3,1,400000,0
aset-0393,4,2,0,1,317,26,"Jl. Teuku Cik Ditiro No. 30, Kel. Padang Bulan Kec. Medan Maimun, Kota Medan",3.578816,98.68811,2,1.6742,7,0.8426,7,0.8476,2,0.648,5,0.7148,0,3.1331,1,1.7512,1,2.2288,6,0.5103,31,2,25400000,2
aset-0394,4,0,0,1,736,8,"Gang Marelan Raya No. 20, Kel. Gaharu Kec. Medan Kota, Kota Medan",3.538279,98.715326,0,5.0,0,5.0,0,5.0,0,5.0,0,5.0,0,5.0,0,5.0,0,5.0,0,5.0,0,2,1200000,0
aset-0395,6,0,0,1,635,21,"Jl. Iskandar Muda No. 28, Kel. Merdeka Kec. Medan Polonia, Kota Medan",3.579666,98.681421,3,1.2032,7,0.9432,7,0.2201,2,1.311,5,1.0083,1,2.4957,1,1.2495,1,1.746,6,0.4764,33,2,170100000,2
aset-0396,5,0,0,0,3201,14,"Jl. Teuku Daud No. 45, Kel. Jati Kec. Medan Baru, Kota Medan",3.611588,98.629051,0,5.0,0,5.0,0,4.9233,0,5.0,0,4.7143,0,4.3952,0,5.0,0,5.0,0,3.8212,0,5,11500000,0
aset-0397,6,0,0,1,1458,25,"Blok Marelan Raya No. 10, Kel. Kesawan Kec. Medan Barat, Kota Medan",3.591381,98.704164,2,1.822,4,1.4569,4,1.3938,1,1.6196,5,1.5503,0,4.3649,0,3.0185,0,3.2496,4,2.5075,20,2,61100000,1
aset-0398,4,0,0,0,1605,27,"Jl. Yos Sudarso No. 34, Kel. Jati Kec. Medan Selayang, Kota Medan",3.582639,98.640074,1,2.8661,0,3.7257,0,3.5538,0,3.6203,1,2.8553,0,3.0889,0,4.1789,0,4.0767,1,1.8012,3,2,1500000,0
aset-0399,1,0,0,1,2613,6,"Jl. KH Wahid Hasyim No. 7, Kel. Pasar Merah Kec. Medan Deli, Kota Medan",3.584985,98.719118,0,3.618,1,2.697,0,3.19,1,2.9174,1,2.9069,0,5.0,0,4.7072,0,4.9976,0,3.9909,3,2,3000000,1
aset-0400,1,0,0,2,3499,21,"Jl. Sudirman No. 2, Kel. Sei Sikambing Kec. Medan Maimun, Kota Medan",3.615296,98.664772,2,1.8872,4,2.6057,2,1.3764,1,2.5737,4,1.8947,1,2.2569,0,3.123,1,2.626,2,2.3949,17,2,71400000,1
aset-0401,4,2,2,1,1820,23,"Jl. Veteran No. 48, Kel. Gaharu Kec. Medan Baru, Kota Medan",3.508231,98.68378,0,5.0,0,5.0,0,5.0,0,5.0,0,5.0,0,5.0,0,5.0,0,5.0,0,5.0,0,4,100000,0
aset-0402,5,0,0,0,5096,21,"Lingkungan Veteran No. 7, Kel. Padang Bulan Kec. Medan Deli, Kota Medan",3.59688,98.612341,0,5.0,0,5.0,0,5.0,0,5.0,0,5.0,0,5.0,0,5.0,0,5.0,0,4.8146,0,2,3400000,0
aset-0403,5,0,2,1,4896,27,"Jl. Imam Bonjol No. 32, Kel. Pandan Selamat Kec. Medan Area, Kota Medan",3.630395,98.705565,1,2.7318,0,3.4312,0,3.8667,0,5.0,1,2.7069,0,5.0,0,5.0,0,5.0,0,5.0,2,3,2000000,1
aset-0404,6,0,1,1,880,25,"Jl. Imam Bonjol No. 1, Kel. Aur Kec. Medan Denai, Kota Medan",3.605661,98.642925,0,4.0036,0,3.5203,0,3.2812,0,3.4189,0,3.0714,1,2.7215,0,4.1632,0,3.7883,1,2.2864,2,5,1600000,1
aset-0405,5,0,0,0,1360,9,"Jl. Thamrin No. 25, Kel. Polonia Kec. Medan Labuhan, Kota Medan",3.600416,98.647282,0,3.5742,1,2.8643,1,2.7431,1,2.7582,1,2.3404,1,2.0564,0,3.4954,0,3.1576,2,1.5313,7,5,8400000,1
aset-0406,6,2,0,2,2141,9,"Jl. Ahmad Yani No. 6, Kel. Sikambing Kec. Medan Labuhan, Kota Medan",3.590373,98.657405,2,2.275,5,1.6458,6,1.9601,1,1.5367,3,0.8565,1,0.9875,1,2.1749,1,1.9938,5,0.3075,25,2,14800000,2
aset-0407,1,2,0,1,1393,12,"Jl. Teuku Daud No. 24, Kel. Pusat Pasar Kec. Medan Sunggal, Kota Medan",3.546873,98.68906,0,4.0043,0,3.9612,0,3.236,1,2.9527,0,4.0409,1,2.8566,0,4.9788,0,5.0,0,3.1905,2,1,500000,1
aset-0408,4,2,0,1,797,19,"Jl. Katamso No. 1, Kel. Polonia Kec. Medan Petisah, Kota Medan",3.586989,98.610851,0,5.0,0,5.0,0,5.0,0,5.0,0,5.0,0,5.0,0,5.0,0,5.0,0,4.9047,0,1,500000,0
aset-0409,1,2,0,1,1604,18,"Jl. Marelan Raya No. 36, Kel. Titi Kuning Kec. Medan Selayang, Kota Medan",3.611655,98.654062,1,2.838,1,2.875,2,2.3573,1,2.7993,2,2.7963,1,2.2143,0,3.504,0,3.0419,2,2.4993,10,2,4600000,1
aset-0410,6,0,1,1,2963,17,"Jl. Sisingamangaraja No. 7, Kel. Sikambing Kec. Medan Denai, Kota Medan",3.619563,98.715484,0,4.025,0,3.4532,0,3.8155,0,4.8653,1,2.5156,0,5.0,0,5.0,0,5.0,0,5.0,1,2,13400000,0
aset-0411,3,2,0,1,563,10,"Jl. Teuku Daud No. 32, Kel. Sei Sikambing Kec. Medan Petisah, Kota Medan",3.602306,98.720797,0,3.6827,0,3.6462,0,3.3116,0,3.8229,1,2.8238,0,5.0,0,5.0,0,5.0,0,4.6298,1,1,100000,0
aset-0412,2,2,1,1,746,7,"Jl. Ahmad Yani No. 20, Kel. Sei Sikambing Kec. Medan Deli, Kota Medan",3.576224,98.669911,3,1.7603,6,1.7046,6,0.9417,3,1.8693,5,1.003,2,2.1578,1,1.7221,1,2.0557,7,1.4735,34,2,151500000,2
aset-0413,6,2,2,1,3212,23,"Jl. Yos Sudarso No. 5, Kel. Jati Kec. Medan Labuhan, Kota Medan",3.582121,98.676903,3,0.872,7,0.9408,7,0.2327,2,1.3757,6,0.6313,1,1.9483,1,0.8762,1,1.3377,7,0.6614,35,2,99400000,2
aset-0414,5,0,1,1,1420,28,"Komplek Marelan Raya No. 15, Kel. Titi Kuning Kec. Medan Helvetia, Kota Medan",3.604181,98.643863,0,3.9046,0,3.361,0,3.1522,0,3.2581,1,2.89,1,2.5582,0,4.0013,0,3.6362,2,2.0922,4,2,4100000,1
aset-0415,4,2,2,1,1450,11,"Jl. Yos Sudarso No. 4, Kel. Suka Maju Kec. Medan Deli, Kota Medan",3.591079,98.678936,3,0.1743,7,0.3415,7,0.2313,2,0.9062,8,0.5932,1,1.6068,1,0.2461,1,0.5443,7,0.149,37,2,305000000,2
aset-0416,2,0,2,1,1533,24,"Jl. Teuku Cik Ditiro No. 1, Kel. Polonia Kec. Medan Barat, Kota Medan",3.50926,98.680762,0,5.0,0,5.0,0,5.0,0,5.0,0,5.0,0,5.0,0,5.0,0,5.0,0,5.0,0,3,1100000,0
aset-0417,3,2,2,0,1905,9,"Jl. Pemuda No. 14, Kel. Pandan Selamat Kec. Medan Kota, Kota Medan",3.558133,98.706375,0,4.624,1,2.9389,0,3.8393,0,3.0408,0,3.1384,0,4.598,0,4.815,0,5.0,0,3.1275,1,4,300000,0
aset-0418,4,0,1,1,246,8,"Jl. Katamso No. 34, Kel. Aur Kec. Medan Polonia, Kota Medan",3.631526,98.715185,0,3.794,0,4.2192,0,4.855,0,5.0,0,3.3729,0,5.0,0,5.0,0,5.0,0,5.0,0,2,1300000,0
aset-0419,5,2,1,1,471,26,"Jl. Veteran No. 7, Kel. Titi Kuning Kec. Medan Petisah, Kota Medan",3.613788,98.664484,2,1.8289,4,2.4573,2,1.5385,1,2.4219,4,1.8806,1,2.0899,1,2.9875,1,2.4906,3,2.2346,19,2,5700000,1
aset-0420,5,2,0,0,1420,28,"Jl. Gatot Subroto No. 22, Kel. Sunggal Kec. Medan Barat, Kota Medan",3.603126,98.686789,3,0.8535,7,0.2479,6,1.12,2,2.0828,8,0.5304,1,2.5814,1,1.8195,1,1.6557,5,1.5442,34,2,57300000,2
aset-0421,5,0,0,1,989,14,"Jl. Gatot Subroto No. 6, Kel. Petisah Tengah Kec. Medan Selayang, Kota Medan",3.529604,98.629945,0,4.7616,0,5.0,0,5.0,0,4.6847,0,5.0,0,4.8735,0,5.0,0,5.0,0,5.0,0,5,1900000,0
aset-0422,2,0,0,1,590,9,"Jl. Thamrin No. 4, Kel. Petisah Tengah Kec. Medan Johor, Kota Medan",3.513506,98.650311,0,5.0,0,5.0,0,5.0,0,4.8367,0,5.0,0,4.9984,0,5.0,0,5.0,0,5.0,0,2,2100000,0
aset-0423,1,2,0,1,1190,23,"Jl. Teuku Cik Ditiro No. 45, Kel. Padang Bulan Kec. Medan Marelan, Kota Medan",3.531188,98.622857,0,5.0,0,5.0,0,5.0,0,5.0,0,5.0,0,5.0,0,5.0,0,5.0,0,5.0,0,1,100000,0
aset-0424,5,2,2,2,964,20,"Jl. Putri Hijau No. 10, Kel. Aur Kec. Medan Helvetia, Kota Medan",3.616586,98.650614,0,3.3629,0,3.5371,2,2.4927,0,3.4636,0,3.4506,1,2.8827,0,4.161,0,3.692,0,3.1058,3,4,500000,1
aset-0425,2,2,1,1,1003,18,"Blok Sudirman No. 45, Kel. Sunggal Kec. Medan Sunggal, Kota Medan",3.587127,98.612625,0,5.0,0,5.0,0,5.0,0,5.0,0,5.0,0,5.0,0,5.0,0,5.0,0,4.7072,0,1,1100000,0
aset-0426,6,0,2,1,1542,6,"Perumahan Sisingamangaraja No. 18, Kel. Pandan Selamat Kec. Medan Helvetia, Kota Medan",3.563824,98.603124,0,5.0,0,5.0,0,5.0,0,5.0,0,5.0,0,5.0,0,5.0,0,5.0,0,5.0,0,3,1300000,0
aset-0427,6,0,1,1,1634,18,"Lorong HM Yamin No. 15, Kel. Sikambing Kec. Medan Petisah, Kota Medan",3.633517,98.702181,1,2.3566,0,3.54,0,3.5598,0,5.0,1,2.9191,0,5.0,0,5.0,0,5.0,0,5.0,2,0,5100000,0
aset-0428,3,2,1,1,1973,13,"Jl. Gatot Subroto No. 7, Kel. Suka Maju Kec. Medan Helvetia, Kota Medan",3.553724,98.626179,0,3.5515,0,5.0,0,4.8705,0,4.1662,0,5.0,0,4.3159,0,5.0,0,5.0,0,5.0,0,1,300000,1
aset-0429,5,2,0,0,220,27,"Jl. Diponegoro No. 28, Kel. Titi Kuning Kec. Medan Sunggal, Kota Medan",3.601153,98.697745,3,1.2165,7,1.163,5,0.9766,1,2.1938,6,0.7856,0,3.6978,1,2.615,1,2.6465,3,2.3515,27,2,16000000,2
aset-0430,1,2,2,1,949,23,"Jl. Balai Kota No. 14, Kel. Bantan Kec. Medan Sunggal, Kota Medan",3.520651,98.683778,0,5.0,0,5.0,0,5.0,0,4.4123,0,5.0,0,4.4489,0,5.0,0,5.0,0,5.0,0,4,200000,0
aset-0431,4,2,0,1,953,18,"Jl. KH Wahid Hasyim No. 18, Kel. Gaharu Kec. Medan Perjuangan, Kota Medan",3.618818,98.688223,3,1.6706,1,1.5367,3,2.0714,0,3.4489,4,1.2665,0,3.6954,0,3.438,0,3.1255,0,3.1619,11,2,9500000,1
aset-0432,1,0,1,0,1532,24,"Jl. Iskandar Muda No. 48, Kel. Sunggal Kec. Medan Labuhan, Kota Medan",3.609884,98.635601,0,4.8355,0,4.4543,0,4.1775,0,4.3539,0,4.0046,0,3.6583,0,5.0,0,4.7155,0,3.1665,0,5,2700000,1
aset-0433,5,2,1,1,1287,8,"Jl. Katamso No. 2, Kel. Petisah Tengah Kec. Medan Selayang, Kota Medan",3.602607,98.686382,3,0.8077,7,0.3211,6,1.096,2,2.0137,8,0.5554,1,2.5191,1,1.7461,1,1.5847,5,1.4709,34,2,202800000,2
aset-0434,1,2,0,0,661,19,"Jl. Putri Hijau No. 30, Kel. Kesawan Kec. Medan Johor, Kota Medan",3.577844,98.647033,1,1.9747,0,3.2431,1,2.6208,0,3.1488,2,2.3484,1,2.7595,0,3.5899,0,3.5862,2,1.5234,7,2,3000000,1
aset-0435,3,0,1,0,4431,24,"Perumahan Iskandar Muda No. 45, Kel. Petisah Tengah Kec. Medan Kota, Kota Medan",3.573701,98.675048,3,1.8288,6,1.8184,7,1.034,3,2.1925,5,1.3011,2,2.2622,1,1.8253,1,2.2572,7,0.9946,35,2,311400000,2
aset-0436,5,2,2,1,125,10,"Jl. Teuku Cik Ditiro No. 34, Kel. Petisah Tengah Kec. Medan Timur, Kota Medan",3.524207,98.616551,0,5.0,0,5.0,0,5.0,0,5.0,0,5.0,0,5.0,0,5.0,0,5.0,0,5.0,0,4,100000,0
aset-0437,5,2,2,1,570,12,"Jl. Jamin Ginting No. 14, Kel. Sunggal Kec. Medan Selayang, Kota Medan",3.60004,98.646018,0,3.7135,1,2.9878,1,2.8835,1,2.8808,1,2.4382,1,2.1798,0,3.615,0,3.2857,2,1.5813,7,4,300000,0
aset-0438,1,0,0,1,595,13,"Jl. Gatot Subroto No. 48, Kel. Padang Bulan Kec. Medan Petisah, Kota Medan",3.622233,98.712186,0,3.6272,0,3.2979,0,3.8115,0,4.9545,1,2.394,0,5.0,0,5.0,0,5.0,0,5.0,1,2,2900000,0
aset-0439,5,0,0,1,576,17,"Jl. Sisingamangaraja No. 14, Kel. Gaharu Kec. Medan Area, Kota Medan",3.587009,98.679385,3,0.3612,7,0.416,7,0.061,2,1.1444,8,0.6328,1,1.827,1,0.425,1,0.9171,7,0.2902,37,2,603400000,2
aset-0440,3,0,2,0,2798,9,"Blok Putri Hijau No. 45, Kel. Bantan Kec. Medan Polonia, Kota Medan",3.526511,98.702968,0,5.0,0,5.0,0,5.0,0,5.0,0,5.0,0,5.0,0,5.0,0,5.0,0,5.0,0,3,1200000,0
aset-0441,2,0,1,0,1333,25,"Jl. Teuku Cik Ditiro No. 12, Kel. Sunggal Kec. Medan Timur, Kota Medan",3.616353,98.684002,3,1.278,4,1.3381,3,1.798,1,2.9707,4,0.781,0,3.1756,0,3.0316,1,2.6788,1,2.7618,17,2,35000000,1
aset-0442,3,2,2,1,615,21,"Jl. Veteran No. 15, Kel. Titi Kuning Kec. Medan Deli, Kota Medan",3.58444,98.698467,2,1.6772,6,0.4708,5,1.329,1,0.6646,6,0.6275,0,3.8953,1,2.4613,1,2.8129,5,1.8183,27,2,8600000,2
aset-0443,3,0,0,1,6855,24,"Perumahan HM Yamin No. 16, Kel. Pasar Merah Kec. Medan Barat, Kota Medan",3.533878,98.651563,0,3.29,0,5.0,0,4.11,1,2.6979,0,5.0,1,2.8766,0,5.0,0,5.0,0,5.0,2,2,15700000,1
aset-0444,3,2,0,0,1382,22,"Jl. Imam Bonjol No. 18, Kel. Pandan Selamat Kec. Medan Johor, Kota Medan",3.617222,98.64286,0,4.2003,0,4.2085,0,3.2718,0,4.1239,0,3.9855,0,3.4846,0,4.8494,0,4.4033,0,3.4151,0,1,200000,0
aset-0445,2,0,0,1,952,23,"Perumahan HM Yamin No. 14, Kel. Sunggal Kec. Medan Sunggal, Kota Medan",3.578201,98.678293,3,1.3016,6,1.2083,7,0.4828,2,1.6859,5,1.0293,2,2.3803,1,1.3198,1,1.7944,7,0.6854,34,2,347600000,2
aset-0446,6,2,1,0,1040,28,"Jl. Pemuda No. 16, Kel. Sei Sikambing Kec. Medan Tembung, Kota Medan",3.592694,98.677667,3,0.3118,7,0.2004,6,0.4366,2,0.7406,8,0.5215,1,1.4289,1,0.3086,1,0.3296,7,0.0808,36,2,76800000,2
aset-0447,2,2,2,0,1264,13,"Jl. HM Yamin No. 14, Kel. Bantan Kec. Medan Barat, Kota Medan",3.590316,98.665938,3,1.3283,6,0.7359,7,1.2935,1,0.6361,6,0.1796,1,0.5311,1,1.2281,1,1.0859,7,0.4692,33,2,72000000,2
aset-0448,5,0,0,0,4132,6,"Jl. Yos Sudarso No. 42, Kel. Merdeka Kec. Medan Selayang, Kota Medan",3.540222,98.692527,0,4.7049,0,4.6535,0,4.0343,0,3.5915,0,4.7569,0,3.5229,0,5.0,0,5.0,0,3.9946,0,0,6400000,1
aset-0449,5,2,1,2,519,25,"Lorong Veteran No. 7, Kel. Kesawan Kec. Medan Johor, Kota Medan",3.581307,98.661672,2,2.0388,5,1.7333,6,1.4911,2,1.662,4,0.9318,2,1.5668,1,1.9566,1,2.0445,7,1.1314,30,2,10400000,2
aset-0450,6,2,2,0,311,7,"Jl. Diponegoro No. 7, Kel. Pasar Merah Kec. Medan Labuhan, Kota Medan",3.60814,98.707959,1,2.5892,1,2.2423,1,2.3317,0,3.3473,3,1.3272,0,4.9862,0,3.984,0,3.9812,0,3.7181,6,2,1400000,1
aset-0451,3,0,0,0,4620,11,"Jl. Teuku Cik Ditiro No. 7, Kel. Suka Maju Kec. Medan Selayang, Kota Medan",3.575806,98.694104,2,2.2933,5,0.6959,5,1.5905,1,0.6995,4,0.8092,0,3.8713,1,2.4686,1,2.9304,5,1.1011,24,2,165400000,2
aset-0452,6,2,0,1,3232,22,"Jl. Diponegoro No. 30, Kel. Titi Kuning Kec. Medan Johor, Kota Medan",3.58852,98.691356,3,0.8572,7,0.8236,6,0.6688,2,0.7475,8,0.6403,0,3.0123,1,1.6017,1,1.9147,6,1.0519,34,2,315400000,2
aset-0453,4,2,0,0,225,20,"Jl. Diponegoro No. 18, Kel. Pulo Brayan Kec. Medan Barat, Kota Medan",3.590003,98.673626,3,0.4745,7,0.1184,7,0.6068,2,0.4427,7,0.5848,1,1.1068,1,0.3745,1,0.4699,7,0.345,36,2,18800000,2
aset-0454,6,0,0,1,87,13,"Lingkungan HM Yamin No. 40, Kel. Pandan Selamat Kec. Medan Barat, Kota Medan",3.619092,98.637499,0,4.8302,0,4.8039,0,3.7962,0,4.7159,0,4.5289,0,4.0609,0,5.0,0,5.0,0,3.8689,0,4,100000,0
aset-0455,3,0,0,0,3315,20,"Jl. Pemuda No. 20, Kel. Sunggal Kec. Medan Helvetia, Kota Medan",3.55652,98.683597,0,3.06,0,3.1031,2,2.0867,1,2.2155,0,3.1239,1,2.0647,0,3.7942,0,4.2754,2,2.0663,6,0,29200000,1
aset-0456,1,0,0,1,328,20,"Gang Teuku Daud No. 48, Kel. Pulo Brayan Kec. Medan Petisah, Kota Medan",3.519075,98.689711,0,5.0,0,5.0,0,5.0,0,4.9196,0,5.0,0,4.9375,0,5.0,0,5.0,0,5.0,0,2,1600000,1
aset-0457,3,0,0,1,379,6,"Jl. Katamso No. 7, Kel. Petisah Tengah Kec. Medan Labuhan, Kota Medan",3.603996,98.643328,0,3.965,0,3.4088,0,3.2084,0,3.3054,1,2.9266,1,2.6048,0,4.048,0,3.6864,2,2.1115,4,2,2800000,1
aset-0458,3,0,0,1,588,12,"Jl. HM Yamin No. 14, Kel. Pusat Pasar Kec. Medan Timur, Kota Medan",3.539448,98.674249,0,3.2571,0,5.0,0,3.1411,1,2.0791,0,5.0,1,2.1074,0,5.0,0,5.0,0,4.1064,2,0,4600000,1
aset-0459,6,2,0,0,803,16,"Jl. HM Yamin No. 8, Kel. Kesawan Kec. Medan Denai, Kota Medan",3.544562,98.71344,0,5.0,0,4.6387,0,5.0,0,4.7408,0,4.8388,0,5.0,0,5.0,0,5.0,0,4.72,0,1,500000,0
aset-0460,4,0,1,0,1019,27,"Jl. Veteran No. 30, Kel. Kesawan Kec. Medan Marelan, Kota Medan",3.581441,98.697341,2,1.8669,6,0.2671,5,1.5684,1,0.4858,5,0.512,0,3.8929,1,2.4498,1,2.8456,5,1.5624,26,2,147500000,2
aset-0461,1,0,1,2,4613,28,"Jl. Sudirman No. 3, Kel. Sei Sikambing Kec. Medan Deli, Kota Medan",3.562324,98.63859,1,2.0223,0,5.0,0,3.305,1,2.9064,0,4.17,0,3.0141,0,5.0,0,5.0,0,3.4807,2,0,4100000,0
aset-0462,6,0,0,1,10259,15,"Jl. Teuku Cik Ditiro No. 7, Kel. Jati Kec. Medan Perjuangan, Kota Medan",3.617418,98.661605,2,2.3105,1,2.9501,2,1.4134,1,2.9085,2,2.305,1,2.5211,0,3.4948,1,2.9984,1,2.6989,11,2,59500000,1
aset-0463,6,0,1,2,3121,14,"Jl. Gatot Subroto No. 42, Kel. Gaharu Kec. Medan Johor, Kota Medan",3.552341,98.723029,0,5.0,0,4.5335,0,5.0,0,4.6886,0,4.7675,0,5.0,0,5.0,0,5.0,0,5.0,0,0,5900000,0
aset-0464,5,0,0,2,2658,18,"Jl. Setiabudi No. 2, Kel. Polonia Kec. Medan Perjuangan, Kota Medan",3.598236,98.719234,0,3.4454,0,3.2392,0,3.0507,0,3.4257,1,2.7976,0,5.0,0,4.7756,0,4.9314,0,4.3168,1,2,10400000,1
aset-0465,5,0,0,1,713,19,"Gang Katamso No. 28, Kel. Suka Maju Kec. Medan Sunggal, Kota Medan",3.629566,98.696639,1,1.7565,1,2.895,1,2.8727,0,4.9626,3,2.3991,0,5.0,0,4.9098,0,4.6267,0,4.6315,6,2,5100000,1
aset-0466,3,0,0,0,1499,19,"Jl. Ahmad Yani No. 42, Kel. Merdeka Kec. Medan Kota, Kota Medan",3.555999,98.680834,1,2.7786,0,3.2909,2,1.8775,1,1.9055,0,3.2919,1,1.7573,0,3.8046,0,4.2748,2,2.151,7,5,13000000,1
aset-0467,3,2,0,1,497,21,"Blok Imam Bonjol No. 40, Kel. Pandan Selamat Kec. Medan Helvetia, Kota Medan",3.55694,98.682548,1,2.9359,0,3.1104,2,1.9642,1,2.104,0,3.1213,1,1.9503,0,3.7273,0,4.2052,2,2.0249,7,1,700000,1
aset-0468,6,2,0,1,1358,19,"Jl. Imam Bonjol No. 10, Kel. Titi Kuning Kec. Medan Tembung, Kota Medan",3.571638,98.706789,0,3.3629,1,1.7433,0,3.0259,1,1.9155,1,1.9844,0,4.953,0,3.8855,0,4.316,2,2.5622,5,1,1000000,1
aset-0469,6,2,0,1,797,21,"Jl. Putri Hijau No. 10, Kel. Sikambing Kec. Medan Kota, Kota Medan",3.601191,98.679935,3,0.5447,7,0.9901,7,0.8862,2,1.3464,8,0.5892,1,1.7948,1,1.2864,1,0.9692,6,1.0182,36,2,61300000,2
aset-0470,5,0,2,1,26314,18,"Lorong Yos Sudarso No. 10, Kel. Pasar Merah Kec. Medan Labuhan, Kota Medan",3.615767,98.704573,1,2.8792,1,2.1945,1,2.7458,0,3.9683,3,1.2849,0,4.9617,0,4.1919,0,4.0779,0,3.9285,6,2,112000000,1
aset-0471,4,2,1,1,1384,10,"Lorong Cut Mutia No. 1, Kel. Pusat Pasar Kec. Medan Barat, Kota Medan",3.551932,98.71481,0,5.0,0,4.0015,0,4.9963,0,4.1276,0,4.2182,0,5.0,0,5.0,0,5.0,0,4.2901,0,1,300000,0
aset-0472,3,0,1,0,936,12,"Lingkungan HM Yamin No. 6, Kel. Aur Kec. Medan Barat, Kota Medan",3.582254,98.663926,2,1.7686,5,1.4818,6,1.2318,1,1.4297,4,0.7595,2,1.4223,1,1.6873,1,1.7934,7,1.2425,29,2,93900000,2
aset-0473,5,2,0,1,836,6,"Blok Gatot Subroto No. 45, Kel. Jati Kec. Medan Labuhan, Kota Medan",3.596416,98.713411,1,2.7882,2,2.597,1,2.3857,1,2.775,2,2.3222,0,5.0,0,4.1033,0,4.2712,0,3.6398,7,1,100000,1
aset-0474,4,2,1,1,486,16,"Gang Sudirman No. 50, Kel. Kesawan Kec. Medan Petisah, Kota Medan",3.604065,98.693334,3,1.0946,7,0.601,5,1.0738,2,2.4538,6,0.5282,0,3.302,1,2.3941,1,2.3221,3,2.1357,28,2,17500000,2
aset-0475,4,2,1,1,303,22,"Jl. Sutomo No. 22, Kel. Bantan Kec. Medan Perjuangan, Kota Medan",3.552322,98.693174,0,4.2078,0,3.3063,0,3.2356,0,3.2836,0,3.4113,0,3.1534,0,4.558,0,5.0,2,2.734,2,4,100000,0
aset-0476,3,2,0,1,617,25,"Jl. Marelan Raya No. 22, Kel. Kesawan Kec. Medan Helvetia, Kota Medan",3.571085,98.662737,2,1.1146,4,2.5429,5,0.7399,2,1.8028,2,1.8577,2,1.696,1,2.6324,1,2.8887,7,2.1693,26,2,8600000,2
aset-0477,6,2,0,1,1645,22,"Jl. Teuku Daud No. 20, Kel. Sikambing Kec. Medan Maimun, Kota Medan",3.609524,98.625797,0,5.0,0,5.0,0,5.0,0,5.0,0,4.9128,0,4.6406,0,5.0,0,5.0,0,3.9637,0,1,1100000,0
aset-0478,2,2,0,0,642,14,"Blok Veteran No. 32, Kel. Pusat Pasar Kec. Medan Johor, Kota Medan",3.531655,98.668329,0,3.7128,0,5.0,0,3.9304,1,2.6353,0,5.0,1,2.7321,0,5.0,0,5.0,0,5.0,2,1,400000,0
aset-0479,5,2,0,1,1965,23,"Gang Jamin Ginting No. 40, Kel. Suka Maju Kec. Medan Maimun, Kota Medan",3.530217,98.600013,0,5.0,0,5.0,0,5.0,0,5.0,0,5.0,0,5.0,0,5.0,0,5.0,0,5.0,0,1,400000,0
aset-0480,3,0,2,1,2579,19,"Jl. Cut Mutia No. 8, Kel. Jati Kec. Medan Petisah, Kota Medan",3.56181,98.659954,1,0.3743,0,3.6007,2,1.0632,1,0.8736,1,2.9046,1,0.8549,0,3.6612,0,3.9497,0,3.0407,6,3,5100000,1
aset-0481,3,2,0,2,2022,20,"Gang Sutomo No. 12, Kel. Kesawan Kec. Medan Sunggal, Kota Medan",3.63332,98.706609,1,2.8456,0,3.7657,0,4.0345,0,5.0,0,3.0516,0,5.0,0,5.0,0,5.0,0,5.0,1,1,1000000,0
aset-0482,2,0,0,1,403,12,"Jl. Veteran No. 50, Kel. Jati Kec. Medan Selayang, Kota Medan",3.619564,98.672626,2,1.6659,2,2.3524,2,0.738,1,2.9593,4,1.4123,1,2.8595,0,3.3231,1,2.8548,1,2.8886,14,2,9800000,1
aset-0483,5,2,0,1,857,18,"Jl. Cut Mutia No. 16, Kel. Polonia Kec. Medan Johor, Kota Medan",3.603021,98.651168,0,3.1064,2,2.5664,1,2.3315,1,2.4669,1,2.1879,1,1.7753,0,3.2116,1,2.8286,2,1.616,9,2,2100000,1
aset-0484,1,2,1,1,847,10,"Lingkungan Imam Bonjol No. 1, Kel. Kesawan Kec. Medan Kota, Kota Medan",3.50034,98.60954,0,5.0,0,5.0,0,5.0,0,5.0,0,5.0,0,5.0,0,5.0,0,5.0,0,5.0,0,4,400000,0
aset-0485,4,2,1,0,394,21,"Jl. Pemuda No. 32, Kel. Gaharu Kec. Medan Baru, Kota Medan",3.585365,98.683892,3,0.8346,7,0.3093,7,0.5275,2,1.0778,8,0.3177,1,2.3545,1,0.9223,1,1.3768,6,0.2777,36,2,39100000,2
aset-0486,4,0,0,1,247,28,"Jl. Setiabudi No. 32, Kel. Sikambing Kec. Medan Denai, Kota Medan",3.619507,98.697001,3,2.2545,1,1.8973,2,2.8355,0,4.1247,3,1.2843,0,4.4763,0,3.9613,0,3.7424,0,3.6841,9,0,1300000,1
aset-0487,1,0,0,1,4061,24,"Lorong Yos Sudarso No. 32, Kel. Bantan Kec. Medan Selayang, Kota Medan",3.542706,98.688697,0,4.1981,0,4.425,0,3.546,0,3.0879,0,4.5059,0,3.0169,0,5.0,0,5.0,0,3.6412,0,0,5600000,0
aset-0488,3,0,0,2,3149,28,"Jl. Sisingamangaraja No. 28, Kel. Kesawan Kec. Medan Perjuangan, Kota Medan",3.6085,98.646074,0,3.6645,0,3.3539,0,3.0182,0,3.2592,0,3.0187,1,2.5816,0,4.0013,0,3.5922,2,2.3838,3,2,10100000,0
aset-0489,5,0,1,0,1598,7,"Komplek Ahmad Yani No. 24, Kel. Padang Bulan Kec. Medan Marelan, Kota Medan",3.623264,98.683689,2,1.0162,1,2.0864,2,1.4406,0,3.6479,3,1.5047,0,3.7654,0,3.7725,0,3.3938,0,3.5074,8,2,3200000,1
aset-0490,6,0,0,1,7549,15,"Jl. Putri Hijau No. 15, Kel. Merdeka Kec. Medan Labuhan, Kota Medan",3.615002,98.630304,0,5.0,0,5.0,0,4.6789,0,5.0,0,4.8151,0,4.4466,0,5.0,0,5.0,0,3.9838,0,2,6200000,0
aset-0491,6,2,1,0,527,12,"Jl. Sisingamangaraja No. 3, Kel. Aur Kec. Medan Sunggal, Kota Medan",3.54918,98.692307,0,4.2297,0,3.6617,0,3.3472,0,3.238,0,3.7614,0,3.124,0,4.8465,0,5.0,0,3.0295,0,1,200000,0
aset-0492,2,2,0,0,538,28,"Jl. Imam Bonjol No. 36, Kel. Titi Kuning Kec. Medan Area, Kota Medan",3.606913,98.652927,1,2.8952,2,2.6217,2,2.2407,1,2.533,1,2.4005,1,1.8841,0,3.2671,1,2.8394,2,2.0051,11,2,2200000,1
aset-0493,3,2,2,1,319,8,"Jl. Gatot Subroto No. 10, Kel. Kesawan Kec. Medan Helvetia, Kota Medan",3.549102,98.685752,0,3.5654,0,3.7994,1,2.8004,1,2.5308,0,3.8542,1,2.4274,0,4.6502,0,5.0,1,2.8982,4,4,300000,0
aset-0494,1,0,1,0,2500,24,"Jl. Cut Mutia No. 30, Kel. Petisah Tengah Kec. Medan Area, Kota Medan",3.541138,98.621436,0,4.6166,0,5.0,0,5.0,0,4.9338,0,5.0,0,5.0,0,5.0,0,5.0,0,5.0,0,2,3000000,0
aset-0495,4,2,0,1,2473,23,"Jl. Marelan Raya No. 5, Kel. Polonia Kec. Medan Kota, Kota Medan",3.548522,98.658781,1,1.6248,0,5.0,1,2.2953,1,0.895,0,4.3133,1,1.0806,0,5.0,0,5.0,0,4.0627,4,1,900000,1
aset-0496,3,2,0,1,417,28,"Jl. Yos Sudarso No. 24, Kel. Gaharu Kec. Medan Selayang, Kota Medan",3.601273,98.623579,0,5.0,0,5.0,0,5.0,0,5.0,0,4.795,0,4.6493,0,5.0,0,5.0,0,3.7445,0,1,100000,0
aset-0497,3,2,0,1,1734,21,"Lorong Marelan Raya No. 24, Kel. Merdeka Kec. Medan Maimun, Kota Medan",3.58156,98.636062,0,3.0913,0,4.1863,0,3.8967,0,4.0807,0,3.3163,0,3.5422,0,4.6391,0,4.5373,1,2.2587,1,1,200000,0
aset-0498,2,0,2,1,5472,17,"Jl. Iskandar Muda No. 30, Kel. Sikambing Kec. Medan Area, Kota Medan",3.574329,98.665402,2,1.5806,5,2.0849,6,0.8645,2,2.1671,4,1.3943,2,2.0386,1,2.1664,1,2.4329,7,1.922,30,2,772000000,2
aset-0499,2,2,0,1,1272,19,"Jl. Cut Mutia No. 50, Kel. Pasar Merah Kec. Medan Selayang, Kota Medan",3.602995,98.651221,0,3.1009,2,2.5598,1,2.3254,1,2.4603,1,2.1817,1,1.7688,0,3.2051,1,2.8221,2,1.6117,9,2,1800000,1
aset-0500,2,0,0,1,213,26,"Komplek Katamso No. 30, Kel. Sunggal Kec. Medan Selayang, Kota Medan",3.575583,98.708764,0,3.1799,1,1.6859,1,2.8081,1,1.8893,2,1.9341,0,5.0,0,3.8725,0,4.2701,2,2.7275,7,2,7900000,1
aset-0501,3,0,2,0,1402,21,"Lingkungan Diponegoro No. 10, Kel. Pandan Selamat Kec. Medan Helvetia, Kota Medan",3.592569,98.636308,0,3.9978,0,3.9613,0,4.0532,0,3.8503,0,3.2088,0,3.1956,0,4.5249,0,4.2969,1,2.112,1,3,400000,1
aset-0502,4,0,2,1,2768,10,"Komplek Pemuda No. 5, Kel. Bantan Kec. Medan Johor, Kota Medan",3.5923,98.665114,3,1.4439,6,0.7682,7,1.1728,1,0.6579,6,0.3671,1,0.3005,1,1.3437,1,1.1133,7,0.372,33,2,597200000,2
aset-0503,2,0,2,2,1741,27,"Jl. Pemuda No. 48, Kel. Polonia Kec. Medan Maimun, Kota Medan",3.625172,98.684595,2,0.8577,1,2.2747,1,1.5115,0,3.8825,3,1.7336,0,3.9981,0,4.0008,0,3.6261,0,3.7344,7,3,6600000,1
aset-0504,2,2,0,1,1371,27,"Jl. Balai Kota No. 3, Kel. Gaharu Kec. Medan Kota, Kota Medan",3.548673,98.630457,0,3.3294,0,5.0,0,4.6382,0,3.7538,0,5.0,0,3.9192,0,5.0,0,5.0,0,5.0,0,1,700000,0
aset-0505,3,0,1,1,3338,28,"Jl. Setiabudi No. 32, Kel. Polonia Kec. Medan Timur, Kota Medan",3.529999,98.613208,0,5.0,0,5.0,0,5.0,0,5.0,0,5.0,0,5.0,0,5.0,0,5.0,0,5.0,0,3,1500000,0
aset-0506,1,0,0,0,1220,28,"Jl. Cut Mutia No. 12, Kel. Aur Kec. Medan Denai, Kota Medan",3.597845,98.681242,3,0.8221,7,0.8722,6,1.0144,2,1.2578,8,0.2069,1,1.83,1,0.9912,1,0.814,6,0.7127,35,2,174200000,2
aset-0507,6,2,0,1,467,25,"Komplek Sisingamangaraja No. 34, Kel. Polonia Kec. Medan Johor, Kota Medan",3.587917,98.631273,0,3.9626,0,4.5549,0,4.6928,0,4.4448,0,3.7448,0,3.8248,0,5.0,0,4.8996,1,2.6359,1,2,400000,0
aset-0508,3,2,1,1,1062,14,"Blok HM Yamin No. 32, Kel. Suka Maju Kec. Medan Deli, Kota Medan",3.549244,98.717083,0,5.0,0,4.3901,0,5.0,0,4.5177,0,4.6079,0,5.0,0,5.0,0,5.0,0,4.6721,0,4,600000,0
aset-0509,5,0,1,1,1524,23,"Jl. Sisingamangaraja No. 50, Kel. Padang Bulan Kec. Medan Denai, Kota Medan",3.535268,98.670718,0,3.4489,0,5.0,0,3.5413,1,2.3178,0,5.0,1,2.3911,0,5.0,0,5.0,0,4.6645,2,0,2800000,0
aset-0510,1,2,2,0,218,22,"Jl. Yos Sudarso No. 2, Kel. Suka Maju Kec. Medan Helvetia, Kota Medan",3.554048,98.679696,1,2.729,0,3.5419,1,1.9388,1,1.7778,0,3.5417,1,1.6454,0,4.0089,0,4.4729,2,2.3869,6,4,500000,1
aset-0511,5,2,2,0,1467,18,"Jl. Sutomo No. 45, Kel. Sikambing Kec. Medan Labuhan, Kota Medan",3.596111,98.706347,1,2.0036,4,2.0118,1,1.6022,1,2.1577,5,1.7511,0,4.5902,0,3.3269,0,3.4867,1,2.8856,13,2,7100000,1
aset-0512,2,0,0,1,844,23,"Jl. Iskandar Muda No. 45, Kel. Gaharu Kec. Medan Perjuangan, Kota Medan",3.55489,98.61406,0,4.8283,0,5.0,0,5.0,0,5.0,0,5.0,0,5.0,0,5.0,0,5.0,0,5.0,0,0,7300000,0
aset-0513,6,0,0,1,1444,28,"Jl. Gatot Subroto No. 32, Kel. Padang Bulan Kec. Medan Timur, Kota Medan",3.513795,98.629292,0,5.0,0,5.0,0,5.0,0,5.0,0,5.0,0,5.0,0,5.0,0,5.0,0,5.0,0,0,5000000,0
aset-0514,1,0,0,2,12739,9,"Jl. Katamso No. 7, Kel. Gaharu Kec. Medan Johor, Kota Medan",3.534246,98.610998,0,5.0,0,5.0,0,5.0,0,5.0,0,5.0,0,5.0,0,5.0,0,5.0,0,5.0,0,5,8200000,1
aset-0515,6,0,1,1,901,19,"Jl. Jamin Ginting No. 7, Kel. Pandan Selamat Kec. Medan Area, Kota Medan",3.603484,98.662381,2,1.8654,6,1.5807,5,1.1247,1,1.508,5,1.6366,1,0.9872,1,2.2091,1,1.7531,5,1.2252,27,2,124400000,2
aset-0516,2,0,2,1,2570,10,"Jl. Gatot Subroto No. 40, Kel. Kesawan Kec. Medan Helvetia, Kota Medan",3.589127,98.706761,1,2.1715,4,1.5269,2,1.7437,1,1.7205,4,1.6722,0,4.6803,0,3.3042,0,3.5661,3,2.7581,15,2,47500000,1
aset-0517,1,0,1,1,705,8,"Jl. Sudirman No. 25, Kel. Pusat Pasar Kec. Medan Perjuangan, Kota Medan",3.585486,98.709511,1,2.6087,3,1.6564,1,2.1865,1,1.8729,3,1.853,0,5.0,0,3.6427,0,3.9452,1,2.9851,10,2,8900000,1
aset-0518,5,0,2,1,1017,13,"Gang Sutomo No. 4, Kel. Bantan Kec. Medan Kota, Kota Medan",3.636135,98.679564,1,0.4866,0,3.5864,1,1.4741,0,4.8896,1,2.9104,0,4.8511,0,5.0,0,4.7124,0,4.8577,3,3,3800000,1
aset-0519,1,2,0,1,703,27,"Komplek Imam Bonjol No. 12, Kel. Pusat Pasar Kec. Medan Johor, Kota Medan",3.575125,98.691506,2,2.2313,6,0.8572,6,1.3703,1,0.7822,4,0.8912,0,3.6298,1,2.3081,1,2.7857,5,0.8231,26,2,30200000,2
aset-0520,1,0,2,1,624,25,"Jl. Thamrin No. 4, Kel. Pandan Selamat Kec. Medan Denai, Kota Medan",3.628496,98.687517,2,0.8215,1,2.6132,1,1.8539,0,4.3519,3,2.1802,0,4.4852,0,4.4369,0,4.0796,0,4.1663,7,3,1500000,1
aset-0521,6,2,1,1,1330,10,"Jl. Thamrin No. 40, Kel. Polonia Kec. Medan Polonia, Kota Medan",3.58404,98.700921,2,1.9011,5,0.6951,5,1.5274,1,0.9078,4,0.8866,0,4.1685,1,2.7361,0,3.0824,5,2.0408,23,2,16600000,2
aset-0522,2,2,1,1,888,19,"Jl. Veteran No. 25, Kel. Merdeka Kec. Medan Marelan, Kota Medan",3.55425,98.718783,0,5.0,0,4.0605,0,5.0,0,4.2081,0,4.2903,0,5.0,0,5.0,0,5.0,0,4.5124,0,1,1100000,0
aset-0523,2,0,0,1,1352,28,"Jl. Sisingamangaraja No. 15, Kel. Pandan Selamat Kec. Medan Kota, Kota Medan",3.573283,98.659571,2,1.184,3,2.5388,5,1.1676,2,2.0948,2,1.8486,2,2.014,1,2.6827,1,2.8703,7,1.8198,25,2,75000000,2
aset-0524,3,0,0,1,2967,20,"Jl. Teuku Cik Ditiro No. 2, Kel. Kesawan Kec. Medan Kota, Kota Medan",3.605506,98.705826,2,2.2352,2,1.979,1,1.9626,1,2.9762,5,1.1251,0,4.6789,0,3.6341,0,3.6523,0,3.3505,11,2,33300000,1
aset-0525,6,2,2,1,1844,8,"Komplek Balai Kota No. 28, Kel. Polonia Kec. Medan Area, Kota Medan",3.613764,98.646334,0,3.7264,0,3.6665,0,3.0567,0,3.581,0,3.4457,1,2.9401,0,4.3085,0,3.8664,1,2.9167,2,4,700000,0
aset-0526,6,2,0,2,791,20,"Perumahan Teuku Daud No. 24, Kel. Sei Sikambing Kec. Medan Helvetia, Kota Medan",3.620788,98.684623,3,1.31,1,1.7951,2,1.6191,0,3.4399,4,1.2652,0,3.6007,0,3.5265,0,3.1644,0,3.2578,10,2,5500000,1
aset-0527,4,2,1,1,2472,28,"Jl. HM Yamin No. 40, Kel. Jati Kec. Medan Baru, Kota Medan",3.554086,98.630124,0,3.122,0,5.0,0,4.442,0,3.7274,0,5.0,0,3.8764,0,5.0,0,5.0,0,4.7638,0,1,800000,0
aset-0528,6,0,2,1,1628,18,"Komplek Putri Hijau No. 15, Kel. Sunggal Kec. Medan Petisah, Kota Medan",3.554926,98.634964,1,2.5843,0,5.0,0,3.9044,0,3.1891,0,5.0,0,3.3355,0,5.0,0,5.0,0,4.3931,1,3,1200000,0
aset-0529,5,0,0,0,984,7,"Jl. Sudirman No. 2, Kel. Pusat Pasar Kec. Medan Selayang, Kota Medan",3.552698,98.70659,0,5.0,0,3.503,0,4.2889,0,3.5904,0,3.6916,0,4.6303,0,5.0,0,5.0,0,3.5421,0,2,16200000,0
aset-0530,3,2,2,1,624,17,"Perumahan Jamin Ginting No. 1, Kel. Jati Kec. Medan Tembung, Kota Medan",3.561959,98.699408,0,3.9179,1,2.2815,1,2.9905,1,2.3392,1,2.4453,0,3.8757,0,3.9883,0,4.4756,2,2.2577,6,4,200000,1
aset-0531,1,2,0,0,612,8,"Jl. Sutomo No. 24, Kel. Titi Kuning Kec. Medan Johor, Kota Medan",3.619253,98.671174,2,1.7106,2,2.4492,2,0.7505,1,2.9193,3,1.4992,1,2.7825,0,3.3164,1,2.8399,1,2.83,13,2,3000000,1
aset-0532,3,2,0,1,2014,13,"Jl. Gatot Subroto No. 45, Kel. Polonia Kec. Medan Selayang, Kota Medan",3.606569,98.68176,4,0.3127,6,0.7142,7,1.288,1,1.9241,8,0.2532,1,2.2614,1,1.9166,1,1.5862,4,1.6458,33,2,177300000,2
aset-0533,1,2,0,1,513,8,"Jl. Thamrin No. 22, Kel. Sikambing Kec. Medan Kota, Kota Medan",3.544275,98.626951,0,3.9127,0,5.0,0,5.0,0,4.2462,0,5.0,0,4.4194,0,5.0,0,5.0,0,5.0,0,1,300000,0
aset-0534,4,2,0,1,392,27,"Jl. Katamso No. 24, Kel. Aur Kec. Medan Baru, Kota Medan",3.633413,98.697136,1,1.7975,0,3.3181,0,3.0152,0,5.0,1,2.8287,0,5.0,0,5.0,0,5.0,0,5.0,2,1,400000,0
aset-0535,1,2,1,0,1636,11,"Jl. Setiabudi No. 20, Kel. Merdeka Kec. Medan Deli, Kota Medan",3.568858,98.697425,0,3.1413,3,1.4859,4,2.3087,1,1.5416,2,1.6474,0,3.8722,0,3.2657,0,3.7429,3,1.6537,13,2,11600000,1
aset-0536,6,0,0,2,1359,18,"Jl. Katamso No. 10, Kel. Petisah Tengah Kec. Medan Marelan, Kota Medan",3.544133,98.640224,1,2.7902,0,5.0,0,3.996,1,2.8673,0,5.0,0,3.0499,0,5.0,0,5.0,0,5.0,2,5,1200000,1
aset-0537,2,2,1,1,94,17,"Jl. Thamrin No. 18, Kel. Aur Kec. Medan Area, Kota Medan",3.595832,98.632773,0,4.5208,0,4.3647,0,4.3815,0,4.254,0,3.6562,0,3.5776,0,4.9508,0,4.6906,1,2.581,1,1,100000,0
aset-0538,3,0,0,1,22951,22,"Jl. Ahmad Yani No. 42, Kel. Pulo Brayan Kec. Medan Perjuangan, Kota Medan",3.593188,98.71177,1,2.6183,2,2.2385,1,2.1988,1,2.4262,2,2.3711,0,5.0,0,3.8749,0,4.0816,0,3.3746,7,2,142700000,1
aset-0539,4,2,0,1,235,17,"Lingkungan Jamin Ginting No. 34, Kel. Polonia Kec. Medan Johor, Kota Medan",3.634954,98.684498,1,0.5085,0,3.3533,1,1.7986,0,4.8997,1,2.8018,0,4.9416,0,5.0,0,4.6743,0,4.8051,3,1,100000,0
aset-0540,4,0,2,1,461,27,"Lorong Jamin Ginting No. 32, Kel. Kesawan Kec. Medan Baru, Kota Medan",3.538138,98.654758,1,2.7738,0,5.0,0,3.5298,1,2.1115,0,5.0,1,2.2884,0,5.0,0,5.0,0,5.0,3,0,800000,1
aset-0541,2,2,0,1,473,17,"Jl. Ahmad Yani No. 12, Kel. Titi Kuning Kec. Medan Maimun, Kota Medan",3.552578,98.65847,1,1.1735,0,4.6068,1,1.921,1,0.6353,0,3.9053,1,0.8185,0,4.6415,0,4.9578,0,3.7731,4,1,600000,1
aset-0542,4,2,0,1,1788,16,"Jl. Ahmad Yani No. 16, Kel. Bantan Kec. Medan Selayang, Kota Medan",3.537158,98.650266,1,2.9635,0,5.0,0,3.858,1,2.4728,0,5.0,1,2.6577,0,5.0,0,5.0,0,5.0,3,1,900000,1
aset-0543,1,2,2,1,231,25,"Jl. Jamin Ginting No. 24, Kel. Petisah Tengah Kec. Medan Selayang, Kota Medan",3.573461,98.697387,2,2.6603,3,0.9858,5,2.0313,1,1.067,2,1.1671,0,4.0852,1,2.9157,0,3.3747,5,1.4995,19,4,1000000,1
aset-0544,4,0,1,0,588,20,"Jl. Sutomo No. 8, Kel. Pasar Merah Kec. Medan Sunggal, Kota Medan",3.554073,98.624471,0,3.7227,0,5.0,0,5.0,0,4.3547,0,5.0,0,4.5031,0,5.0,0,5.0,0,5.0,0,3,800000,0
aset-0545,4,0,1,0,5374,25,"Jl. Setiabudi No. 30, Kel. Jati Kec. Medan Baru, Kota Medan",3.597812,98.614846,0,5.0,0,5.0,0,5.0,0,5.0,0,5.0,0,5.0,0,5.0,0,5.0,0,4.5626,0,2,3200000,0
aset-0546,6,0,0,1,1445,11,"Jl. Setiabudi No. 48, Kel. Aur Kec. Medan Marelan, Kota Medan",3.623037,98.715088,0,3.9119,0,3.6137,0,4.0784,0,5.0,1,2.6986,0,5.0,0,5.0,0,5.0,0,5.0,1,2,1500000,0
aset-0547,2,2,0,0,302,23,"Jl. Imam Bonjol No. 32, Kel. Pulo Brayan Kec. Medan Timur, Kota Medan",3.609183,98.640926,0,4.24,0,3.8897,0,3.5871,0,3.7917,0,3.4892,0,3.1024,0,4.5361,0,4.1411,1,2.7342,1,1,200000,0
aset-0548,5,0,1,1,3858,14,"Jl. Cut Mutia No. 4, Kel. Sikambing Kec. Medan Maimun, Kota Medan",3.539664,98.627449,0,4.1646,0,5.0,0,5.0,0,4.3653,0,5.0,0,4.5461,0,5.0,0,5.0,0,5.0,0,5,2300000,0
aset-0549,3,0,2,0,1775,12,"Lingkungan Pemuda No. 18, Kel. Sunggal Kec. Medan Deli, Kota Medan",3.557748,98.639849,1,1.9698,0,5.0,0,3.2892,1,2.6659,0,4.4573,1,2.798,0,5.0,0,5.0,0,3.8605,3,2,23800000,1
aset-0550,1,0,2,1,7265,9,"Lingkungan Cut Mutia No. 10, Kel. Suka Maju Kec. Medan Petisah, Kota Medan",3.615021,98.649211,0,3.4547,0,3.5202,1,2.7087,0,3.4413,0,3.3826,1,2.8331,0,4.1534,0,3.6952,1,2.9639,3,3,2600000,1
aset-0551,5,0,1,0,230,6,"Jl. Imam Bonjol No. 3, Kel. Merdeka Kec. Medan Selayang, Kota Medan",3.521122,98.673867,0,5.0,0,5.0,0,5.0,0,3.9218,0,5.0,0,4.0012,0,5.0,0,5.0,0,5.0,0,3,800000,0
aset-0552,4,2,0,2,1770,12,"Jl. Teuku Daud No. 12, Kel. Suka Maju Kec. Medan Tembung, Kota Medan",3.613763,98.636438,0,4.8015,0,4.5722,0,4.0697,0,4.4768,0,4.1987,0,3.7947,0,5.0,0,4.8107,0,3.4388,0,1,200000,0
aset-0553,4,2,1,1,705,18,"Komplek Thamrin No. 24, Kel. Bantan Kec. Medan Selayang, Kota Medan",3.61921,98.667756,2,1.9273,2,2.7466,2,0.8365,1,2.9365,3,1.7914,1,2.7093,0,3.4061,1,2.9162,1,2.8033,13,2,3200000,1
aset-0554,6,2,2,1,784,16,"Gang Gatot Subroto No. 4, Kel. Sunggal Kec. Medan Petisah, Kota Medan",3.598536,98.645986,0,3.6696,1,2.9518,1,2.8936,1,2.8434,1,2.3615,1,2.1464,0,3.5703,0,3.2591,2,1.4577,7,4,800000,1
aset-0555,5,0,1,1,2102,25,"Jl. KH Wahid Hasyim No. 34, Kel. Bantan Kec. Medan Barat, Kota Medan",3.582456,98.635879,0,3.1735,0,4.1766,0,3.9574,0,4.0702,0,3.3127,0,3.52,0,4.64,0,4.5274,1,2.2433,1,2,3300000,0
aset-0556,2,2,0,1,762,19,"Komplek Jamin Ginting No. 32, Kel. Sei Sikambing Kec. Medan Deli, Kota Medan",3.553338,98.673052,1,2.0994,0,4.0092,1,1.6193,1,1.0523,0,3.5226,1,0.9413,0,4.1001,0,4.5266,2,2.7028,6,1,400000,1
aset-0557,4,0,0,1,1919,6,"Jl. KH Wahid Hasyim No. 16, Kel. Merdeka Kec. Medan Johor, Kota Medan",3.599041,98.712271,1,2.6876,2,2.6952,1,2.3056,1,2.8573,2,2.0623,0,5.0,0,4.0413,0,4.174,0,3.6164,7,2,9200000,1
aset-0558,4,2,0,2,880,9,"Gang Yos Sudarso No. 50, Kel. Bantan Kec. Medan Timur, Kota Medan",3.528977,98.696345,0,5.0,0,5.0,0,5.0,0,4.6298,0,5.0,0,4.5968,0,5.0,0,5.0,0,5.0,0,1,300000,1
aset-0559,6,0,2,1,321,9,"Jl. Teuku Daud No. 36, Kel. Polonia Kec. Medan Deli, Kota Medan",3.614727,98.649073,0,3.46,0,3.5086,1,2.7371,0,3.429,0,3.3627,1,2.8171,0,4.1431,0,3.6865,1,2.9354,3,3,600000,0
aset-0560,2,0,1,1,6133,20,"Jl. Veteran No. 42, Kel. Gaharu Kec. Medan Polonia, Kota Medan",3.624951,98.68671,2,1.008,1,2.223,1,1.7473,0,3.9575,3,1.7791,0,4.1105,0,4.033,0,3.6787,0,3.7622,7,2,9000000,1
aset-0561,6,2,0,1,3352,12,"Jl. HM Yamin No. 16, Kel. Pandan Selamat Kec. Medan Maimun, Kota Medan",3.587901,98.618665,0,5.0,0,5.0,0,5.0,0,5.0,0,5.0,0,5.0,0,5.0,0,5.0,0,4.0342,0,1,700000,1
aset-0562,5,0,1,1,4580,22,"Jl. Pemuda No. 7, Kel. Suka Maju Kec. Medan Polonia, Kota Medan",3.526527,98.6657,0,4.1742,0,5.0,0,4.5077,0,3.1628,0,5.0,0,3.2782,0,5.0,0,5.0,0,5.0,0,5,2900000,1
aset-0563,6,0,0,1,2355,9,"Jl. Imam Bonjol No. 20, Kel. Aur Kec. Medan Maimun, Kota Medan",3.577289,98.661997,2,1.6903,5,2.0246,6,1.3239,2,2.0125,4,1.3442,2,1.9974,1,2.184,1,2.3527,7,1.5161,30,2,285500000,2
aset-0564,4,0,0,1,1533,20,"Jl. Teuku Daud No. 16, Kel. Aur Kec. Medan Labuhan, Kota Medan",3.555579,98.622914,0,3.8502,0,5.0,0,5.0,0,4.5271,0,5.0,0,4.671,0,5.0,0,5.0,0,5.0,0,2,3100000,0
aset-0565,4,0,0,0,1164,9,"Blok Yos Sudarso No. 36, Kel. Jati Kec. Medan Helvetia, Kota Medan",3.585417,98.711526,1,2.8153,1,1.873,1,2.3908,1,2.0908,2,2.0735,0,5.0,0,3.8654,0,4.1644,0,3.1941,6,2,8700000,1
aset-0566,6,0,1,1,1784,12,"Jl. Putri Hijau No. 36, Kel. Pandan Selamat Kec. Medan Selayang, Kota Medan",3.536864,98.686977,0,4.4342,0,5.0,0,3.9578,0,3.2704,0,5.0,0,3.2367,0,5.0,0,5.0,0,4.2653,0,2,3600000,0
aset-0567,6,0,0,0,430,16,"Gang Jamin Ginting No. 22, Kel. Sei Sikambing Kec. Medan Tembung, Kota Medan",3.616476,98.698485,3,2.4561,1,1.7269,1,2.5474,0,3.8816,4,0.982,0,4.4171,0,3.7884,0,3.6109,0,3.5148,9,2,9800000,1
aset-0568,1,0,1,1,1886,10,"Jl. Thamrin No. 25, Kel. Pandan Selamat Kec. Medan Sunggal, Kota Medan",3.60337,98.637383,0,4.6277,0,4.011,0,3.8568,0,3.9048,0,3.4564,0,3.203,0,4.6411,0,4.3026,1,2.525,1,5,2300000,1
aset-0569,3,0,0,1,1954,25,"Jl. Marelan Raya No. 8, Kel. Polonia Kec. Medan Denai, Kota Medan",3.581796,98.709007,1,2.7635,3,1.5546,1,2.3575,1,1.7765,2,1.7814,0,5.0,0,3.6673,0,4.0106,2,2.8176,10,2,12100000,1
aset-0570,5,0,1,2,770,12,"Jl. Sutomo No. 20, Kel. Pulo Brayan Kec. Medan Sunggal, Kota Medan",3.574855,98.660063,2,1.3671,4,2.3696,5,1.2405,2,2.2553,2,1.6655,2,2.167,1,2.5236,1,2.6981,7,1.6702,26,2,73100000,2
aset-0571,4,2,1,2,646,24,"Jl. Imam Bonjol No. 45, Kel. Pasar Merah Kec. Medan Maimun, Kota Medan",3.60456,98.660081,2,2.1057,3,1.8445,5,1.405,1,1.7666,5,1.8143,1,1.195,1,2.4793,1,2.0298,4,1.4667,23,2,7400000,2
aset-0572,6,0,0,1,1893,23,"Gang Jamin Ginting No. 48, Kel. Kesawan Kec. Medan Baru, Kota Medan",3.554978,98.693658,0,4.1867,0,3.0084,0,3.1457,0,3.0056,0,3.1168,0,3.1825,0,4.3108,0,4.8078,2,2.4858,2,0,5200000,0
aset-0573,4,0,0,1,1939,23,"Jl. Ahmad Yani No. 3, Kel. Gaharu Kec. Medan Baru, Kota Medan",3.612779,98.636586,0,4.7669,0,4.5036,0,4.0922,0,4.4071,0,4.1151,0,3.7217,0,5.0,0,4.747,0,3.3417,0,0,5900000,0
aset-0574,2,2,1,1,468,15,"Perumahan Teuku Cik Ditiro No. 10, Kel. Bantan Kec. Medan Marelan, Kota Medan",3.508793,98.677179,0,5.0,0,5.0,0,5.0,0,5.0,0,5.0,0,5.0,0,5.0,0,5.0,0,5.0,0,1,500000,0
aset-0575,1,0,0,2,1673,19,"Jl. Balai Kota No. 15, Kel. Sikambing Kec. Medan Barat, Kota Medan",3.587495,98.686304,3,0.928,7,0.3392,6,0.8106,2,0.9621,8,0.1552,1,2.5071,1,1.0694,1,1.448,6,0.4808,35,2,166900000,2
aset-0576,5,0,0,1,2194,25,"Jl. Katamso No. 1, Kel. Titi Kuning Kec. Medan Deli, Kota Medan",3.568821,98.714004,0,4.1236,1,2.5682,0,3.7572,1,2.7534,1,2.8142,0,5.0,0,4.734,0,5.0,0,3.4131,3,2,6300000,0
aset-0577,3,0,1,1,1354,15,"Jl. Iskandar Muda No. 36, Kel. Suka Maju Kec. Medan Labuhan, Kota Medan",3.590643,98.690095,3,0.5861,7,0.6882,6,0.4782,2,1.0137,8,0.6372,1,2.8268,1,1.455,1,1.7163,6,0.9855,35,2,733900000,2
aset-0578,4,2,0,1,1098,26,"Komplek Putri Hijau No. 5, Kel. Kesawan Kec. Medan Labuhan, Kota Medan",3.596621,98.676398,3,0.7657,7,0.5157,6,0.6369,2,0.7217,8,0.5154,1,1.2776,1,0.7392,1,0.3301,7,0.5307,36,2,42900000,2
aset-0579,1,0,0,1,1642,9,"Jl. Marelan Raya No. 30, Kel. Sikambing Kec. Medan Maimun, Kota Medan",3.553885,98.707931,0,5.0,0,3.4399,0,4.293,0,3.5382,0,3.6368,0,4.7703,0,5.0,0,5.0,0,3.5605,0,0,3900000,1
aset-0580,1,0,0,1,2413,28,"Jl. Thamrin No. 34, Kel. Jati Kec. Medan Helvetia, Kota Medan",3.604015,98.700427,3,1.6391,4,1.3834,2,1.4121,1,2.583,6,0.6616,0,4.0573,0,3.0311,0,3.0336,2,2.7859,18,2,23200000,1
aset-0581,4,0,0,1,689,24,"Jl. Katamso No. 5, Kel. Sikambing Kec. Medan Sunggal, Kota Medan",3.542151,98.662063,1,2.3907,0,5.0,1,2.8406,1,1.4292,0,4.8905,1,1.5741,0,5.0,0,5.0,0,4.3928,4,5,2600000,1
aset-0582,3,2,0,1,957,11,"Jl. Marelan Raya No. 10, Kel. Pasar Merah Kec. Medan Helvetia, Kota Medan",3.636268,98.6844,1,0.6063,0,3.4997,1,1.8748,0,5.0,1,2.9451,0,5.0,0,5.0,0,4.8143,0,4.9482,3,1,300000,1
aset-0583,6,2,0,2,1051,28,"Jl. Jamin Ginting No. 15, Kel. Jati Kec. Medan Polonia, Kota Medan",3.594576,98.694789,3,0.7291,7,1.3237,6,0.3096,2,1.4124,7,1.3024,0,3.3062,1,2.0387,1,2.197,6,1.6504,33,2,108900000,2
aset-0584,6,0,0,0,1547,13,"Jl. Putri Hijau No. 2, Kel. Aur Kec. Medan Maimun, Kota Medan",3.609084,98.654833,1,2.7037,2,2.613,2,2.1409,1,2.5333,2,2.5021,1,1.9302,0,3.2488,1,2.7968,2,2.2245,12,2,4900000,1
aset-0585,1,2,0,1,1059,11,"Gang Katamso No. 22, Kel. Pasar Merah Kec. Medan Timur, Kota Medan",3.582142,98.689326,3,1.5008,7,0.6299,7,0.926,2,0.408,7,0.4187,0,3.0549,1,1.6232,1,2.0655,6,0.8552,34,2,196600000,2
aset-0586,4,2,1,1,372,26,"Jl. Sisingamangaraja No. 28, Kel. Pusat Pasar Kec. Medan Johor, Kota Medan",3.59627,98.665221,3,1.5752,6,0.8355,6,0.8757,1,0.7372,6,0.8087,1,0.1433,1,1.4814,1,1.1142,5,0.3985,30,2,28600000,2
aset-0587,6,2,1,1,2279,21,"Jl. Pemuda No. 32, Kel. Pusat Pasar Kec. Medan Polonia, Kota Medan",3.506977,98.666838,0,5.0,0,5.0,0,5.0,0,5.0,0,5.0,0,5.0,0,5.0,0,5.0,0,5.0,0,4,900000,0
aset-0588,3,2,0,1,279,6,"Perumahan KH Wahid Hasyim No. 12, Kel. Merdeka Kec. Medan Timur, Kota Medan",3.599535,98.717643,0,3.2856,0,3.1806,1,2.9003,0,3.3587,1,2.5796,0,5.0,0,4.6333,0,4.7722,0,4.1939,2,2,500000,1
aset-0589,5,2,0,1,1499,24,"Jl. Iskandar Muda No. 14, Kel. Polonia Kec. Medan Perjuangan, Kota Medan",3.560126,98.696147,0,3.8809,1,2.4356,1,2.9201,1,2.4572,1,2.5673,0,3.487,0,3.9433,0,4.4379,2,2.1493,6,1,1500000,1
aset-0590,3,2,2,1,1631,8,"Jl. Balai Kota No. 3, Kel. Pusat Pasar Kec. Medan Marelan, Kota Medan",3.542284,98.619267,0,4.76,0,5.0,0,5.0,0,5.0,0,5.0,0,5.0,0,5.0,0,5.0,0,5.0,0,4,700000,0
aset-0591,3,2,1,0,895,17,"Perumahan Putri Hijau No. 25, Kel. Jati Kec. Medan Petisah, Kota Medan",3.58325,98.672763,4,0.9337,7,0.8727,7,0.2498,2,1.1017,6,0.2123,1,1.5651,1,0.8857,1,1.2209,7,0.6388,36,2,116400000,2
aset-0592,4,0,1,1,1490,10,"Jl. Diponegoro No. 2, Kel. Gaharu Kec. Medan Polonia, Kota Medan",3.589926,98.681487,3,0.3981,7,0.2721,7,0.2946,2,1.213,8,0.4448,1,1.9147,1,0.498,1,0.8506,7,0.3303,37,2,900600000,2
aset-0593,4,0,1,1,5133,6,"Jl. Imam Bonjol No. 14, Kel. Gaharu Kec. Medan Selayang, Kota Medan",3.586293,98.659631,2,2.0667,5,1.5622,6,1.7444,1,1.4656,4,0.6675,1,1.1369,1,1.9711,1,1.9088,7,0.5956,28,2,599400000,2
aset-0594,4,2,1,1,272,17,"Jl. Setiabudi No. 50, Kel. Gaharu Kec. Medan Labuhan, Kota Medan",3.628035,98.66705,2,1.6096,0,3.4591,1,0.4933,0,3.9203,1,2.5334,0,3.6804,0,4.3711,0,3.886,0,3.786,4,1,200000,1
aset-0595,5,0,0,0,2337,12,"Lingkungan Teuku Cik Ditiro No. 48, Kel. Petisah Tengah Kec. Medan Timur, Kota Medan",3.594682,98.695833,3,0.8422,7,1.4132,6,0.4258,2,1.4447,7,1.3364,0,3.4219,1,2.1538,1,2.3132,5,1.7567,32,2,267600000,2
aset-0596,4,2,2,0,1565,24,"Jl. Pemuda No. 50, Kel. Jati Kec. Medan Deli, Kota Medan",3.560433,98.716251,0,4.9913,0,3.3635,0,4.5656,0,3.5227,0,3.5993,0,5.0,0,5.0,0,5.0,0,3.9434,0,4,300000,0
aset-0597,4,0,0,1,666,23,"Jl. Jamin Ginting No. 10, Kel. Suka Maju Kec. Medan Petisah, Kota Medan",3.535175,98.643614,0,3.4226,0,5.0,0,4.4551,0,3.1273,0,5.0,0,3.3159,0,5.0,0,5.0,0,5.0,0,5,1700000,0
aset-0598,5,2,0,1,2547,7,"Jl. Katamso No. 25, Kel. Bantan Kec. Medan Labuhan, Kota Medan",3.563771,98.616857,0,4.4337,0,5.0,0,5.0,0,5.0,0,5.0,0,5.0,0,5.0,0,5.0,0,5.0,0,1,800000,0
aset-0599,4,0,0,2,619,14,"Jl. Thamrin No. 15, Kel. Aur Kec. Medan Petisah, Kota Medan",3.590573,98.702463,2,1.6682,5,1.2628,4,1.2405,1,1.4183,5,1.3461,0,4.1865,1,2.8265,0,3.0715,5,2.3054,23,2,35000000,2
aset-0600,6,0,0,1,715,20,"Jl. KH Wahid Hasyim No. 28, Kel. Aur Kec. Medan Marelan, Kota Medan",3.633986,98.702946,1,2.4454,0,3.6249,0,3.6547,0,5.0,1,2.9906,0,5.0,0,5.0,0,5.0,0,5.0,2,1,700000,0
aset-0601,4,2,0,1,268,10,"Jl. Jamin Ginting No. 20, Kel. Sunggal Kec. Medan Baru, Kota Medan",3.539229,98.646009,1,2.9018,0,5.0,0,3.936,1,2.6251,0,5.0,1,2.8142,0,5.0,0,5.0,0,5.0,3,1,200000,0
aset-0602,1,2,2,2,947,13,"Jl. Marelan Raya No. 15, Kel. Bantan Kec. Medan Polonia, Kota Medan",3.528966,98.640529,0,4.1932,0,5.0,0,5.0,0,3.8638,0,5.0,0,4.0512,0,5.0,0,5.0,0,5.0,0,4,200000,0
aset-0603,2,2,0,1,1931,15,"Blok Sudirman No. 7, Kel. Titi Kuning Kec. Medan Labuhan, Kota Medan",3.561526,98.69175,0,3.5096,1,2.305,2,2.531,1,2.2809,1,2.3919,0,3.0317,0,3.5644,0,4.0614,2,1.7428,7,1,4100000,1
aset-0604,2,2,0,1,1124,26,"Jl. Balai Kota No. 25, Kel. Merdeka Kec. Medan Maimun, Kota Medan",3.59192,98.680139,3,0.3349,7,0.4594,6,0.3484,2,1.0213,8,0.4636,1,1.7146,1,0.4086,1,0.6154,7,0.2174,36,2,130500000,2
aset-0605,5,2,0,1,817,24,"Jl. Cut Mutia No. 40, Kel. Gaharu Kec. Medan Deli, Kota Medan",3.528828,98.608768,0,5.0,0,5.0,0,5.0,0,5.0,0,5.0,0,5.0,0,5.0,0,5.0,0,5.0,0,1,300000,0
aset-0606,3,0,1,0,1192,13,"Jl. Balai Kota No. 42, Kel. Polonia Kec. Medan Sunggal, Kota Medan",3.528325,98.665652,0,3.9789,0,5.0,0,4.3083,1,2.9629,0,5.0,0,3.0781,0,5.0,0,5.0,0,5.0,1,0,3900000,0
aset-0607,1,0,0,1,4430,11,"Jl. Cut Mutia No. 40, Kel. Polonia Kec. Medan Baru, Kota Medan",3.57273,98.683797,2,2.0183,6,1.615,6,1.034,3,1.4511,5,1.5321,1,2.7951,1,2.0632,1,2.5587,6,0.2638,31,2,408000000,2
aset-0608,2,0,2,0,4733,18,"Jl. Putri Hijau No. 30, Kel. Kesawan Kec. Medan Baru, Kota Medan",3.566584,98.651191,1,0.7392,0,3.712,1,1.8661,1,1.9014,1,2.926,1,1.9323,0,3.8709,0,4.0343,1,2.5282,6,3,3100000,1
aset-0609,3,2,2,2,1650,19,"Jl. KH Wahid Hasyim No. 24, Kel. Polonia Kec. Medan Petisah, Kota Medan",3.585466,98.682497,3,0.7095,7,0.2872,7,0.4437,2,1.2276,8,0.3956,1,2.2124,1,0.7915,1,1.2621,6,0.1793,36,2,223000000,2
aset-0610,6,2,1,1,775,24,"Jl. Jamin Ginting No. 24, Kel. Titi Kuning Kec. Medan Barat, Kota Medan",3.575684,98.671524,3,1.7319,6,1.725,6,0.9003,3,1.9263,5,1.0372,2,2.2665,1,1.7039,1,2.0728,7,1.375,34,2,58400000,2
aset-0611,3,0,1,2,1551,25,"Perumahan Thamrin No. 12, Kel. Kesawan Kec. Medan Timur, Kota Medan",3.629518,98.664037,1,1.9026,0,3.8085,1,0.8661,0,4.1335,1,2.8729,0,3.8397,0,4.6237,0,4.1326,0,3.9738,3,0,4300000,1
aset-0612,2,0,1,1,504,7,"Perumahan Jamin Ginting No. 12, Kel. Bantan Kec. Medan Deli, Kota Medan",3.573896,98.67194,2,1.8985,6,1.9156,6,0.8827,3,2.1268,5,1.2347,2,2.1338,1,1.8767,1,2.2611,7,1.3341,33,2,589100000,2
aset-0613,4,0,0,0,14008,20,"Jl. KH Wahid Hasyim No. 15, Kel. Gaharu Kec. Medan Polonia, Kota Medan",3.555517,98.698431,0,4.4507,1,2.9693,0,3.4863,0,3.0059,0,3.1149,0,3.7105,0,4.5121,0,5.0,2,2.7097,3,0,24200000,1
aset-0614,3,0,0,1,1967,28,"Jl. Sisingamangaraja No. 7, Kel. Petisah Tengah Kec. Medan Petisah, Kota Medan",3.576979,98.610039,0,5.0,0,5.0,0,5.0,0,5.0,0,5.0,0,5.0,0,5.0,0,5.0,0,5.0,0,0,8700000,0
aset-0615,4,0,2,0,742,21,"Jl. HM Yamin No. 50, Kel. Sei Sikambing Kec. Medan Barat, Kota Medan",3.595648,98.659194,2,2.1721,5,1.4513,5,1.5124,1,1.3429,5,0.9806,1,0.6483,1,2.0734,1,1.7636,5,0.8735,26,2,124500000,2
aset-0616,5,0,0,0,1516,18,"Jl. Diponegoro No. 48, Kel. Pasar Merah Kec. Medan Tembung, Kota Medan",3.595587,98.69297,3,0.5183,7,1.1831,6,0.1619,2,1.5108,7,1.2223,0,3.1047,1,1.878,1,2.002,6,1.5472,33,2,66300000,2
aset-0617,4,2,1,1,657,15,"Jl. Cut Mutia No. 34, Kel. Padang Bulan Kec. Medan Helvetia, Kota Medan",3.595289,98.610494,0,5.0,0,5.0,0,5.0,0,5.0,0,5.0,0,5.0,0,5.0,0,5.0,0,4.9884,0,1,200000,0
aset-0618,4,2,1,1,1327,6,"Jl. Marelan Raya No. 10, Kel. Sunggal Kec. Medan Barat, Kota Medan",3.623993,98.680117,2,0.8957,1,2.2859,2,1.0361,0,3.5917,3,1.559,0,3.6342,0,3.7956,0,3.3831,0,3.5416,8,2,2800000,1
aset-0619,4,2,0,2,323,16,"Jl. Setiabudi No. 42, Kel. Kesawan Kec. Medan Johor, Kota Medan",3.575774,98.652119,1,1.5124,2,2.9218,2,2.0144,2,2.6531,2,2.051,2,2.5718,0,3.1823,0,3.2489,3,1.5051,14,2,3500000,1
aset-0620,1,2,2,0,465,16,"Jl. Teuku Daud No. 7, Kel. Merdeka Kec. Medan Helvetia, Kota Medan",3.6211,98.671383,2,1.6149,1,2.5701,2,0.5465,0,3.1248,3,1.6316,1,2.9874,0,3.5139,0,3.04,0,3.0366,9,4,400000,1
aset-0621,2,0,2,1,347,6,"Jl. Ahmad Yani No. 6, Kel. Pasar Merah Kec. Medan Petisah, Kota Medan",3.592923,98.617785,0,5.0,0,5.0,0,5.0,0,5.0,0,5.0,0,5.0,0,5.0,0,5.0,0,4.1529,0,3,1000000,0
aset-0622,6,2,0,1,1115,14,"Lingkungan Sisingamangaraja No. 48, Kel. Polonia Kec. Medan Maimun, Kota Medan",3.566346,98.690093,1,2.948,3,1.8238,5,1.9736,1,1.7703,3,1.8797,0,3.0131,0,3.0048,0,3.5016,4,1.1916,17,2,6200000,1
aset-0623,2,2,1,1,1632,6,"Jl. KH Wahid Hasyim No. 18, Kel. Gaharu Kec. Medan Barat, Kota Medan",3.589045,98.680852,3,0.3411,7,0.2652,7,0.2056,2,1.1784,8,0.4748,1,1.8797,1,0.4404,1,0.8517,7,0.2606,37,2,373300000,2
aset-0624,3,0,2,1,1786,17,"Jl. Imam Bonjol No. 20, Kel. Pandan Selamat Kec. Medan Maimun, Kota Medan",3.572436,98.683742,2,2.0473,6,1.6407,6,1.0635,3,1.4787,5,1.5606,1,2.7688,1,2.0915,1,2.5867,6,0.2968,31,2,233400000,2
aset-0625,6,0,2,0,1763,10,"Lorong Balai Kota No. 10, Kel. Pasar Merah Kec. Medan Johor, Kota Medan",3.537011,98.636951,0,3.6338,0,5.0,0,4.7952,0,3.5735,0,5.0,0,3.7615,0,5.0,0,5.0,0,5.0,0,3,2600000,0
aset-0626,6,0,1,1,12253,23,"Jl. KH Wahid Hasyim No. 40, Kel. Kesawan Kec. Medan Barat, Kota Medan",3.588603,98.650688,1,2.9267,3,2.4152,2,2.6992,1,2.3066,2,1.589,1,1.7403,1,2.9242,1,2.764,3,0.4806,15,2,40900000,1
aset-0627,1,0,0,1,720,9,"Jl. Balai Kota No. 25, Kel. Jati Kec. Medan Petisah, Kota Medan",3.585899,98.670798,4,0.9051,7,0.6693,7,0.5668,2,0.79,7,0.1666,1,1.1993,1,0.8256,1,1.0144,7,0.6228,37,2,470600000,2
aset-0628,3,0,1,1,1068,17,"Jl. Sutomo No. 15, Kel. Aur Kec. Medan Tembung, Kota Medan",3.51205,98.684967,0,5.0,0,5.0,0,5.0,0,5.0,0,5.0,0,5.0,0,5.0,0,5.0,0,5.0,0,0,1700000,0
aset-0629,3,0,2,1,3377,22,"Jl. Ahmad Yani No. 1, Kel. Suka Maju Kec. Medan Perjuangan, Kota Medan",3.606208,98.670699,3,0.9215,6,1.4757,7,0.6726,1,1.469,7,1.2184,1,1.3976,1,1.9331,1,1.4389,5,1.3901,32,2,590900000,2
aset-0630,3,0,0,1,2104,26,"Jl. Balai Kota No. 50, Kel. Pasar Merah Kec. Medan Denai, Kota Medan",3.561797,98.692354,0,3.5126,1,2.2656,2,2.5371,1,2.2476,1,2.3588,0,3.1035,0,3.5691,0,4.0659,2,1.7517,7,5,13300000,1
aset-0631,3,2,1,1,375,9,"Jl. Pemuda No. 42, Kel. Sunggal Kec. Medan Sunggal, Kota Medan",3.535489,98.650434,0,3.1396,0,5.0,0,4.0097,1,2.6128,0,5.0,1,2.7956,0,5.0,0,5.0,0,5.0,2,1,600000,1
aset-0632,4,2,0,0,597,25,"Blok Katamso No. 45, Kel. Bantan Kec. Medan Tembung, Kota Medan",3.573577,98.68724,2,2.0901,6,1.2723,6,1.1293,2,1.1339,4,1.2273,0,3.1484,1,2.1509,1,2.6462,5,0.4075,27,2,12800000,2
aset-0633,1,0,0,1,7595,17,"Jl. Thamrin No. 32, Kel. Polonia Kec. Medan Barat, Kota Medan",3.578007,98.61927,0,4.4869,0,5.0,0,5.0,0,5.0,0,5.0,0,5.0,0,5.0,0,5.0,0,4.1493,0,2,20400000,0
aset-0634,6,0,1,1,2109,17,"Jl. Sisingamangaraja No. 30, Kel. Suka Maju Kec. Medan Helvetia, Kota Medan",3.580525,98.692093,2,1.7283,7,0.3619,5,1.2369,2,0.1924,4,0.293,0,3.4104,1,1.9788,1,2.4173,5,0.9888,27,2,180600000,2
aset-0635,6,0,2,0,1379,24,"Jl. Setiabudi No. 2, Kel. Aur Kec. Medan Tembung, Kota Medan",3.542755,98.712544,0,5.0,0,4.7785,0,5.0,0,4.8732,0,4.973,0,5.0,0,5.0,0,5.0,0,4.8002,0,3,1200000,1
aset-0636,6,0,1,1,364,6,"Jl. Setiabudi No. 50, Kel. Merdeka Kec. Medan Maimun, Kota Medan",3.559253,98.64776,1,1.0863,0,4.5762,1,2.4057,1,1.834,0,3.8212,1,1.9472,0,4.7137,0,4.9058,0,3.4039,4,5,1300000,1
aset-0637,5,0,2,0,676,9,"Jl. Setiabudi No. 7, Kel. Sei Sikambing Kec. Medan Johor, Kota Medan",3.558028,98.719381,0,5.0,0,3.7983,0,5.0,0,3.9595,0,4.0352,0,5.0,0,5.0,0,5.0,0,4.3714,0,3,1700000,0
aset-0638,2,2,2,1,2712,27,"Jl. Thamrin No. 40, Kel. Pusat Pasar Kec. Medan Area, Kota Medan",3.53647,98.656009,1,2.9513,0,5.0,0,3.6462,1,2.2199,0,5.0,1,2.3898,0,5.0,0,5.0,0,5.0,3,4,2400000,1
aset-0639,5,0,0,1,245,6,"Lorong Cut Mutia No. 3, Kel. Pusat Pasar Kec. Medan Area, Kota Medan",3.567421,98.615763,0,4.5807,0,5.0,0,5.0,0,5.0,0,5.0,0,5.0,0,5.0,0,5.0,0,4.9717,0,0,400000,0
aset-0640,5,0,1,0,2671,13,"Jl. Iskandar Muda No. 12, Kel. Jati Kec. Medan Selayang, Kota Medan",3.584717,98.718824,0,3.5972,1,2.6612,0,3.1694,1,2.8818,1,2.8723,0,5.0,0,4.6786,0,4.9718,0,3.9523,3,2,14000000,0
aset-0641,5,0,0,0,888,28,"Jl. Setiabudi No. 48, Kel. Pulo Brayan Kec. Medan Baru, Kota Medan",3.527908,98.63033,0,4.8843,0,5.0,0,5.0,0,4.767,0,5.0,0,4.9561,0,5.0,0,5.0,0,5.0,0,1,500000,0
aset-0642,5,0,1,2,1349,27,"Jl. Sutomo No. 3, Kel. Suka Maju Kec. Medan Sunggal, Kota Medan",3.584229,98.669927,4,1.0865,6,0.8782,7,0.5794,2,0.9825,6,0.2455,1,1.3166,1,1.0139,1,1.2237,7,0.7938,35,2,117400000,2
aset-0643,1,0,2,1,2647,20,"Jl. Imam Bonjol No. 32, Kel. Sei Sikambing Kec. Medan Area, Kota Medan",3.554023,98.636544,1,2.4597,0,5.0,0,3.7775,0,3.0154,0,5.0,0,3.1658,0,5.0,0,5.0,0,4.3957,1,3,1800000,0
aset-0644,3,0,1,0,4515,20,"Jl. Pemuda No. 40, Kel. Pandan Selamat Kec. Medan Timur, Kota Medan",3.545163,98.622107,0,4.331,0,5.0,0,5.0,0,4.7413,0,5.0,0,4.9104,0,5.0,0,5.0,0,5.0,0,2,3200000,0
aset-0645,5,2,0,1,2389,19,"Gang Yos Sudarso No. 30, Kel. Titi Kuning Kec. Medan Perjuangan, Kota Medan",3.608602,98.626552,0,5.0,0,5.0,0,5.0,0,5.0,0,4.7913,0,4.5269,0,5.0,0,5.0,0,3.8364,0,1,300000,0
aset-0646,2,2,1,1,1356,17,"Jl. Teuku Daud No. 3, Kel. Gaharu Kec. Medan Perjuangan, Kota Medan",3.553824,98.614518,0,4.8022,0,5.0,0,5.0,0,5.0,0,5.0,0,5.0,0,5.0,0,5.0,0,5.0,0,0,2000000,1
aset-0647,2,0,0,1,2044,12,"Perumahan Teuku Cik Ditiro No. 14, Kel. Jati Kec. Medan Johor, Kota Medan",3.601765,98.606582,0,5.0,0,5.0,0,5.0,0,5.0,0,5.0,0,5.0,0,5.0,0,5.0,0,5.0,0,5,2300000,0
aset-0648,6,2,2,1,958,27,"Jl. Sutomo No. 14, Kel. Sei Sikambing Kec. Medan Helvetia, Kota Medan",3.586522,98.70028,2,1.6693,6,0.7721,5,1.2773,1,0.9516,5,0.8978,0,4.0271,1,2.6123,1,2.9261,5,2.0293,26,2,11300000,2
aset-0649,2,2,0,0,692,18,"Lorong Teuku Daud No. 6, Kel. Jati Kec. Medan Labuhan, Kota Medan",3.588231,98.667397,3,1.1803,6,0.7363,7,1.0248,2,0.6642,7,0.2794,1,0.7983,1,1.0837,1,1.0599,7,0.645,35,2,31100000,2
aset-0650,1,0,0,1,2696,6,"Jl. Pemuda No. 34, Kel. Bantan Kec. Medan Baru, Kota Medan",3.546051,98.638523,1,2.7689,0,5.0,0,4.016,1,2.9624,0,5.0,0,3.1399,0,5.0,0,5.0,0,5.0,2,0,5800000,1
aset-0651,6,0,1,1,4209,17,"Lorong Pemuda No. 25, Kel. Pusat Pasar Kec. Medan Kota, Kota Medan",3.599682,98.698649,3,1.2349,6,1.3214,5,0.9362,1,2.0637,6,0.9705,0,3.7703,1,2.6327,1,2.6994,3,2.3243,26,2,290000000,2
aset-0652,6,0,1,0,10603,20,"Blok Imam Bonjol No. 34, Kel. Aur Kec. Medan Barat, Kota Medan",3.590852,98.668362,3,1.0638,6,0.4691,7,1.1255,2,0.3778,7,0.4261,1,0.5933,1,0.9633,1,0.8156,7,0.3524,35,2,1989900000,2
aset-0653,1,2,0,0,756,16,"Jl. KH Wahid Hasyim No. 6, Kel. Merdeka Kec. Medan Maimun, Kota Medan",3.573027,98.664988,2,1.4383,5,2.2348,5,0.7489,2,2.0207,3,1.5421,2,1.8933,1,2.3106,1,2.5833,7,2.0653,28,2,28100000,2
aset-0654,6,2,0,1,639,25,"Jl. Sudirman No. 3, Kel. Padang Bulan Kec. Medan Baru, Kota Medan",3.631161,98.705282,1,2.6963,0,3.4843,0,3.8474,0,5.0,1,2.7738,0,5.0,0,5.0,0,5.0,0,5.0,2,1,300000,0
aset-0655,6,2,1,1,1511,6,"Jl. HM Yamin No. 4, Kel. Aur Kec. Medan Selayang, Kota Medan",3.615625,98.67266,4,1.2808,4,2.0722,2,1.1683,1,2.5225,4,1.1171,1,2.4459,1,2.8898,1,2.4186,2,2.4596,20,2,14700000,1
aset-0656,2,0,1,0,2079,19,"Jl. Marelan Raya No. 6, Kel. Pasar Merah Kec. Medan Sunggal, Kota Medan",3.55333,98.720986,0,5.0,0,4.2989,0,5.0,0,4.4508,0,4.5312,0,5.0,0,5.0,0,5.0,0,4.775,0,0,3300000,0
aset-0657,1,0,1,1,943,26,"Jl. Putri Hijau No. 36, Kel. Sikambing Kec. Medan Barat, Kota Medan",3.585167,98.671641,4,0.8715,7,0.6995,7,0.4439,2,0.8739,7,0.044,1,1.3186,1,0.8016,1,1.0506,7,0.5773,37,2,384700000,2
aset-0658,5,2,0,2,370,17,"Lorong Pemuda No. 10, Kel. Petisah Tengah Kec. Medan Polonia, Kota Medan",3.597239,98.676963,3,0.8226,7,0.5922,6,0.6475,2,0.8125,8,0.4687,1,1.3508,1,0.8049,1,0.4209,7,0.5768,36,2,28300000,2
aset-0659,3,0,0,1,1922,16,"Jl. Gatot Subroto No. 18, Kel. Pasar Merah Kec. Medan Marelan, Kota Medan",3.630027,98.611542,0,5.0,0,5.0,0,5.0,0,5.0,0,5.0,0,5.0,0,5.0,0,5.0,0,5.0,0,0,1800000,0
aset-0660,4,2,2,0,2118,9,"Jl. Pemuda No. 40, Kel. Merdeka Kec. Medan Barat, Kota Medan",3.527215,98.633571,0,4.7413,0,5.0,0,5.0,0,4.5451,0,5.0,0,4.7341,0,5.0,0,5.0,0,5.0,0,4,300000,1
aset-0661,4,2,2,1,2167,27,"Jl. Pemuda No. 50, Kel. Pandan Selamat Kec. Medan Deli, Kota Medan",3.577444,98.639586,1,2.4958,0,3.9914,0,3.3604,0,3.6668,0,3.0992,0,3.43,0,4.3805,0,4.3399,1,2.1394,2,4,400000,1
aset-0662,4,2,0,1,4786,26,"Jl. Gatot Subroto No. 32, Kel. Gaharu Kec. Medan Kota, Kota Medan",3.609635,98.664625,2,1.6457,4,2.0227,4,1.3219,1,1.9804,5,1.8176,1,1.6279,1,2.5793,1,2.0852,4,1.7785,23,2,15700000,2
aset-0663,1,2,1,1,1988,13,"Jl. Setiabudi No. 45, Kel. Jati Kec. Medan Marelan, Kota Medan",3.590573,98.665009,3,1.4325,5,0.8214,6,1.331,1,0.7175,6,0.175,1,0.4922,1,1.3322,1,1.1724,7,0.5053,31,2,90500000,2
aset-0664,2,2,0,1,497,28,"Jl. Marelan Raya No. 8, Kel. Sikambing Kec. Medan Timur, Kota Medan",3.532045,98.613322,0,5.0,0,5.0,0,5.0,0,5.0,0,5.0,0,5.0,0,5.0,0,5.0,0,5.0,0,1,300000,0
aset-0665,5,2,1,1,1724,8,"Jl. Balai Kota No. 3, Kel. Aur Kec. Medan Marelan, Kota Medan",3.530059,98.634901,0,4.3959,0,5.0,0,5.0,0,4.2244,0,5.0,0,4.4135,0,5.0,0,5.0,0,5.0,0,1,1700000,0
aset-0666,5,2,1,1,299,7,"Jl. Setiabudi No. 24, Kel. Sikambing Kec. Medan Barat, Kota Medan",3.599119,98.693123,3,0.663,7,0.8665,6,0.5285,2,1.9036,7,1.0378,0,3.1544,1,2.0566,1,2.0902,6,1.8261,33,2,39600000,2
aset-0667,3,0,1,1,9092,17,"Lingkungan KH Wahid Hasyim No. 36, Kel. Sikambing Kec. Medan Tembung, Kota Medan",3.627538,98.704157,1,2.6173,0,3.0815,0,3.6835,0,5.0,1,2.3536,0,5.0,0,5.0,0,4.9373,0,4.8722,2,5,10600000,1
aset-0668,3,2,0,1,2839,24,"Jl. Imam Bonjol No. 28, Kel. Pasar Merah Kec. Medan Selayang, Kota Medan",3.598167,98.669433,3,1.3145,6,0.6413,6,0.3707,1,0.6003,6,1.1318,1,0.605,1,1.2369,1,0.7722,6,0.4898,31,2,83300000,2
aset-0669,3,2,0,1,344,28,"Jl. Ahmad Yani No. 28, Kel. Polonia Kec. Medan Petisah, Kota Medan",3.595005,98.64154,0,3.9412,0,3.3877,0,3.4312,0,3.2769,1,2.6877,1,2.6035,0,3.9744,0,3.7149,2,1.6362,4,2,700000,1
aset-0670,5,0,1,2,1230,11,"Jl. Setiabudi No. 22, Kel. Pulo Brayan Kec. Medan Labuhan, Kota Medan",3.597298,98.711932,1,2.6294,2,2.5347,1,2.2338,1,2.7033,2,2.1313,0,5.0,0,3.9607,0,4.115,0,3.5136,7,2,3600000,1
aset-0671,4,0,0,2,1265,13,"Jl. Setiabudi No. 28, Kel. Sei Sikambing Kec. Medan Labuhan, Kota Medan",3.533672,98.669379,0,3.5474,0,5.0,0,3.709,1,2.4431,0,5.0,1,2.5299,0,5.0,0,5.0,0,4.8803,2,2,5500000,1
aset-0672,3,2,1,1,439,8,"Jl. Jamin Ginting No. 20, Kel. Titi Kuning Kec. Medan Timur, Kota Medan",3.578823,98.670689,3,1.4688,6,1.403,7,0.6668,3,1.5768,5,0.7021,2,1.9064,1,1.4266,1,1.7541,7,1.1784,35,2,46500000,2
aset-0673,6,0,0,2,3681,28,"Komplek Sutomo No. 5, Kel. Pasar Merah Kec. Medan Baru, Kota Medan",3.597468,98.668868,3,1.3087,6,0.6063,6,0.469,1,0.5502,6,1.0348,1,0.5095,1,1.2263,1,0.7821,7,0.3974,32,2,346900000,2
aset-0674,5,0,1,1,509,20,"Jl. Balai Kota No. 28, Kel. Kesawan Kec. Medan Deli, Kota Medan",3.553538,98.696934,0,4.5619,0,3.1721,0,3.5429,0,3.1948,0,3.305,0,3.5547,0,4.6187,0,5.0,2,2.8002,2,2,2800000,1
aset-0675,6,2,1,1,1144,11,"Jl. Thamrin No. 14, Kel. Merdeka Kec. Medan Labuhan, Kota Medan",3.522839,98.688332,0,5.0,0,5.0,0,5.0,0,4.4925,0,5.0,0,4.5058,0,5.0,0,5.0,0,5.0,0,1,200000,0
aset-0676,1,2,2,2,880,22,"Jl. Sudirman No. 20, Kel. Merdeka Kec. Medan Area, Kota Medan",3.561402,98.70782,0,4.3764,1,2.6963,0,3.7287,1,2.8197,1,2.9108,0,4.79,0,4.6702,0,5.0,0,3.0606,3,4,300000,1
aset-0677,2,2,0,1,568,9,"Lorong Teuku Daud No. 45, Kel. Pulo Brayan Kec. Medan Area, Kota Medan",3.510696,98.674363,0,5.0,0,5.0,0,5.0,0,5.0,0,5.0,0,5.0,0,5.0,0,5.0,0,5.0,0,1,200000,0
aset-0678,4,2,1,1,1425,14,"Jl. Sudirman No. 40, Kel. Sikambing Kec. Medan Selayang, Kota Medan",3.552375,98.694618,0,4.3602,0,3.2944,0,3.3722,0,3.2991,0,3.4101,0,3.3117,0,4.6181,0,5.0,2,2.7929,2,1,700000,1
aset-0679,4,2,0,2,365,26,"Lingkungan Ahmad Yani No. 10, Kel. Padang Bulan Kec. Medan Petisah, Kota Medan",3.531526,98.607916,0,5.0,0,5.0,0,5.0,0,5.0,0,5.0,0,5.0,0,5.0,0,5.0,0,5.0,0,1,500000,0
aset-0680,4,0,0,1,997,22,"Jl. Veteran No. 28, Kel. Petisah Tengah Kec. Medan Helvetia, Kota Medan",3.527047,98.677474,0,4.6095,0,5.0,0,4.5653,0,3.4539,0,5.0,0,3.5045,0,5.0,0,5.0,0,5.0,0,0,4600000,0
aset-0681,5,0,1,0,635,23,"Jl. Balai Kota No. 42, Kel. Polonia Kec. Medan Kota, Kota Medan",3.51811,98.671443,0,5.0,0,5.0,0,5.0,0,4.1801,0,5.0,0,4.2734,0,5.0,0,5.0,0,5.0,0,0,4200000,0
aset-0682,2,0,1,1,1002,27,"Lingkungan Sudirman No. 36, Kel. Padang Bulan Kec. Medan Deli, Kota Medan",3.588745,98.688546,3,0.7627,7,0.5115,6,0.7459,2,0.8982,8,0.4022,1,2.7041,1,1.2889,1,1.6129,6,0.752,35,2,1005700000,2
aset-0683,4,0,0,1,704,6,"Jl. Sutomo No. 2, Kel. Padang Bulan Kec. Medan Petisah, Kota Medan",3.58829,98.697879,3,1.3382,7,0.769,5,0.95,1,0.8845,6,0.7995,0,3.7243,1,2.3249,1,2.6172,5,1.768,29,2,179500000,2
aset-0684,1,0,2,1,1009,15,"Jl. Teuku Daud No. 25, Kel. Titi Kuning Kec. Medan Polonia, Kota Medan",3.571405,98.668306,2,1.5824,5,2.2687,5,0.4909,3,1.9051,3,1.5663,2,1.7518,1,2.2817,1,2.62,7,1.7787,29,2,29700000,2
aset-0685,5,2,1,0,1838,10,"Jl. Balai Kota No. 48, Kel. Sei Sikambing Kec. Medan Helvetia, Kota Medan",3.614833,98.677394,4,0.9982,5,1.6065,4,1.4301,1,2.5293,4,0.67,1,2.5991,1,2.7616,1,2.3317,3,2.5183,24,2,18900000,2
aset-0686,5,0,1,0,858,14,"Blok Yos Sudarso No. 15, Kel. Polonia Kec. Medan Perjuangan, Kota Medan",3.598203,98.669874,3,1.2829,6,0.6249,6,0.3317,1,0.5919,6,1.1575,1,0.6476,1,1.2073,1,0.7363,6,0.5116,31,2,70600000,2
aset-0687,2,0,0,1,744,8,"Jl. Diponegoro No. 10, Kel. Suka Maju Kec. Medan Denai, Kota Medan",3.616157,98.667172,2,1.7316,4,2.6233,2,1.1741,1,2.6097,3,1.6803,1,2.3648,0,3.1063,1,2.6124,2,2.4654,16,2,23700000,1
aset-0688,4,0,0,2,3592,7,"Perumahan Jamin Ginting No. 24, Kel. Titi Kuning Kec. Medan Maimun, Kota Medan",3.608989,98.629641,0,5.0,0,5.0,0,4.7991,0,4.9221,0,4.5098,0,4.221,0,5.0,0,5.0,0,3.5861,0,0,2300000,1
aset-0689,1,2,2,1,791,8,"Lorong Cut Mutia No. 16, Kel. Padang Bulan Kec. Medan Denai, Kota Medan",3.609266,98.63682,0,4.6949,0,4.3027,0,4.0294,0,4.2023,0,3.8546,0,3.5066,0,4.9469,0,4.5644,0,3.0247,0,4,500000,0
aset-0690,4,2,2,1,303,26,"Jl. Iskandar Muda No. 14, Kel. Polonia Kec. Medan Timur, Kota Medan",3.539211,98.61488,0,5.0,0,5.0,0,5.0,0,5.0,0,5.0,0,5.0,0,5.0,0,5.0,0,5.0,0,4,300000,0
aset-0691,2,2,0,0,867,25,"Perumahan Sutomo No. 6, Kel. Polonia Kec. Medan Area, Kota Medan",3.541549,98.620387,0,4.6926,0,5.0,0,5.0,0,5.0,0,5.0,0,5.0,0,5.0,0,5.0,0,5.0,0,1,200000,0
aset-0692,1,2,1,0,496,17,"Jl. Teuku Cik Ditiro No. 2, Kel. Bantan Kec. Medan Baru, Kota Medan",3.58641,98.707217,1,2.3349,4,1.4418,2,1.9134,1,1.6522,3,1.6227,0,4.7815,0,3.3771,0,3.6736,3,2.7864,14,2,4000000,1
aset-0693,5,0,1,0,698,13,"Jl. Katamso No. 25, Kel. Polonia Kec. Medan Petisah, Kota Medan",3.561167,98.646754,1,1.1333,0,4.4885,1,2.4454,1,2.0056,0,3.6985,1,2.1048,0,4.6418,0,4.812,0,3.2274,4,0,600000,1
aset-0694,3,0,0,1,1052,28,"Jl. Teuku Cik Ditiro No. 45, Kel. Gaharu Kec. Medan Polonia, Kota Medan",3.538314,98.623191,0,4.6311,0,5.0,0,5.0,0,4.8593,0,5.0,0,5.0,0,5.0,0,5.0,0,5.0,0,5,1600000,0
aset-0695,3,2,2,0,601,27,"Jl. Teuku Cik Ditiro No. 10, Kel. Sunggal Kec. Medan Barat, Kota Medan",3.562836,98.699463,0,3.8449,1,2.1878,1,2.9243,1,2.2484,1,2.3541,0,3.8995,0,3.9164,0,4.4021,2,2.2006,6,4,300000,1
aset-0696,5,2,1,1,3981,26,"Jl. Pemuda No. 6, Kel. Sunggal Kec. Medan Petisah, Kota Medan",3.593621,98.660924,2,1.9288,5,1.2311,5,1.4361,1,1.1203,6,0.6846,1,0.4776,1,1.8289,1,1.5626,5,0.7864,27,2,74300000,2
aset-0697,3,0,0,1,6115,12,"Jl. Sudirman No. 14, Kel. Pulo Brayan Kec. Medan Sunggal, Kota Medan",3.610292,98.674074,4,0.7257,6,1.6536,5,1.1347,1,1.9528,7,0.7693,1,1.9762,1,2.2796,1,1.8145,4,1.933,30,2,441100000,2
aset-0698,4,2,1,1,1382,17,"Jl. Sisingamangaraja No. 4, Kel. Pasar Merah Kec. Medan Kota, Kota Medan",3.561818,98.620724,0,4.0059,0,5.0,0,5.0,0,4.8311,0,5.0,0,4.9562,0,5.0,0,5.0,0,4.8585,0,1,1500000,1
aset-0699,4,0,1,2,6081,10,"Jl. Jamin Ginting No. 5, Kel. Titi Kuning Kec. Medan Labuhan, Kota Medan",3.633005,98.675183,1,0.6551,0,3.4235,1,0.9068,0,4.4725,1,2.6383,0,4.3745,0,4.7862,0,4.3372,0,4.4098,3,0,10200000,1
aset-0700,3,2,0,1,250,26,"Jl. Balai Kota No. 30, Kel. Suka Maju Kec. Medan Sunggal, Kota Medan",3.608803,98.62645,0,5.0,0,5.0,0,5.0,0,5.0,0,4.8116,0,4.5451,0,5.0,0,5.0,0,3.8585,0,1,100000,0
aset-0701,4,2,0,2,861,15,"Jl. Iskandar Muda No. 3, Kel. Bantan Kec. Medan Kota, Kota Medan",3.613335,98.609755,0,5.0,0,5.0,0,5.0,0,5.0,0,5.0,0,5.0,0,5.0,0,5.0,0,5.0,0,1,200000,1
aset-0702,2,0,1,1,4512,11,"Jl. Teuku Cik Ditiro No. 10, Kel. Jati Kec. Medan Maimun, Kota Medan",3.593923,98.66819,3,1.1668,6,0.4352,7,0.8256,1,0.3284,6,0.6519,1,0.3737,1,1.0707,1,0.7558,7,0.0227,33,2,659200000,2
aset-0703,2,2,0,0,603,26,"Jl. Cut Mutia No. 12, Kel. Merdeka Kec. Medan Deli, Kota Medan",3.577687,98.679777,2,1.3739,6,1.2013,7,0.4558,2,1.5439,5,1.1858,2,2.5289,1,1.4034,1,1.8898,6,0.5113,32,2,28600000,2
aset-0704,6,0,0,1,6085,14,"Jl. Ahmad Yani No. 42, Kel. Gaharu Kec. Medan Labuhan, Kota Medan",3.589899,98.660529,2,1.9277,5,1.3188,6,1.7199,1,1.2121,4,0.5061,1,0.7536,1,1.8279,1,1.6694,5,0.6217,26,2,527600000,2
aset-0705,6,0,1,1,355,27,"Jl. Thamrin No. 48, Kel. Aur Kec. Medan Labuhan, Kota Medan",3.546366,98.68571,0,3.7035,0,4.0943,0,3.0212,1,2.6206,0,4.1531,1,2.5359,0,4.9473,0,5.0,0,3.2014,2,2,2600000,0
aset-0706,3,0,2,0,820,24,"Jl. Pemuda No. 28, Kel. Titi Kuning Kec. Medan Helvetia, Kota Medan",3.577993,98.633156,0,3.1088,0,4.6225,0,4.0556,0,4.2526,0,3.7399,0,4.0081,0,5.0,0,4.9732,1,2.7156,1,4,1500000,0
aset-0707,5,2,1,1,1253,25,"Jl. Sutomo No. 28, Kel. Petisah Tengah Kec. Medan Helvetia, Kota Medan",3.539154,98.702035,0,5.0,0,4.8278,0,4.8841,0,4.6007,0,4.9775,0,4.5169,0,5.0,0,5.0,0,4.4751,0,1,200000,1
aset-0708,4,2,1,0,977,16,"Jl. Marelan Raya No. 48, Kel. Padang Bulan Kec. Medan Denai, Kota Medan",3.612088,98.650248,0,3.2617,0,3.2143,2,2.7468,0,3.1319,0,3.0448,1,2.5081,0,3.8531,0,3.4045,2,2.6209,5,5,1000000,1
aset-0709,1,0,0,1,4425,11,"Jl. Teuku Daud No. 48, Kel. Pandan Selamat Kec. Medan Polonia, Kota Medan",3.557649,98.661705,1,0.8065,0,3.9515,1,1.2527,1,0.3774,0,3.2488,1,0.409,0,3.9776,0,4.3029,0,3.1357,4,0,7900000,1
aset-0710,5,0,1,1,2462,21,"Jl. Imam Bonjol No. 20, Kel. Pulo Brayan Kec. Medan Area, Kota Medan",3.579125,98.682313,2,1.2944,7,0.9898,7,0.3114,2,1.2283,5,1.031,1,2.6092,1,1.3454,1,1.8424,6,0.3683,32,2,574900000,2
aset-0711,2,0,1,2,3637,23,"Jl. Pemuda No. 34, Kel. Aur Kec. Medan Kota, Kota Medan",3.550036,98.713508,0,5.0,0,4.1051,0,5.0,0,4.2205,0,4.3146,0,5.0,0,5.0,0,5.0,0,4.3087,0,3,2400000,0
aset-0712,4,0,0,1,13568,15,"Perumahan Thamrin No. 34, Kel. Sei Sikambing Kec. Medan Tembung, Kota Medan",3.512663,98.657454,0,5.0,0,5.0,0,5.0,0,4.7474,0,5.0,0,4.8911,0,5.0,0,5.0,0,5.0,0,0,13500000,1
aset-0713,2,2,0,0,1129,6,"Jl. HM Yamin No. 28, Kel. Bantan Kec. Medan Area, Kota Medan",3.545935,98.64368,1,2.3918,0,5.0,0,3.5737,1,2.4352,0,5.0,1,2.6174,0,5.0,0,5.0,0,4.9507,3,1,200000,1
aset-0714,6,2,1,2,749,17,"Jl. KH Wahid Hasyim No. 15, Kel. Polonia Kec. Medan Johor, Kota Medan",3.555721,98.620427,0,4.117,0,5.0,0,5.0,0,4.8034,0,5.0,0,4.9469,0,5.0,0,5.0,0,5.0,0,1,900000,0
aset-0715,5,2,0,2,1800,21,"Jl. Diponegoro No. 25, Kel. Sikambing Kec. Medan Sunggal, Kota Medan",3.592047,98.645104,0,3.4809,1,2.9867,0,3.1227,1,2.8758,1,2.2338,1,2.2323,0,3.547,0,3.3249,2,1.1493,6,2,2600000,1
aset-0716,4,2,1,1,175,11,"Jl. Marelan Raya No. 3, Kel. Padang Bulan Kec. Medan Polonia, Kota Medan",3.544516,98.605444,0,5.0,0,5.0,0,5.0,0,5.0,0,5.0,0,5.0,0,5.0,0,5.0,0,5.0,0,4,200000,0
aset-0717,6,2,0,1,633,10,"Jl. Sutomo No. 28, Kel. Bantan Kec. Medan Kota, Kota Medan",3.574716,98.681293,2,1.7299,6,1.4892,6,0.7662,3,1.531,5,1.5334,2,2.7569,1,1.765,1,2.2551,6,0.2925,32,2,19000000,2
aset-0718,5,2,0,0,1422,17,"Perumahan Putri Hijau No. 8, Kel. Pulo Brayan Kec. Medan Area, Kota Medan",3.597933,98.675507,3,0.9319,7,0.662,6,0.4698,2,0.7423,8,0.6464,1,1.2108,1,0.8976,1,0.441,7,0.7041,36,2,243000000,2
aset-0719,4,2,1,1,398,28,"Jl. Ahmad Yani No. 4, Kel. Padang Bulan Kec. Medan Area, Kota Medan",3.619797,98.660972,2,2.5212,0,3.2212,2,1.3093,0,3.1807,2,2.4752,1,2.7933,0,3.7605,0,3.2637,1,2.9726,8,2,1200000,1
aset-0720,4,2,0,1,517,26,"Jl. Iskandar Muda No. 25, Kel. Padang Bulan Kec. Medan Maimun, Kota Medan",3.539636,98.685142,0,4.0796,0,4.8361,0,3.5885,1,2.9229,0,4.9001,1,2.8823,0,5.0,0,5.0,0,3.9458,2,1,200000,0
aset-0721,5,0,0,1,403,24,"Perumahan Cut Mutia No. 15, Kel. Polonia Kec. Medan Denai, Kota Medan",3.607529,98.659156,2,2.2087,3,2.1544,2,1.6364,1,2.0827,5,2.16,1,1.5367,1,2.7785,1,2.314,4,1.7962,20,2,35900000,2
aset-0722,4,0,1,1,1003,20,"Jl. Ahmad Yani No. 12, Kel. Kesawan Kec. Medan Denai, Kota Medan",3.585047,98.666616,4,1.3636,5,1.0534,6,0.9578,2,1.0094,5,0.4748,1,1.1212,1,1.2772,1,1.3627,7,1.0074,32,2,973400000,2
aset-0723,2,2,2,1,2810,18,"Lorong Pemuda No. 7, Kel. Petisah Tengah Kec. Medan Denai, Kota Medan",3.540208,98.641973,0,3.0217,0,5.0,0,4.1496,1,2.9127,0,5.0,0,3.1008,0,5.0,0,5.0,0,5.0,1,4,900000,0
aset-0724,4,2,1,2,4237,9,"Jl. Pemuda No. 24, Kel. Merdeka Kec. Medan Perjuangan, Kota Medan",3.577805,98.694623,2,2.0995,5,0.4684,5,1.5697,1,0.5001,4,0.6051,0,3.8031,1,2.3799,1,2.8259,5,1.1672,24,2,92500000,2
aset-0725,4,0,1,1,2497,18,"Jl. Ahmad Yani No. 45, Kel. Petisah Tengah Kec. Medan Labuhan, Kota Medan",3.592621,98.706459,1,2.0422,4,1.7354,1,1.6181,1,1.9041,5,1.8372,0,4.6085,0,3.2822,0,3.4945,1,2.7854,13,2,11700000,1
aset-0726,1,0,0,1,6955,26,"Jl. Iskandar Muda No. 25, Kel. Bantan Kec. Medan Labuhan, Kota Medan",3.550481,98.712436,0,5.0,0,4.0035,0,4.9138,0,4.1153,0,4.2104,0,5.0,0,5.0,0,5.0,0,4.1861,0,0,14400000,0
aset-0727,5,2,0,1,1185,12,"Jl. Ahmad Yani No. 4, Kel. Sei Sikambing Kec. Medan Timur, Kota Medan",3.537331,98.606779,0,5.0,0,5.0,0,5.0,0,5.0,0,5.0,0,5.0,0,5.0,0,5.0,0,5.0,0,1,600000,0
aset-0728,4,2,1,1,509,27,"Jl. Thamrin No. 32, Kel. Bantan Kec. Medan Petisah, Kota Medan",3.54851,98.690387,0,4.0608,0,3.759,0,3.2249,0,3.0458,0,3.8461,1,2.938,0,4.8468,0,5.0,0,3.0431,1,2,400000,0
aset-0729,4,2,0,2,1892,25,"Jl. Setiabudi No. 3, Kel. Kesawan Kec. Medan Maimun, Kota Medan",3.569199,98.713294,0,4.0388,1,2.4795,0,3.6742,1,2.6643,1,2.7253,0,5.0,0,4.6447,0,5.0,0,3.3266,3,1,700000,1
aset-0730,4,2,0,1,194,27,"Jl. Cut Mutia No. 42, Kel. Jati Kec. Medan Perjuangan, Kota Medan",3.606211,98.626479,0,5.0,0,5.0,0,5.0,0,5.0,0,4.6837,0,4.4529,0,5.0,0,5.0,0,3.6987,0,1,100000,0
aset-0731,4,2,0,1,309,9,"Blok Katamso No. 15, Kel. Polonia Kec. Medan Deli, Kota Medan",3.585962,98.720586,0,3.7398,1,2.8735,0,3.3114,0,3.093,0,3.0791,0,5.0,0,4.8578,0,5.0,0,4.1757,1,1,200000,0
aset-0732,6,2,2,1,561,16,"Lorong Setiabudi No. 7, Kel. Petisah Tengah Kec. Medan Helvetia, Kota Medan",3.615879,98.680765,4,1.1158,5,1.4519,4,1.5623,1,2.7652,4,0.6542,1,2.907,1,2.9077,1,2.5155,2,2.6483,23,2,17900000,2
aset-0733,3,0,0,0,2419,20,"Blok Iskandar Muda No. 14, Kel. Kesawan Kec. Medan Polonia, Kota Medan",3.621096,98.622893,0,5.0,0,5.0,0,5.0,0,5.0,0,5.0,0,5.0,0,5.0,0,5.0,0,5.0,0,5,2200000,0
aset-0734,1,0,1,0,5202,10,"Jl. Cut Mutia No. 28, Kel. Gaharu Kec. Medan Baru, Kota Medan",3.535003,98.662025,0,3.1667,0,5.0,0,3.6192,1,2.2203,0,5.0,1,2.358,0,5.0,0,5.0,0,5.0,2,0,10900000,1
aset-0735,1,0,1,2,751,20,"Jl. Teuku Cik Ditiro No. 22, Kel. Sikambing Kec. Medan Marelan, Kota Medan",3.587406,98.611897,0,5.0,0,5.0,0,5.0,0,5.0,0,5.0,0,5.0,0,5.0,0,5.0,0,4.7867,0,2,2300000,1
aset-0736,3,0,1,0,4577,6,"Jl. Teuku Cik Ditiro No. 16, Kel. Padang Bulan Kec. Medan Perjuangan, Kota Medan",3.549815,98.707941,0,5.0,0,3.8562,0,4.6294,0,3.9443,0,4.0454,0,4.815,0,5.0,0,5.0,0,3.876,0,0,2000000,1
aset-0737,4,0,0,1,6617,16,"Perumahan Marelan Raya No. 50, Kel. Padang Bulan Kec. Medan Deli, Kota Medan",3.579216,98.664364,2,1.9152,5,1.6913,6,1.2531,2,1.7005,4,1.0639,2,1.7565,1,1.8451,1,2.0238,7,1.5045,30,2,536900000,2
aset-0738,4,2,0,1,706,23,"Perumahan Sisingamangaraja No. 14, Kel. Pulo Brayan Kec. Medan Helvetia, Kota Medan",3.539386,98.627708,0,4.1616,0,5.0,0,5.0,0,4.3511,0,5.0,0,4.5323,0,5.0,0,5.0,0,5.0,0,1,300000,0
aset-0739,4,0,0,0,2041,27,"Jl. Diponegoro No. 20, Kel. Polonia Kec. Medan Tembung, Kota Medan",3.618517,98.656867,1,2.8231,0,3.2971,2,1.7754,0,3.242,1,2.8406,1,2.7663,0,3.879,0,3.3884,1,2.993,6,2,9800000,1
aset-0740,5,2,0,1,721,17,"Jl. Katamso No. 28, Kel. Pandan Selamat Kec. Medan Johor, Kota Medan",3.554314,98.651388,1,1.1374,0,4.7894,1,2.3214,1,1.368,0,4.108,1,1.5223,0,4.8811,0,5.0,0,3.8777,4,1,600000,1
aset-0741,1,0,1,0,3633,9,"Jl. Diponegoro No. 36, Kel. Kesawan Kec. Medan Kota, Kota Medan",3.620428,98.662844,2,2.3907,0,3.2147,2,1.0969,0,3.1814,2,2.3247,1,2.8376,0,3.7304,0,3.2335,1,2.9939,8,0,8200000,1
aset-0742,1,0,0,1,1438,6,"Jl. Veteran No. 1, Kel. Padang Bulan Kec. Medan Johor, Kota Medan",3.618398,98.676367,3,1.4093,3,1.9713,2,1.034,1,2.8863,4,1.066,1,2.8915,0,3.1585,1,2.7172,2,2.8675,17,2,15600000,1
aset-0743,1,2,0,1,1130,8,"Jl. Thamrin No. 15, Kel. Suka Maju Kec. Medan Labuhan, Kota Medan",3.587648,98.707945,1,2.3526,4,1.5679,1,1.9265,1,1.7735,3,1.7372,0,4.8355,0,3.4441,0,3.7237,2,2.8802,12,2,2300000,1
aset-0744,1,2,0,2,444,15,"Jl. KH Wahid Hasyim No. 34, Kel. Sunggal Kec. Medan Marelan, Kota Medan",3.54161,98.667686,1,2.6677,0,5.0,1,2.8235,1,1.5426,0,4.8485,1,1.6277,0,5.0,0,5.0,0,4.1359,4,1,200000,1
aset-0745,5,0,0,1,1230,21,"Jl. Balai Kota No. 50, Kel. Bantan Kec. Medan Johor, Kota Medan",3.615164,98.702314,2,2.6742,1,1.9495,1,2.5671,0,3.8298,3,1.0609,0,4.709,0,3.965,0,3.8375,0,3.6989,7,2,6500000,1
aset-0746,6,2,0,0,676,20,"Perumahan Cut Mutia No. 45, Kel. Gaharu Kec. Medan Polonia, Kota Medan",3.605112,98.673592,3,0.6082,6,1.3583,7,0.5635,1,1.3772,7,0.9855,1,1.4743,1,1.7224,1,1.2454,5,1.3827,32,2,36500000,2
aset-0747,2,0,1,0,6653,16,"Jl. Sudirman No. 50, Kel. Kesawan Kec. Medan Maimun, Kota Medan",3.53825,98.643559,0,3.1198,0,5.0,0,4.1925,1,2.9024,0,5.0,0,3.0916,0,5.0,0,5.0,0,5.0,1,0,3500000,0
aset-0748,2,2,2,2,236,8,"Jl. HM Yamin No. 24, Kel. Pandan Selamat Kec. Medan Perjuangan, Kota Medan",3.594705,98.694021,3,0.6427,7,1.2537,6,0.2255,2,1.4173,7,1.2483,0,3.2209,1,1.9601,1,2.1124,6,1.5855,33,2,41500000,2
aset-0749,2,2,0,1,1988,20,"Jl. Yos Sudarso No. 7, Kel. Kesawan Kec. Medan Polonia, Kota Medan",3.58249,98.673521,4,0.9566,7,0.9478,7,0.1737,2,1.2017,6,0.3262,1,1.682,1,0.92,1,1.2904,7,0.6716,36,2,177600000,2
aset-0750,3,0,1,0,668,15,"Jl. Gatot Subroto No. 24, Kel. Aur Kec. Medan Selayang, Kota Medan",3.497248,98.663355,0,5.0,0,5.0,0,5.0,0,5.0,0,5.0,0,5.0,0,5.0,0,5.0,0,5.0,0,0,700000,0
aset-0751,1,0,0,2,1293,28,"Jl. Marelan Raya No. 36, Kel. Pusat Pasar Kec. Medan Sunggal, Kota Medan",3.597586,98.649723,0,3.2417,3,2.5243,1,2.4906,1,2.4157,2,1.9458,1,1.7196,0,3.1425,1,2.8334,2,1.1201,11,2,8800000,1
aset-0752,6,0,1,1,984,23,"Jl. Sudirman No. 20, Kel. Jati Kec. Medan Deli, Kota Medan",3.561143,98.664295,1,0.8571,0,3.4903,3,0.7702,1,0.6973,1,2.7872,1,0.5772,0,3.5049,0,3.8418,2,2.6725,9,5,13000000,1
aset-0753,2,0,1,1,3696,26,"Perumahan Cut Mutia No. 7, Kel. Sei Sikambing Kec. Medan Helvetia, Kota Medan",3.532659,98.626342,0,4.7758,0,5.0,0,5.0,0,4.8276,0,5.0,0,5.0,0,5.0,0,5.0,0,5.0,0,2,9700000,0
aset-0754,3,0,0,1,3835,12,"Jl. Imam Bonjol No. 2, Kel. Kesawan Kec. Medan Polonia, Kota Medan",3.52204,98.627588,0,5.0,0,5.0,0,5.0,0,5.0,0,5.0,0,5.0,0,5.0,0,5.0,0,5.0,0,1,3200000,0
aset-0755,5,2,0,0,813,15,"Jl. Ahmad Yani No. 24, Kel. Sunggal Kec. Medan Denai, Kota Medan",3.570872,98.707684,0,3.4912,1,1.8743,0,3.1516,1,2.0462,1,2.1153,0,5.0,0,4.015,0,4.4464,2,2.6778,5,1,300000,1
aset-0756,4,0,0,1,1531,16,"Jl. Sisingamangaraja No. 10, Kel. Sunggal Kec. Medan Johor, Kota Medan",3.622411,98.670567,2,1.574,1,2.7369,2,0.402,0,3.2707,2,1.8013,0,3.1099,0,3.6739,0,3.1972,0,3.172,7,5,2800000,1
aset-0757,3,2,1,1,1819,13,"Jl. Sudirman No. 30, Kel. Pusat Pasar Kec. Medan Labuhan, Kota Medan",3.516827,98.689845,0,5.0,0,5.0,0,5.0,0,5.0,0,5.0,0,5.0,0,5.0,0,5.0,0,5.0,0,1,300000,0
aset-0758,6,0,0,1,14014,14,"Gang Putri Hijau No. 48, Kel. Pandan Selamat Kec. Medan Marelan, Kota Medan",3.515841,98.680551,0,5.0,0,5.0,0,5.0,0,4.7287,0,5.0,0,4.7874,0,5.0,0,5.0,0,5.0,0,5,5700000,1
aset-0759,3,2,0,1,1600,26,"Jl. Sutomo No. 24, Kel. Pasar Merah Kec. Medan Timur, Kota Medan",3.59813,98.677872,3,0.884,7,0.7126,6,0.6949,2,0.9524,8,0.4202,1,1.4703,1,0.9092,1,0.559,7,0.6604,36,2,131600000,2
aset-0760,1,0,0,0,2643,17,"Jl. Sudirman No. 42, Kel. Kesawan Kec. Medan Sunggal, Kota Medan",3.535219,98.705493,0,5.0,0,5.0,0,5.0,0,5.0,0,5.0,0,5.0,0,5.0,0,5.0,0,5.0,0,0,2500000,0
aset-0761,6,0,1,1,2192,6,"Jl. Gatot Subroto No. 25, Kel. Bantan Kec. Medan Johor, Kota Medan",3.588407,98.682788,3,0.5673,7,0.051,7,0.4255,2,1.3386,8,0.2496,1,2.1058,1,0.6663,1,1.0648,6,0.1792,36,2,404500000,2
aset-0762,5,0,1,0,832,24,"Jl. Teuku Cik Ditiro No. 5, Kel. Kesawan Kec. Medan Labuhan, Kota Medan",3.576696,98.671839,3,1.615,6,1.6085,7,0.7838,3,1.8153,5,0.9235,2,2.1722,1,1.5863,1,1.9558,7,1.3391,35,2,255200000,2
aset-0763,2,2,0,1,747,16,"Jl. Sisingamangaraja No. 5, Kel. Pusat Pasar Kec. Medan Perjuangan, Kota Medan",3.602935,98.655124,2,2.6715,3,2.1744,1,1.8956,1,2.0796,4,1.898,1,1.4071,1,2.8218,1,2.4192,4,1.5496,18,2,3100000,1
aset-0764,3,0,0,0,3731,21,"Jl. Pemuda No. 14, Kel. Jati Kec. Medan Petisah, Kota Medan",3.635705,98.701681,1,2.3317,0,3.7366,0,3.5716,0,5.0,0,3.1445,0,5.0,0,5.0,0,5.0,0,5.0,1,0,13300000,1
aset-0765,4,2,0,1,807,12,"Jl. Sutomo No. 15, Kel. Pulo Brayan Kec. Medan Helvetia, Kota Medan",3.533899,98.613944,0,5.0,0,5.0,0,5.0,0,5.0,0,5.0,0,5.0,0,5.0,0,5.0,0,5.0,0,1,700000,0
aset-0766,1,0,2,1,841,22,"Jl. Cut Mutia No. 16, Kel. Pasar Merah Kec. Medan Deli, Kota Medan",3.580342,98.662853,2,1.9794,5,1.7131,6,1.3801,2,1.6728,4,0.9917,2,1.6472,1,1.9021,1,2.0306,7,1.2986,30,2,150100000,2
aset-0767,6,0,1,1,1077,18,"Jl. Yos Sudarso No. 48, Kel. Suka Maju Kec. Medan Selayang, Kota Medan",3.612606,98.664044,3,1.815,4,2.3521,2,1.6285,1,2.3127,4,1.9038,1,1.9606,1,2.8958,1,2.3997,3,2.115,20,2,56900000,2
aset-0768,6,0,1,1,3981,22,"Jl. Sudirman No. 16, Kel. Sikambing Kec. Medan Helvetia, Kota Medan",3.603075,98.645377,0,3.7455,0,3.1598,1,2.9706,0,3.0563,1,2.6818,1,2.3555,0,3.7986,0,3.4388,2,1.8947,5,5,11900000,1
aset-0769,4,2,0,1,2608,13,"Gang Ahmad Yani No. 1, Kel. Sikambing Kec. Medan Helvetia, Kota Medan",3.581486,98.689408,3,1.5742,7,0.6232,7,0.9332,2,0.4027,6,0.4327,0,3.0976,1,1.6711,1,2.1197,6,0.8086,33,2,148600000,2
aset-0770,1,2,0,0,473,17,"Jl. Katamso No. 10, Kel. Suka Maju Kec. Medan Maimun, Kota Medan",3.556118,98.613389,0,4.8782,0,5.0,0,5.0,0,5.0,0,5.0,0,5.0,0,5.0,0,5.0,0,5.0,0,1,200000,0
aset-0771,6,2,1,1,561,28,"Komplek Marelan Raya No. 16, Kel. Jati Kec. Medan Petisah, Kota Medan",3.579695,98.682811,3,1.2589,7,0.9238,7,0.2921,2,1.1594,5,0.9549,1,2.6084,1,1.3149,1,1.8116,6,0.3974,33,2,18500000,2
aset-0772,4,0,0,2,2038,8,"Jl. Thamrin No. 34, Kel. Suka Maju Kec. Medan Timur, Kota Medan",3.597877,98.703451,3,1.7004,4,1.8888,3,1.3251,1,2.1123,6,1.3967,0,4.2791,0,3.0634,0,3.1867,2,2.6702,19,2,49900000,1
aset-0773,6,2,0,1,2379,28,"Jl. Veteran No. 20, Kel. Merdeka Kec. Medan Area, Kota Medan",3.574961,98.689348,2,2.0913,6,1.003,6,1.1846,2,0.8814,4,0.9815,0,3.4274,1,2.162,1,2.649,5,0.5933,27,2,90500000,2
aset-0774,3,2,1,1,495,19,"Jl. Veteran No. 42, Kel. Merdeka Kec. Medan Barat, Kota Medan",3.597797,98.664838,3,1.6948,6,0.9572,5,0.8421,1,0.8673,6,0.9784,1,0.3115,1,1.6042,1,1.2042,5,0.549,29,2,20600000,2
aset-0775,1,2,1,1,658,20,"Jl. Teuku Cik Ditiro No. 32, Kel. Sunggal Kec. Medan Marelan, Kota Medan",3.543456,98.71567,0,5.0,0,4.8613,0,5.0,0,4.9699,0,5.0,0,5.0,0,5.0,0,5.0,0,4.9813,0,1,400000,0
aset-0776,2,2,2,1,1717,19,"Jl. Marelan Raya No. 25, Kel. Pulo Brayan Kec. Medan Timur, Kota Medan",3.584317,98.686958,3,1.1814,7,0.6005,7,0.7269,2,0.7184,8,0.4636,1,2.7109,1,1.273,1,1.7089,6,0.6259,36,2,63100000,2
aset-0777,3,0,1,1,2037,27,"Lingkungan Katamso No. 32, Kel. Polonia Kec. Medan Perjuangan, Kota Medan",3.562644,98.688419,0,3.2477,2,2.2728,4,2.2629,2,2.2115,2,2.3198,1,2.702,0,3.2952,0,3.7913,3,1.473,14,2,11100000,1
aset-0778,5,2,1,1,348,15,"Komplek Teuku Daud No. 7, Kel. Pusat Pasar Kec. Medan Polonia, Kota Medan",3.588119,98.657963,2,2.2214,5,1.6496,6,1.9745,1,1.5452,3,0.787,1,1.0933,1,2.123,1,2.0006,5,0.3431,25,2,14000000,2
aset-0779,1,0,0,1,1097,15,"Jl. Iskandar Muda No. 28, Kel. Pandan Selamat Kec. Medan Baru, Kota Medan",3.611668,98.633604,0,5.0,0,4.7397,0,4.4445,0,4.6402,0,4.3003,0,3.9464,0,5.0,0,4.9964,0,3.4628,0,0,1000000,0
aset-0780,1,0,0,1,11575,9,"Jl. Iskandar Muda No. 16, Kel. Pandan Selamat Kec. Medan Polonia, Kota Medan",3.563413,98.705458,0,4.054,1,2.3703,0,3.3848,1,2.4866,1,2.5797,0,4.5651,0,4.326,0,4.7951,2,2.7226,5,2,51700000,1
aset-0781,1,0,0,1,1362,13,"Jl. Balai Kota No. 30, Kel. Kesawan Kec. Medan Petisah, Kota Medan",3.582595,98.639157,1,2.9293,0,3.824,0,3.6405,0,3.7184,1,2.9551,0,3.1824,0,4.2797,0,4.175,1,1.897,3,0,1800000,1
aset-0782,6,2,1,2,787,20,"Jl. Yos Sudarso No. 4, Kel. Titi Kuning Kec. Medan Tembung, Kota Medan",3.625787,98.678959,2,0.727,1,2.5198,2,0.8835,0,3.7512,3,1.77,0,3.7576,0,3.9853,0,3.5618,0,3.7357,8,2,700000,1
aset-0783,3,2,2,0,1112,27,"Jl. Setiabudi No. 45, Kel. Pulo Brayan Kec. Medan Helvetia, Kota Medan",3.636694,98.656875,1,2.7276,0,4.9346,1,1.9675,0,5.0,0,3.9972,0,4.723,0,5.0,0,5.0,0,4.9053,2,4,400000,0
aset-0784,2,0,0,1,3595,20,"Jl. Jamin Ginting No. 30, Kel. Sei Sikambing Kec. Medan Deli, Kota Medan",3.54642,98.642726,1,2.4163,0,5.0,0,3.62,1,2.5115,0,5.0,1,2.6918,0,5.0,0,5.0,0,4.9268,3,0,9700000,1
aset-0785,6,0,0,1,4758,23,"Gang Imam Bonjol No. 34, Kel. Pandan Selamat Kec. Medan Helvetia, Kota Medan",3.537771,98.616448,0,5.0,0,5.0,0,5.0,0,5.0,0,5.0,0,5.0,0,5.0,0,5.0,0,5.0,0,0,3300000,0
aset-0786,2,2,0,0,1158,20,"Jl. Balai Kota No. 28, Kel. Kesawan Kec. Medan Marelan, Kota Medan",3.597415,98.645512,0,3.6901,1,2.9802,1,2.9569,1,2.8708,1,2.3564,1,2.1793,0,3.5903,0,3.2944,2,1.4086,7,1,200000,1
aset-0787,2,0,0,1,1376,22,"Jl. Sudirman No. 5, Kel. Gaharu Kec. Medan Tembung, Kota Medan",3.560779,98.694262,0,3.7125,1,2.3611,2,2.7434,1,2.3638,1,2.4748,0,3.2907,0,3.7719,0,4.2679,2,1.9642,7,5,6200000,1
aset-0788,4,0,0,0,581,26,"Jl. Veteran No. 3, Kel. Titi Kuning Kec. Medan Polonia, Kota Medan",3.579165,98.622597,0,4.1999,0,5.0,0,5.0,0,5.0,0,4.8311,0,5.0,0,5.0,0,5.0,0,3.7586,0,0,3400000,0
aset-0789,6,0,1,1,1366,14,"Lingkungan Pemuda No. 15, Kel. Sikambing Kec. Medan Timur, Kota Medan",3.536195,98.653656,0,3.001,0,5.0,0,3.7773,1,2.3598,0,5.0,1,2.5367,0,5.0,0,5.0,0,5.0,2,0,3200000,1
aset-0790,5,0,2,1,2874,25,"Jl. Teuku Cik Ditiro No. 36, Kel. Petisah Tengah Kec. Medan Denai, Kota Medan",3.600399,98.719235,0,3.4743,0,3.3793,0,3.0928,0,3.5585,1,2.7135,0,5.0,0,4.8276,0,4.9604,0,4.3926,1,3,1300000,0
aset-0791,4,0,1,2,404,25,"Jl. Jamin Ginting No. 36, Kel. Merdeka Kec. Medan Kota, Kota Medan",3.597084,98.701687,3,1.4948,5,1.7556,4,1.1128,1,1.9346,6,1.3681,0,4.078,1,2.8507,1,2.9814,2,2.4557,23,2,20500000,2
aset-0792,6,0,0,1,1933,14,"Jl. Diponegoro No. 14, Kel. Suka Maju Kec. Medan Denai, Kota Medan",3.553039,98.690427,0,3.8929,0,3.26,1,2.9334,1,2.9734,0,3.3437,1,2.8411,0,4.3717,0,4.8658,2,2.5578,5,5,4100000,1
aset-0793,3,0,0,1,956,27,"Lingkungan Yos Sudarso No. 15, Kel. Merdeka Kec. Medan Marelan, Kota Medan",3.576158,98.712102,0,3.4133,1,2.006,0,3.0226,1,2.2172,1,2.2523,0,5.0,0,4.1886,0,4.5705,0,3.0967,3,2,5400000,0
aset-0794,4,0,1,0,2357,26,"Jl. Jamin Ginting No. 10, Kel. Sikambing Kec. Medan Marelan, Kota Medan",3.520829,98.667612,0,4.8404,0,5.0,0,5.0,0,3.8134,0,5.0,0,3.9216,0,5.0,0,5.0,0,5.0,0,2,2600000,0
aset-0795,5,0,0,0,1178,18,"Jl. Thamrin No. 28, Kel. Titi Kuning Kec. Medan Barat, Kota Medan",3.564387,98.604031,0,5.0,0,5.0,0,5.0,0,5.0,0,5.0,0,5.0,0,5.0,0,5.0,0,5.0,0,5,4400000,0
aset-0796,4,0,1,1,614,16,"Jl. Cut Mutia No. 10, Kel. Merdeka Kec. Medan Marelan, Kota Medan",3.593321,98.671548,3,0.801,7,0.0615,7,0.7777,2,0.0705,7,0.8711,1,0.7503,1,0.7088,1,0.3905,7,0.4009,36,2,314900000,2
aset-0797,1,0,2,1,1997,16,"Jl. Thamrin No. 42, Kel. Merdeka Kec. Medan Denai, Kota Medan",3.604899,98.701138,2,1.7604,4,1.4581,1,1.5381,1,2.7017,6,0.6664,0,4.1588,0,3.1497,0,3.1437,2,2.9107,16,2,36500000,1
aset-0798,5,0,1,1,1215,6,"Jl. Diponegoro No. 4, Kel. Bantan Kec. Medan Timur, Kota Medan",3.630118,98.677466,2,0.4445,0,3.0278,1,0.8512,0,4.1893,2,2.2711,0,4.1428,0,4.4612,0,4.0255,0,4.1513,5,2,9800000,1
aset-0799,2,0,2,2,2874,25,"Jl. Pemuda No. 5, Kel. Jati Kec. Medan Petisah, Kota Medan",3.598585,98.681425,3,0.832,7,0.9479,6,1.0632,2,1.313,8,0.2912,1,1.8658,1,1.0735,1,0.8765,6,0.795,35,2,874700000,2
aset-0800,2,2,2,1,1868,16,"Komplek Yos Sudarso No. 30, Kel. Jati Kec. Medan Area, Kota Medan",3.57878,98.670466,3,1.4864,6,1.4142,7,0.688,3,1.5823,5,0.7122,2,1.9029,1,1.443,1,1.7656,7,1.195,35,2,88500000,2
aset-0801,3,0,0,1,393,6,"Blok Imam Bonjol No. 15, Kel. Jati Kec. Medan Petisah, Kota Medan",3.501425,98.659012,0,5.0,0,5.0,0,5.0,0,5.0,0,5.0,0,5.0,0,5.0,0,5.0,0,5.0,0,2,4100000,0
aset-0802,4,0,2,0,1102,17,"Jl. HM Yamin No. 24, Kel. Petisah Tengah Kec. Medan Helvetia, Kota Medan",3.518495,98.682095,0,5.0,0,5.0,0,5.0,0,4.5338,0,5.0,0,4.5817,0,5.0,0,5.0,0,5.0,0,3,1300000,0
aset-0803,2,0,0,2,6095,15,"Komplek KH Wahid Hasyim No. 8, Kel. Petisah Tengah Kec. Medan Area, Kota Medan",3.585314,98.712834,1,2.9532,1,2.0132,1,2.5277,1,2.2318,1,2.2161,0,5.0,0,4.0108,0,4.3084,0,3.3287,5,2,18600000,1
aset-0804,4,0,2,0,3249,28,"Jl. Imam Bonjol No. 25, Kel. Pulo Brayan Kec. Medan Kota, Kota Medan",3.531787,98.615397,0,5.0,0,5.0,0,5.0,0,5.0,0,5.0,0,5.0,0,5.0,0,5.0,0,5.0,0,3,2400000,0
aset-0805,2,2,1,1,524,6,"Jl. Putri Hijau No. 8, Kel. Padang Bulan Kec. Medan Sunggal, Kota Medan",3.609888,98.62857,0,5.0,0,5.0,0,4.9362,0,5.0,0,4.6626,0,4.3687,0,5.0,0,5.0,0,3.7414,0,1,300000,0
aset-0806,2,0,1,1,479,7,"Jl. Sisingamangaraja No. 16, Kel. Merdeka Kec. Medan Helvetia, Kota Medan",3.599819,98.679424,3,0.6889,7,0.9489,6,0.8256,2,1.2037,8,0.4593,1,1.688,1,1.1245,1,0.8122,7,0.8581,36,2,83700000,2
aset-0807,6,0,2,1,3210,18,"Jl. KH Wahid Hasyim No. 7, Kel. Padang Bulan Kec. Medan Selayang, Kota Medan",3.554864,98.609563,0,5.0,0,5.0,0,5.0,0,5.0,0,5.0,0,5.0,0,5.0,0,5.0,0,5.0,0,3,900000,0
aset-0808,4,2,0,1,295,6,"Jl. Setiabudi No. 5, Kel. Pasar Merah Kec. Medan Helvetia, Kota Medan",3.602383,98.692508,3,0.8871,7,0.5788,6,0.8784,2,2.2672,7,0.735,0,3.1612,1,2.2041,1,2.1551,4,1.9503,31,2,12200000,2
aset-0809,2,0,2,1,1047,17,"Jl. Ahmad Yani No. 4, Kel. Padang Bulan Kec. Medan Baru, Kota Medan",3.601587,98.664073,3,1.7276,6,1.2983,6,0.8912,1,1.2258,6,1.4034,1,0.7396,1,1.9282,1,1.4772,5,0.9495,30,2,760600000,2
aset-0810,4,0,2,1,716,22,"Jl. Sutomo No. 12, Kel. Pulo Brayan Kec. Medan Petisah, Kota Medan",3.619209,98.685917,3,1.5234,1,1.5967,3,1.8195,0,3.3516,4,1.1603,0,3.5545,0,3.3952,0,3.0537,0,3.1229,11,5,9200000,1
aset-0811,6,0,1,0,1873,17,"Jl. Sutomo No. 2, Kel. Kesawan Kec. Medan Deli, Kota Medan",3.543245,98.686555,0,3.9661,0,4.4101,0,3.3493,1,2.8484,0,4.478,1,2.781,0,5.0,0,5.0,0,3.5543,2,2,2100000,1
aset-0812,5,0,0,1,4063,8,"Jl. Thamrin No. 32, Kel. Polonia Kec. Medan Kota, Kota Medan",3.6158,98.634262,0,5.0,0,4.8956,0,4.2318,0,4.801,0,4.5295,0,4.1213,0,5.0,0,5.0,0,3.7652,0,5,2800000,1
aset-0813,4,0,0,0,679,12,"Jl. KH Wahid Hasyim No. 1, Kel. Pulo Brayan Kec. Medan Baru, Kota Medan",3.590865,98.689556,3,0.5446,7,0.635,6,0.4867,2,1.0573,8,0.5977,1,2.7637,1,1.3968,1,1.6526,6,0.9423,35,2,168600000,2
aset-0814,1,2,0,2,264,9,"Jl. Jamin Ginting No. 10, Kel. Merdeka Kec. Medan Marelan, Kota Medan",3.601081,98.70234,3,1.673,4,1.65,2,1.3609,1,2.3613,6,1.0426,0,4.1986,0,3.0702,0,3.1346,2,2.7471,18,2,1100000,1
aset-0815,3,2,0,1,2402,27,"Jl. Sutomo No. 14, Kel. Pasar Merah Kec. Medan Tembung, Kota Medan",3.509493,98.689236,0,5.0,0,5.0,0,5.0,0,5.0,0,5.0,0,5.0,0,5.0,0,5.0,0,5.0,0,1,500000,0
aset-0816,5,0,0,1,882,13,"Blok Imam Bonjol No. 24, Kel. Bantan Kec. Medan Helvetia, Kota Medan",3.598913,98.710008,1,2.4371,2,2.5122,1,2.0578,1,2.6645,2,1.854,0,5.0,0,3.7948,0,3.9233,0,3.3787,7,2,4500000,1
aset-0817,3,2,0,0,656,8,"Jl. Sudirman No. 1, Kel. Padang Bulan Kec. Medan Maimun, Kota Medan",3.618205,98.708599,0,3.3753,1,2.7169,0,3.2158,0,4.3822,1,1.8007,0,5.0,0,4.7046,0,4.5986,0,4.4432,2,1,200000,1
aset-0818,4,0,2,1,829,13,"Jl. Cut Mutia No. 3, Kel. Pusat Pasar Kec. Medan Polonia, Kota Medan",3.55879,98.633341,1,2.6452,0,5.0,0,3.9533,0,3.3969,0,4.8609,0,3.5272,0,5.0,0,5.0,0,4.1306,1,3,1500000,0
aset-0819,4,0,0,0,936,28,"Blok Iskandar Muda No. 3, Kel. Sei Sikambing Kec. Medan Perjuangan, Kota Medan",3.554911,98.703227,0,4.7997,0,3.1475,0,3.859,0,3.2189,0,3.3232,0,4.2441,0,4.8678,0,5.0,0,3.1049,0,0,4000000,0
aset-0820,4,2,0,1,1206,25,"Jl. Veteran No. 4, Kel. Gaharu Kec. Medan Selayang, Kota Medan",3.614005,98.654828,1,2.8263,0,3.0144,2,2.236,1,2.9455,1,2.9383,1,2.3959,0,3.6303,0,3.1559,2,2.6618,8,1,900000,1
aset-0821,3,0,1,1,3799,22,"Jl. Ahmad Yani No. 50, Kel. Sunggal Kec. Medan Perjuangan, Kota Medan",3.615476,98.681045,4,1.0779,5,1.3974,4,1.6161,1,2.7366,4,0.609,1,2.8904,1,2.8682,1,2.4805,2,2.6074,23,2,36400000,2
aset-0822,6,0,0,0,2099,9,"Jl. Yos Sudarso No. 8, Kel. Pandan Selamat Kec. Medan Barat, Kota Medan",3.586679,98.686857,3,1.0049,7,0.4461,6,0.8611,2,0.8575,8,0.2531,1,2.5961,1,1.1546,1,1.5473,6,0.5402,35,2,447800000,2
aset-0823,6,0,1,1,2991,28,"Komplek Thamrin No. 48, Kel. Jati Kec. Medan Area, Kota Medan",3.538057,98.652159,1,2.8209,0,5.0,0,3.6672,1,2.2689,0,5.0,1,2.4518,0,5.0,0,5.0,0,5.0,3,0,9300000,1
aset-0824,4,0,1,1,1180,28,"Perumahan Balai Kota No. 10, Kel. Pusat Pasar Kec. Medan Tembung, Kota Medan",3.590358,98.670181,3,0.8582,7,0.3565,7,0.9774,2,0.3076,7,0.5944,1,0.7727,1,0.7578,1,0.6709,7,0.4718,36,2,168900000,2
aset-0825,2,0,0,1,3233,6,"Jl. Sutomo No. 48, Kel. Suka Maju Kec. Medan Perjuangan, Kota Medan",3.5697,98.682835,3,2.3119,6,1.9218,6,1.3388,3,1.7729,5,1.86,1,2.4977,1,2.3483,1,2.8385,5,0.6119,31,2,355500000,2
aset-0826,6,0,2,1,1014,22,"Jl. Jamin Ginting No. 20, Kel. Merdeka Kec. Medan Selayang, Kota Medan",3.626895,98.663914,2,1.9792,0,3.6155,1,0.7926,0,3.8501,1,2.6691,0,3.5486,0,4.352,0,3.8591,0,3.6857,4,3,400000,1
aset-0827,4,2,0,1,668,8,"Gang Jamin Ginting No. 48, Kel. Gaharu Kec. Medan Deli, Kota Medan",3.556225,98.619062,0,4.2554,0,5.0,0,5.0,0,4.9562,0,5.0,0,5.0,0,5.0,0,5.0,0,5.0,0,1,500000,0
aset-0828,6,0,2,1,3341,18,"Jl. Iskandar Muda No. 18, Kel. Pusat Pasar Kec. Medan Sunggal, Kota Medan",3.593784,98.624659,0,4.9437,0,5.0,0,5.0,0,5.0,0,4.5084,0,4.479,0,5.0,0,5.0,0,3.4089,0,3,4000000,0
aset-0829,5,2,2,0,4079,25,"Jl. Diponegoro No. 50, Kel. Jati Kec. Medan Marelan, Kota Medan",3.52354,98.662945,0,4.4404,0,5.0,0,4.865,0,3.4881,0,5.0,0,3.6166,0,5.0,0,5.0,0,5.0,0,4,300000,0
aset-0830,6,0,0,1,605,27,"Jl. Ahmad Yani No. 12, Kel. Merdeka Kec. Medan Marelan, Kota Medan",3.563462,98.6692,1,1.3771,0,3.108,4,0.4153,1,1.131,2,2.4149,1,0.9517,0,3.0752,0,3.4561,4,2.0823,13,5,8900000,1
aset-0831,2,0,2,1,14596,14,"Jl. Sutomo No. 20, Kel. Kesawan Kec. Medan Tembung, Kota Medan",3.585756,98.664972,4,1.5068,5,1.1212,6,1.1543,1,1.047,4,0.3607,1,1.0279,1,1.4157,1,1.4418,7,0.9763,30,2,1622700000,2
aset-0832,1,0,0,0,1976,6,"Gang Sutomo No. 6, Kel. Merdeka Kec. Medan Perjuangan, Kota Medan",3.582301,98.65702,2,2.1463,4,2.0442,6,1.9968,1,1.9551,2,1.1572,1,1.6668,1,2.3768,1,2.3819,5,0.7779,23,5,90700000,1
aset-0833,6,2,0,1,521,9,"Jl. Yos Sudarso No. 28, Kel. Pusat Pasar Kec. Medan Timur, Kota Medan",3.594297,98.695186,3,0.7778,7,1.3511,6,0.3543,2,1.3887,7,1.2793,0,3.3509,1,2.074,1,2.2404,5,1.6732,32,2,68000000,2
aset-0834,4,2,0,1,850,17,"Gang Katamso No. 50, Kel. Pusat Pasar Kec. Medan Kota, Kota Medan",3.587688,98.673248,3,0.5719,7,0.3776,7,0.5564,2,0.6412,7,0.3294,1,1.2243,1,0.4894,1,0.7283,7,0.3074,36,2,56200000,2
aset-0835,5,2,1,1,838,23,"Jl. Sisingamangaraja No. 12, Kel. Bantan Kec. Medan Selayang, Kota Medan",3.553595,98.701962,0,4.8403,0,3.2517,0,3.8871,0,3.3114,0,3.4177,0,4.1108,0,4.9053,0,5.0,0,3.1203,0,1,900000,0
aset-0836,1,2,2,1,156,8,"Gang Teuku Daud No. 14, Kel. Pusat Pasar Kec. Medan Kota, Kota Medan",3.56645,98.713898,0,4.3101,1,2.7182,0,3.954,1,2.8929,1,2.9607,0,5.0,0,4.8606,0,5.0,0,3.4653,3,4,200000,0
aset-0837,1,2,0,0,588,9,"Jl. Sisingamangaraja No. 25, Kel. Pusat Pasar Kec. Medan Marelan, Kota Medan",3.586638,98.665515,4,1.4215,5,1.0092,6,1.1277,1,0.9333,4,0.2687,1,0.9315,1,1.3283,1,1.3335,7,0.8638,30,2,37500000,2
aset-0838,5,2,0,1,2143,27,"Lorong Veteran No. 2, Kel. Padang Bulan Kec. Medan Helvetia, Kota Medan",3.588171,98.64944,1,2.9156,3,2.5605,2,2.8438,1,2.4521,2,1.7292,1,1.8864,0,3.0653,1,2.9097,3,0.6239,14,2,28600000,1
aset-0839,2,0,1,1,2952,11,"Jl. Yos Sudarso No. 40, Kel. Polonia Kec. Medan Area, Kota Medan",3.59365,98.673972,3,0.6032,7,0.2305,6,0.7607,2,0.3377,8,0.8225,1,1.007,1,0.5269,1,0.1205,7,0.4961,36,2,1780000000,2
aset-0840,4,0,0,1,327,12,"Jl. Imam Bonjol No. 12, Kel. Polonia Kec. Medan Helvetia, Kota Medan",3.634356,98.67517,1,0.698,0,3.5612,1,1.038,0,4.6218,1,2.7845,0,4.5194,0,4.9364,0,4.4874,0,4.5574,3,0,1300000,0
aset-0841,5,0,0,0,3374,19,"Jl. Teuku Cik Ditiro No. 36, Kel. Pulo Brayan Kec. Medan Maimun, Kota Medan",3.598465,98.686573,3,0.3718,7,0.7437,6,0.7464,2,1.8319,8,0.6765,1,2.4249,1,1.4194,1,1.3769,6,1.1613,35,2,1249800000,2
aset-0842,1,0,0,0,1220,6,"Perumahan Setiabudi No. 5, Kel. Kesawan Kec. Medan Denai, Kota Medan",3.562392,98.652082,1,0.5279,0,4.0045,1,1.8394,1,1.535,0,3.2877,1,1.6001,0,4.1318,0,4.3384,1,2.9764,5,2,8000000,1
aset-0843,4,2,1,1,827,26,"Lorong Balai Kota No. 10, Kel. Petisah Tengah Kec. Medan Sunggal, Kota Medan",3.532979,98.691824,0,5.0,0,5.0,0,4.6154,0,3.9603,0,5.0,0,3.9262,0,5.0,0,5.0,0,4.7655,0,1,100000,0
aset-0844,2,0,0,1,512,15,"Jl. Sutomo No. 22, Kel. Pusat Pasar Kec. Medan Deli, Kota Medan",3.576395,98.66365,2,1.6723,5,1.9891,6,1.1508,2,2.0185,4,1.332,2,2.0742,1,2.1174,1,2.3278,7,1.6989,30,2,106800000,2
aset-0845,2,0,0,1,928,18,"Jl. Diponegoro No. 16, Kel. Merdeka Kec. Medan Labuhan, Kota Medan",3.606407,98.671399,3,0.8448,6,1.4923,7,0.6824,1,1.4915,7,1.1379,1,1.4537,1,1.9274,1,1.4363,5,1.4302,32,2,450100000,2
aset-0846,6,0,0,1,1868,18,"Jl. Marelan Raya No. 42, Kel. Merdeka Kec. Medan Labuhan, Kota Medan",3.602467,98.667648,3,1.3197,6,1.1582,7,0.5398,1,1.1165,6,1.526,1,0.8807,1,1.7317,1,1.2458,5,0.9423,31,2,279800000,2
aset-0847,5,2,0,2,461,23,"Jl. Thamrin No. 18, Kel. Aur Kec. Medan Perjuangan, Kota Medan",3.500648,98.647681,0,5.0,0,5.0,0,5.0,0,5.0,0,5.0,0,5.0,0,5.0,0,5.0,0,5.0,0,1,300000,0
aset-0848,5,0,1,1,1098,13,"Jl. Sisingamangaraja No. 18, Kel. Sei Sikambing Kec. Medan Polonia, Kota Medan",3.548115,98.658464,1,1.6654,0,5.0,1,2.3515,1,0.9523,0,4.3679,1,1.138,0,5.0,0,5.0,0,4.1198,4,0,5100000,1
aset-0849,2,2,0,1,492,8,"Gang Iskandar Muda No. 4, Kel. Aur Kec. Medan Petisah, Kota Medan",3.560451,98.693282,0,3.6928,1,2.4037,2,2.7181,1,2.3964,1,2.5076,0,3.1775,0,3.7498,0,4.2465,2,1.9332,7,1,500000,1
aset-0850,3,0,1,1,9702,8,"Lingkungan Sisingamangaraja No. 10, Kel. Pulo Brayan Kec. Medan Petisah, Kota Medan",3.584407,98.652342,2,2.4312,3,2.3816,4,2.5193,1,2.2804,2,1.4947,1,1.8332,1,2.8062,1,2.7314,4,0.5898,19,2,60500000,1
aset-0851,2,2,1,1,342,13,"Jl. Teuku Daud No. 36, Kel. Sei Sikambing Kec. Medan Maimun, Kota Medan",3.562424,98.700666,0,3.9359,1,2.2657,0,3.0512,1,2.337,1,2.4409,0,4.0221,0,4.0373,0,4.5211,2,2.3342,5,1,200000,1
aset-0852,6,2,0,0,187,11,"Perumahan Cut Mutia No. 2, Kel. Suka Maju Kec. Medan Denai, Kota Medan",3.604798,98.635783,0,4.7978,0,4.2278,0,4.0502,0,4.1225,0,3.6876,0,3.4205,0,4.861,0,4.5147,1,2.7629,1,1,100000,0
aset-0853,3,2,1,1,3494,11,"Jl. KH Wahid Hasyim No. 4, Kel. Pulo Brayan Kec. Medan Perjuangan, Kota Medan",3.603361,98.633924,0,5.0,0,4.3798,0,4.2392,0,4.2728,0,3.8005,0,3.5718,0,5.0,0,4.6758,1,2.8321,1,1,300000,0
aset-0854,1,0,0,1,297,28,"Jl. Katamso No. 14, Kel. Pulo Brayan Kec. Medan Marelan, Kota Medan",3.57967,98.661181,2,1.9163,5,1.9002,6,1.5776,2,1.8396,4,1.1207,2,1.7565,1,2.0979,1,2.2115,7,1.2437,30,2,302500000,2
aset-0855,4,0,0,1,3384,14,"Jl. Sisingamangaraja No. 42, Kel. Sikambing Kec. Medan Polonia, Kota Medan",3.542173,98.602316,0,5.0,0,5.0,0,5.0,0,5.0,0,5.0,0,5.0,0,5.0,0,5.0,0,5.0,0,5,5100000,0
aset-0856,6,0,0,0,3944,9,"Perumahan Diponegoro No. 25, Kel. Polonia Kec. Medan Timur, Kota Medan",3.6268,98.666103,2,1.7514,0,3.4323,1,0.5507,0,3.7975,2,2.4945,0,3.5381,0,4.2669,0,3.7785,0,3.6533,5,2,8600000,1
aset-0857,5,0,0,0,1922,22,"Jl. HM Yamin No. 50, Kel. Polonia Kec. Medan Timur, Kota Medan",3.62531,98.698412,1,2.0705,1,2.5368,0,3.043,0,4.7077,3,1.9433,0,5.0,0,4.5894,0,4.3442,0,4.3112,5,2,9900000,1
aset-0858,2,0,1,0,3820,16,"Komplek Marelan Raya No. 42, Kel. Sei Sikambing Kec. Medan Petisah, Kota Medan",3.593237,98.680891,3,0.4978,7,0.5401,6,0.5157,2,1.0979,8,0.3075,1,1.7743,1,0.5621,1,0.6592,7,0.3201,36,2,736400000,2
aset-0859,6,0,1,1,812,9,"Jl. Teuku Cik Ditiro No. 1, Kel. Padang Bulan Kec. Medan Johor, Kota Medan",3.586394,98.718557,0,3.5104,1,2.6596,0,3.082,1,2.878,1,2.8613,0,5.0,0,4.6293,0,4.9073,0,3.9715,3,2,8400000,1
aset-0860,5,2,1,1,658,10,"Perumahan Ahmad Yani No. 48, Kel. Titi Kuning Kec. Medan Baru, Kota Medan",3.603582,98.612483,0,5.0,0,5.0,0,5.0,0,5.0,0,5.0,0,5.0,0,5.0,0,5.0,0,4.9892,0,1,100000,0
aset-0861,1,0,0,1,16093,18,"Jl. Cut Mutia No. 28, Kel. Gaharu Kec. Medan Barat, Kota Medan",3.535162,98.651888,0,3.1431,0,5.0,0,3.9662,1,2.5565,0,5.0,1,2.7362,0,5.0,0,5.0,0,5.0,2,0,7300000,1
aset-0862,5,2,0,1,1222,11,"Perumahan Balai Kota No. 8, Kel. Merdeka Kec. Medan Deli, Kota Medan",3.589497,98.657362,2,2.2797,5,1.6705,6,2.0204,1,1.5628,3,0.8494,1,1.0454,1,2.1801,1,2.0204,5,0.2679,25,2,21700000,2
aset-0863,1,0,1,1,1884,7,"Blok Gatot Subroto No. 24, Kel. Aur Kec. Medan Sunggal, Kota Medan",3.593895,98.687235,3,0.2235,7,0.6064,6,0.5331,2,1.4692,8,0.7008,1,2.4706,1,1.2156,1,1.3578,6,0.9619,35,2,183300000,2
aset-0864,4,0,0,2,1871,12,"Jl. Marelan Raya No. 30, Kel. Pasar Merah Kec. Medan Area, Kota Medan",3.534599,98.627004,0,4.5726,0,5.0,0,5.0,0,4.6564,0,5.0,0,4.842,0,5.0,0,5.0,0,5.0,0,0,4300000,0
aset-0865,6,2,1,1,1864,9,"Jl. Pemuda No. 32, Kel. Pulo Brayan Kec. Medan Denai, Kota Medan",3.587799,98.679311,3,0.2812,7,0.41,7,0.0562,2,1.0886,8,0.6317,1,1.7786,1,0.3545,1,0.8392,7,0.3114,37,2,405500000,2
aset-0866,1,2,0,1,1371,23,"Lorong Balai Kota No. 12, Kel. Aur Kec. Medan Selayang, Kota Medan",3.596399,98.663424,3,1.7616,6,1.0241,5,1.0459,1,0.9218,6,0.8412,1,0.2341,1,1.6662,1,1.3121,5,0.5737,29,2,55200000,2
aset-0867,5,2,0,2,3029,17,"Jl. Katamso No. 5, Kel. Petisah Tengah Kec. Medan Johor, Kota Medan",3.629159,98.710084,0,3.243,0,3.6363,0,4.3451,0,5.0,1,2.8246,0,5.0,0,5.0,0,5.0,0,5.0,1,1,800000,0
aset-0868,6,0,0,1,266,17,"Jl. Teuku Cik Ditiro No. 45, Kel. Kesawan Kec. Medan Polonia, Kota Medan",3.589461,98.68647,3,0.7122,7,0.2742,6,0.8306,2,1.1016,8,0.2302,1,2.461,1,1.0527,1,1.3693,6,0.5666,35,2,206500000,2
aset-0869,4,2,0,1,1919,25,"Lingkungan Diponegoro No. 14, Kel. Petisah Tengah Kec. Medan Barat, Kota Medan",3.558384,98.699696,0,4.2582,1,2.6772,0,3.312,1,2.7291,1,2.8363,0,3.8598,0,4.3247,0,4.8162,2,2.555,5,1,600000,1
aset-0870,1,2,2,1,922,16,"Jl. Gatot Subroto No. 24, Kel. Sei Sikambing Kec. Medan Area, Kota Medan",3.596217,98.684287,3,0.4505,7,0.7475,6,0.8769,2,1.5174,8,0.3656,1,2.1447,1,1.0639,1,1.0597,6,0.8099,35,2,182700000,2
aset-0871,1,2,1,1,717,25,"Jl. Ahmad Yani No. 40, Kel. Kesawan Kec. Medan Barat, Kota Medan",3.549441,98.694569,0,4.4545,0,3.6207,0,3.5364,0,3.4792,0,3.7356,0,3.3616,0,4.9134,0,5.0,0,3.0891,0,1,200000,0
aset-0872,6,2,0,1,1349,7,"Jl. Sisingamangaraja No. 4, Kel. Pasar Merah Kec. Medan Timur, Kota Medan",3.579602,98.664141,2,1.9086,5,1.6743,6,1.2629,2,1.673,4,1.0493,2,1.7148,1,1.8366,1,2.0038,7,1.4564,30,2,105100000,2
aset-0873,4,0,0,0,918,25,"Komplek Ahmad Yani No. 36, Kel. Polonia Kec. Medan Labuhan, Kota Medan",3.576417,98.669295,3,1.7776,6,1.7036,6,0.9678,3,1.8537,5,1.0005,2,2.1206,1,1.7356,1,2.0551,7,1.4875,34,2,197700000,2
aset-0874,6,0,0,1,69,7,"Jl. Iskandar Muda No. 7, Kel. Titi Kuning Kec. Medan Perjuangan, Kota Medan",3.597219,98.691515,3,0.3997,7,0.9491,6,0.3071,2,1.7002,7,1.1748,1,2.9529,1,1.7998,1,1.8674,6,1.5512,34,2,21900000,2
aset-0875,5,0,0,1,1627,12,"Jl. Sisingamangaraja No. 24, Kel. Pulo Brayan Kec. Medan Barat, Kota Medan",3.601507,98.650053,0,3.251,2,2.6128,1,2.4393,1,2.5097,1,2.1646,1,1.8097,0,3.2527,1,2.8916,2,1.4951,9,2,19600000,1
aset-0876,6,0,1,1,4753,25,"Blok Sutomo No. 1, Kel. Sikambing Kec. Medan Perjuangan, Kota Medan",3.613425,98.676943,4,0.8566,6,1.5438,5,1.546,1,2.365,5,0.5897,1,2.4401,1,2.6047,1,2.1707,4,2.3642,28,2,300000000,2
aset-0877,4,0,2,2,3908,19,"Jl. Yos Sudarso No. 20, Kel. Sei Sikambing Kec. Medan Baru, Kota Medan",3.515799,98.634656,0,5.0,0,5.0,0,5.0,0,5.0,0,5.0,0,5.0,0,5.0,0,5.0,0,5.0,0,3,2200000,0
aset-0878,5,0,1,0,839,6,"Jl. Putri Hijau No. 28, Kel. Bantan Kec. Medan Helvetia, Kota Medan",3.555597,98.678487,1,2.5437,0,3.4609,2,1.7211,1,1.6429,0,3.3478,1,1.4975,0,3.829,0,4.2877,2,2.2503,7,0,8000000,1
aset-0879,6,2,1,1,2122,20,"Jl. Diponegoro No. 28, Kel. Polonia Kec. Medan Johor, Kota Medan",3.507305,98.683779,0,5.0,0,5.0,0,5.0,0,5.0,0,5.0,0,5.0,0,5.0,0,5.0,0,5.0,0,1,500000,0
aset-0880,1,0,1,1,3017,12,"Perumahan Balai Kota No. 42, Kel. Jati Kec. Medan Marelan, Kota Medan",3.580092,98.669598,3,1.4277,6,1.3076,7,0.6812,3,1.4437,5,0.6074,2,1.7345,1,1.3743,1,1.6587,7,1.1305,35,2,1144800000,2
aset-0881,6,0,0,1,409,20,"Jl. Diponegoro No. 40, Kel. Titi Kuning Kec. Medan Timur, Kota Medan",3.583926,98.688735,3,1.299,7,0.7275,7,0.8966,2,0.5195,7,0.4844,1,2.9077,1,1.4671,1,1.8916,6,0.8219,35,2,75200000,2
aset-0882,5,2,2,1,2440,27,"Jl. Marelan Raya No. 18, Kel. Kesawan Kec. Medan Kota, Kota Medan",3.527835,98.683194,0,4.8856,0,5.0,0,4.67,0,3.7064,0,5.0,0,3.7263,0,5.0,0,5.0,0,5.0,0,4,1600000,0
aset-0883,3,2,0,1,1599,17,"Jl. Balai Kota No. 15, Kel. Pusat Pasar Kec. Medan Perjuangan, Kota Medan",3.538743,98.65052,1,2.7858,0,5.0,0,3.6926,1,2.3167,0,5.0,1,2.5029,0,5.0,0,5.0,0,5.0,3,1,1200000,1
aset-0884,4,2,0,1,1541,16,"Jl. Jamin Ginting No. 8, Kel. Pasar Merah Kec. Medan Labuhan, Kota Medan",3.552331,98.695695,0,4.4767,0,3.3,0,3.4796,0,3.3126,0,3.4234,0,3.431,0,4.6743,0,5.0,2,2.8502,2,1,600000,1
aset-0885,1,2,2,1,177,6,"Komplek Pemuda No. 4, Kel. Titi Kuning Kec. Medan Perjuangan, Kota Medan",3.58733,98.682761,3,0.6105,7,0.0791,7,0.4174,2,1.2816,8,0.2594,1,2.1476,1,0.7049,1,1.1366,6,0.092,36,2,14800000,2
aset-0886,2,0,1,1,2011,14,"Jl. Setiabudi No. 6, Kel. Titi Kuning Kec. Medan Perjuangan, Kota Medan",3.578608,98.668887,3,1.6053,6,1.4902,6,0.8359,3,1.6174,5,0.7903,2,1.873,1,1.5541,1,1.841,7,1.3091,34,2,421400000,2
aset-0887,6,2,0,0,1283,14,"Lorong Pemuda No. 5, Kel. Bantan Kec. Medan Kota, Kota Medan",3.59737,98.70755,1,2.1454,4,2.2047,1,1.755,1,2.3512,5,1.7436,0,4.7294,0,3.488,0,3.6317,0,3.061,12,2,2700000,1
aset-0888,1,0,1,0,8036,8,"Perumahan HM Yamin No. 7, Kel. Sikambing Kec. Medan Timur, Kota Medan",3.616347,98.692825,3,1.9178,1,1.3707,3,2.431,0,3.5505,4,0.9928,0,3.8948,0,3.4158,0,3.1762,0,3.1375,11,2,17400000,1
aset-0889,3,2,0,2,721,8,"Perumahan Pemuda No. 1, Kel. Kesawan Kec. Medan Timur, Kota Medan",3.572952,98.705374,0,3.1516,2,1.529,2,2.8185,1,1.7024,2,1.7704,0,4.861,0,3.6755,0,4.1037,2,2.3809,9,5,3900000,1
aset-0890,5,0,2,1,1613,17,"Jl. Iskandar Muda No. 28, Kel. Pulo Brayan Kec. Medan Johor, Kota Medan",3.556513,98.624142,0,3.6955,0,5.0,0,5.0,0,4.3939,0,5.0,0,4.5348,0,5.0,0,5.0,0,4.9777,0,3,2600000,0
aset-0891,4,0,0,0,4261,15,"Jl. Teuku Cik Ditiro No. 4, Kel. Sikambing Kec. Medan Tembung, Kota Medan",3.60011,98.635868,0,4.7354,0,4.087,0,4.0099,0,3.9782,0,3.461,0,3.2825,0,4.7011,0,4.3956,1,2.4565,1,0,6800000,1
aset-0892,2,0,0,1,10489,24,"Jl. Sisingamangaraja No. 28, Kel. Sunggal Kec. Medan Tembung, Kota Medan",3.584545,98.638251,0,3.1586,0,3.8615,0,3.8348,0,3.754,0,3.0095,0,3.188,0,4.3428,0,4.2116,1,1.9236,1,2,10000000,1
aset-0893,4,0,2,0,3475,9,"Lorong Gatot Subroto No. 40, Kel. Pandan Selamat Kec. Medan Marelan, Kota Medan",3.600004,98.682605,3,0.7776,7,0.8168,6,1.1774,2,1.505,8,0.4795,1,2.0314,1,1.2745,1,1.0761,6,0.996,35,2,622500000,2
aset-0894,6,0,2,0,1737,21,"Jl. Pemuda No. 1, Kel. Merdeka Kec. Medan Kota, Kota Medan",3.582191,98.686697,3,1.2992,7,0.7652,7,0.6357,2,0.6998,6,0.6728,1,2.7976,1,1.3828,1,1.8464,6,0.7011,34,2,789500000,2
aset-0895,2,2,0,1,704,18,"Jl. Thamrin No. 34, Kel. Jati Kec. Medan Kota, Kota Medan",3.589609,98.704905,2,1.9595,4,1.3871,4,1.532,1,1.5689,4,1.5118,0,4.4689,0,3.0971,0,3.3545,4,2.5584,19,2,3200000,2
aset-0896,2,0,0,1,1156,20,"Blok Sisingamangaraja No. 30, Kel. Pasar Merah Kec. Medan Marelan, Kota Medan",3.586416,98.677939,3,0.3874,7,0.5887,7,0.1608,2,1.0625,7,0.6776,1,1.7242,1,0.4119,1,0.9041,7,0.278,36,2,160600000,2
aset-0897,2,2,2,0,729,25,"Jl. Sutomo No. 10, Kel. Pasar Merah Kec. Medan Kota, Kota Medan",3.544015,98.688395,0,4.0929,0,4.2869,0,3.414,1,2.9961,0,4.3649,1,2.9185,0,5.0,0,5.0,0,3.4923,2,4,100000,0
aset-0898,3,2,1,1,964,8,"Jl. Setiabudi No. 36, Kel. Sikambing Kec. Medan Polonia, Kota Medan",3.567993,98.696656,0,3.2041,3,1.5683,4,2.3039,1,1.6095,2,1.7173,0,3.7578,0,3.2782,0,3.7602,3,1.6213,13,2,1400000,1
aset-0899,2,2,2,1,764,27,"Jl. Setiabudi No. 40, Kel. Sikambing Kec. Medan Tembung, Kota Medan",3.57572,98.610393,0,5.0,0,5.0,0,5.0,0,5.0,0,5.0,0,5.0,0,5.0,0,5.0,0,5.0,0,4,200000,0
aset-0900,4,0,0,1,2208,21,"Jl. Iskandar Muda No. 40, Kel. Merdeka Kec. Medan Johor, Kota Medan",3.582637,98.657692,2,2.1858,4,1.9619,6,1.9212,1,1.8732,3,1.0762,1,1.5961,1,2.2938,1,2.2991,5,0.7681,24,2,79000000,2
aset-0901,6,0,0,1,4667,18,"Gang Teuku Daud No. 25, Kel. Sunggal Kec. Medan Denai, Kota Medan",3.53824,98.610833,0,5.0,0,5.0,0,5.0,0,5.0,0,5.0,0,5.0,0,5.0,0,5.0,0,5.0,0,3,2100000,0
aset-0902,5,0,0,1,872,25,"Jl. Pemuda No. 10, Kel. Gaharu Kec. Medan Perjuangan, Kota Medan",3.598994,98.705947,1,1.9944,4,2.1007,1,1.6265,1,2.3739,5,1.4904,0,4.5658,0,3.3645,0,3.479,1,2.9734,13,2,25300000,1
aset-0903,5,2,2,1,1243,23,"Jl. Teuku Daud No. 28, Kel. Jati Kec. Medan Timur, Kota Medan",3.578591,98.664991,2,1.9062,5,1.704,6,1.2142,2,1.7354,4,1.055,2,1.8246,1,1.84,1,2.042,7,1.6028,30,2,105200000,2
aset-0904,5,0,1,1,1829,18,"Jl. Sudirman No. 25, Kel. Sei Sikambing Kec. Medan Johor, Kota Medan",3.539164,98.625073,0,4.4072,0,5.0,0,5.0,0,4.6303,0,5.0,0,4.8104,0,5.0,0,5.0,0,5.0,0,2,700000,0
aset-0905,3,2,1,0,335,9,"Jl. Veteran No. 30, Kel. Pulo Brayan Kec. Medan Baru, Kota Medan",3.618547,98.632794,0,5.0,0,5.0,0,4.32,0,5.0,0,4.8547,0,4.4305,0,5.0,0,5.0,0,4.1069,0,4,500000,0
aset-0906,6,0,0,0,2955,17,"Jl. HM Yamin No. 4, Kel. Pulo Brayan Kec. Medan Denai, Kota Medan",3.59257,98.672747,3,0.6444,7,0.0956,7,0.7995,2,0.1996,7,0.8459,1,0.9011,1,0.5518,1,0.2963,7,0.5502,36,2,402900000,2
aset-0907,4,2,0,1,935,19,"Lingkungan Cut Mutia No. 45, Kel. Pasar Merah Kec. Medan Polonia, Kota Medan",3.600436,98.665816,3,1.5885,6,1.0745,7,0.6864,1,1.0073,6,1.2748,1,0.6112,1,1.6991,1,1.2453,5,0.7556,31,2,16500000,2
aset-0908,2,2,0,1,1109,7,"Blok Sisingamangaraja No. 24, Kel. Padang Bulan Kec. Medan Helvetia, Kota Medan",3.577092,98.69797,2,2.321,4,0.6376,5,1.9489,1,0.776,3,0.8578,0,4.1657,1,2.7342,0,3.1675,5,1.5301,21,2,26600000,2
aset-0909,3,2,1,2,1587,16,"Jl. Teuku Daud No. 50, Kel. Polonia Kec. Medan Tembung, Kota Medan",3.609701,98.652016,0,3.0227,1,2.8926,2,2.4518,1,2.8084,1,2.7157,1,2.1791,0,3.5336,0,3.091,2,2.3256,8,2,3000000,1
aset-0910,6,0,2,1,3864,19,"Perumahan Putri Hijau No. 12, Kel. Kesawan Kec. Medan Polonia, Kota Medan",3.580237,98.657916,2,1.9206,4,2.1112,6,1.849,2,2.0304,2,1.252,2,1.8202,1,2.3799,1,2.4365,7,1.0268,27,2,189700000,2
aset-0911,1,2,0,1,1603,13,"Jl. Cut Mutia No. 48, Kel. Sunggal Kec. Medan Johor, Kota Medan",3.528983,98.663648,0,3.8581,0,5.0,0,4.2548,1,2.8818,0,5.0,0,3.0079,0,5.0,0,5.0,0,5.0,1,1,500000,1
aset-0912,3,0,0,0,518,23,"Jl. Jamin Ginting No. 16, Kel. Pandan Selamat Kec. Medan Kota, Kota Medan",3.582518,98.68973,3,1.4633,7,0.5877,7,0.9742,2,0.3674,7,0.3668,0,3.0755,1,1.6395,1,2.0742,6,0.9162,34,2,171900000,2
aset-0913,6,2,2,0,760,20,"Jl. Yos Sudarso No. 40, Kel. Pulo Brayan Kec. Medan Denai, Kota Medan",3.563537,98.63702,1,2.196,0,5.0,0,3.4597,0,3.1128,0,4.2023,0,3.2164,0,5.0,0,5.0,0,3.4639,1,4,300000,0
aset-0914,1,0,0,1,596,9,"Jl. Setiabudi No. 1, Kel. Pasar Merah Kec. Medan Polonia, Kota Medan",3.626917,98.603962,0,5.0,0,5.0,0,5.0,0,5.0,0,5.0,0,5.0,0,5.0,0,5.0,0,5.0,0,0,2200000,0
aset-0915,1,0,2,1,1393,12,"Jl. Marelan Raya No. 3, Kel. Sikambing Kec. Medan Area, Kota Medan",3.58926,98.697998,3,1.2866,7,0.8732,5,0.8846,1,0.9795,7,0.8901,0,3.7172,1,2.3317,1,2.6061,5,1.7931,30,2,291800000,2
aset-0916,4,2,0,1,650,10,"Jl. Katamso No. 34, Kel. Jati Kec. Medan Marelan, Kota Medan",3.54079,98.622257,0,4.5603,0,5.0,0,5.0,0,4.8597,0,5.0,0,5.0,0,5.0,0,5.0,0,5.0,0,1,100000,0
aset-0917,4,2,0,1,1112,20,"Jl. Gatot Subroto No. 6, Kel. Sunggal Kec. Medan Area, Kota Medan",3.581946,98.68055,3,0.932,7,0.726,7,0.0631,2,1.3817,6,0.8349,1,2.255,1,0.9784,1,1.4751,7,0.5846,35,2,82000000,2
aset-0918,5,0,2,0,1528,9,"Blok Diponegoro No. 5, Kel. Pulo Brayan Kec. Medan Johor, Kota Medan",3.614698,98.657014,1,2.6246,1,2.9303,2,1.9971,1,2.8688,2,2.7126,1,2.3628,0,3.5301,0,3.0464,2,2.6045,10,3,2400000,1
aset-0919,2,2,1,1,966,15,"Jl. Pemuda No. 6, Kel. Pasar Merah Kec. Medan Timur, Kota Medan",3.593314,98.649286,0,3.198,3,2.5209,1,2.6376,1,2.4099,2,1.8086,1,1.7539,0,3.0975,1,2.8546,2,0.7951,11,2,1200000,1
aset-0920,3,2,2,1,2661,28,"Jl. Jamin Ginting No. 6, Kel. Pulo Brayan Kec. Medan Deli, Kota Medan",3.574913,98.656669,2,1.3247,3,2.6267,5,1.5348,2,2.3582,2,1.819,2,2.2973,1,2.8117,1,2.9399,3,1.5773,21,2,41800000,1
aset-0921,3,0,0,2,1624,21,"Jl. Diponegoro No. 24, Kel. Polonia Kec. Medan Kota, Kota Medan",3.583836,98.698713,2,1.7455,6,0.4599,5,1.4004,1,0.6661,5,0.6408,0,3.942,1,2.5053,1,2.864,5,1.8105,26,2,145800000,2
aset-0922,1,2,0,1,2459,7,"Jl. Katamso No. 34, Kel. Titi Kuning Kec. Medan Labuhan, Kota Medan",3.607866,98.659661,2,2.1562,3,2.1465,2,1.6071,1,2.0775,5,2.1799,1,1.5485,1,2.7657,1,2.2967,4,1.7982,20,2,18000000,2
aset-0923,4,2,0,0,2390,17,"Jl. Iskandar Muda No. 42, Kel. Suka Maju Kec. Medan Petisah, Kota Medan",3.570037,98.619901,0,4.1691,0,5.0,0,5.0,0,5.0,0,5.0,0,5.0,0,5.0,0,5.0,0,4.4293,0,1,100000,0
aset-0924,2,2,2,1,994,8,"Jl. Gatot Subroto No. 3, Kel. Polonia Kec. Medan Area, Kota Medan",3.607548,98.68552,4,0.7437,6,0.395,7,1.6194,2,2.2833,7,0.1794,1,2.6707,1,2.1683,1,1.9059,4,1.8901,33,2,127700000,2
aset-0925,6,2,0,1,834,22,"Jl. Marelan Raya No. 7, Kel. Pandan Selamat Kec. Medan Polonia, Kota Medan",3.529266,98.62775,0,4.9462,0,5.0,0,5.0,0,4.9034,0,5.0,0,5.0,0,5.0,0,5.0,0,5.0,0,1,500000,0
aset-0926,2,2,0,1,1233,11,"Jl. Cut Mutia No. 2, Kel. Pusat Pasar Kec. Medan Maimun, Kota Medan",3.580192,98.646088,1,2.2512,0,3.209,1,2.8399,0,3.1099,2,2.316,1,2.6676,0,3.5997,0,3.557,2,1.3919,7,2,1100000,1
aset-0927,1,0,0,0,1336,27,"Jl. Iskandar Muda No. 7, Kel. Pasar Merah Kec. Medan Perjuangan, Kota Medan",3.600328,98.697632,3,1.1614,7,1.1884,5,0.9003,1,2.1018,6,0.8721,0,3.6695,1,2.5615,1,2.6083,3,2.2816,27,2,131700000,2
aset-0928,2,0,0,1,1028,15,"Jl. Sisingamangaraja No. 45, Kel. Jati Kec. Medan Labuhan, Kota Medan",3.567548,98.651914,1,0.7414,0,3.5788,1,1.7862,1,1.9206,2,2.7927,1,1.9385,0,3.7394,0,3.9007,1,2.4099,7,2,6700000,1
aset-0929,1,2,1,1,304,18,"Jl. Pemuda No. 40, Kel. Pusat Pasar Kec. Medan Petisah, Kota Medan",3.60299,98.674569,3,0.5948,6,1.1469,7,0.4133,1,1.1794,7,1.0552,1,1.3846,1,1.4694,1,1.0008,5,1.2373,32,2,26800000,2
aset-0930,5,2,1,0,1432,6,"Jl. Sudirman No. 25, Kel. Merdeka Kec. Medan Denai, Kota Medan",3.582067,98.685021,3,1.176,7,0.6968,7,0.4492,2,0.8856,6,0.6597,1,2.6466,1,1.2531,1,1.7313,6,0.6367,34,2,130400000,2
aset-0931,2,0,0,0,1492,11,"Jl. KH Wahid Hasyim No. 40, Kel. Bantan Kec. Medan Barat, Kota Medan",3.537521,98.60499,0,5.0,0,5.0,0,5.0,0,5.0,0,5.0,0,5.0,0,5.0,0,5.0,0,5.0,0,0,5200000,0
aset-0932,2,0,0,1,4314,9,"Jl. Yos Sudarso No. 8, Kel. Pasar Merah Kec. Medan Baru, Kota Medan",3.597314,98.684436,3,0.4693,7,0.8702,6,0.8959,2,1.5663,8,0.4083,1,2.1722,1,1.1586,1,1.1101,6,0.8957,35,2,1185300000,2
aset-0933,1,0,1,2,1347,26,"Jl. Imam Bonjol No. 42, Kel. Padang Bulan Kec. Medan Selayang, Kota Medan",3.577309,98.649021,1,1.8102,0,3.0899,2,2.398,2,2.9771,2,2.1987,2,2.6484,0,3.4106,0,3.4288,2,1.4595,11,2,9200000,1
aset-0934,2,2,0,1,859,7,"Lingkungan Balai Kota No. 45, Kel. Merdeka Kec. Medan Timur, Kota Medan",3.536243,98.617264,0,5.0,0,5.0,0,5.0,0,5.0,0,5.0,0,5.0,0,5.0,0,5.0,0,5.0,0,1,200000,0
aset-0935,3,0,1,0,612,23,"Jl. Cut Mutia No. 50, Kel. Sunggal Kec. Medan Baru, Kota Medan",3.537403,98.677093,0,3.6295,0,5.0,0,3.4423,1,2.4484,0,5.0,1,2.4653,0,5.0,0,5.0,0,4.2592,2,2,2200000,1
aset-0936,5,0,0,1,870,13,"Jl. Ahmad Yani No. 22, Kel. Suka Maju Kec. Medan Helvetia, Kota Medan",3.563639,98.667588,1,1.1993,0,3.1245,4,0.3765,1,1.0632,2,2.4251,1,0.8967,0,3.1117,0,3.4747,3,2.2139,12,5,6900000,1
aset-0937,2,0,0,1,630,22,"Blok Sudirman No. 1, Kel. Suka Maju Kec. Medan Perjuangan, Kota Medan",3.629086,98.663687,1,1.9484,0,3.8016,1,0.881,0,4.0938,1,2.8627,0,3.7929,0,4.5903,0,4.0983,0,3.9306,3,2,1700000,0
aset-0938,4,0,2,1,5238,10,"Jl. Iskandar Muda No. 2, Kel. Aur Kec. Medan Helvetia, Kota Medan",3.608259,98.646776,0,3.5848,0,3.2733,1,2.9358,0,3.179,1,2.9456,1,2.5028,0,3.9208,0,3.5106,2,2.3279,5,3,8500000,1
aset-0939,3,0,2,1,617,21,"Jl. Sisingamangaraja No. 25, Kel. Pusat Pasar Kec. Medan Sunggal, Kota Medan",3.551264,98.711983,0,5.0,0,3.903,0,4.8169,0,4.0149,0,4.11,0,5.0,0,5.0,0,5.0,0,4.0913,0,3,2100000,0
aset-0940,2,0,1,1,1279,14,"Jl. Putri Hijau No. 16, Kel. Titi Kuning Kec. Medan Tembung, Kota Medan",3.604112,98.67255,3,0.746,6,1.2371,7,0.4283,1,1.2475,7,1.1437,1,1.3148,1,1.6451,1,1.1568,5,1.2326,32,2,177200000,2
aset-0941,1,0,0,1,8348,18,"Lorong Iskandar Muda No. 12, Kel. Pandan Selamat Kec. Medan Tembung, Kota Medan",3.514669,98.606777,0,5.0,0,5.0,0,5.0,0,5.0,0,5.0,0,5.0,0,5.0,0,5.0,0,5.0,0,0,32900000,0
aset-0942,2,0,1,1,1591,28,"Jl. Gatot Subroto No. 20, Kel. Pusat Pasar Kec. Medan Sunggal, Kota Medan",3.553554,98.650642,1,1.2531,0,4.9048,1,2.4385,1,1.4569,0,4.2243,1,1.6165,0,4.998,0,5.0,0,3.971,4,0,1700000,1
aset-0943,6,2,0,0,331,23,"Jl. Marelan Raya No. 32, Kel. Aur Kec. Medan Maimun, Kota Medan",3.604189,98.639494,0,4.3888,0,3.8159,0,3.6332,0,3.7112,0,3.2962,0,3.0093,0,4.4513,0,4.1,1,2.4112,1,1,300000,0
aset-0944,1,2,0,1,1818,25,"Lorong Sisingamangaraja No. 1, Kel. Titi Kuning Kec. Medan Selayang, Kota Medan",3.567911,98.622234,0,3.8748,0,5.0,0,5.0,0,4.8239,0,5.0,0,4.9275,0,5.0,0,5.0,0,4.3268,0,1,1300000,0
aset-0945,1,0,2,2,4316,10,"Jl. Jamin Ginting No. 8, Kel. Sikambing Kec. Medan Labuhan, Kota Medan",3.551823,98.625686,0,3.6699,0,5.0,0,4.99,0,4.2326,0,5.0,0,4.3877,0,5.0,0,5.0,0,5.0,0,3,4200000,0
aset-0946,1,0,0,0,1497,27,"Jl. Setiabudi No. 3, Kel. Pusat Pasar Kec. Medan Area, Kota Medan",3.603266,98.670088,3,1.0347,6,1.1611,7,0.3922,1,1.1461,7,1.4237,1,1.0788,1,1.6627,1,1.1657,5,1.0561,32,2,226500000,2
aset-0947,6,2,1,1,266,23,"Jl. Veteran No. 50, Kel. Petisah Tengah Kec. Medan Sunggal, Kota Medan",3.514332,98.628817,0,5.0,0,5.0,0,5.0,0,5.0,0,5.0,0,5.0,0,5.0,0,5.0,0,5.0,0,4,100000,0
aset-0948,2,2,1,1,4743,19,"Jl. Yos Sudarso No. 34, Kel. Merdeka Kec. Medan Marelan, Kota Medan",3.529158,98.67826,0,4.4534,0,5.0,0,4.3592,0,3.287,0,5.0,0,3.3278,0,5.0,0,5.0,0,5.0,0,1,400000,0
aset-0949,4,0,0,1,1329,27,"Jl. Ahmad Yani No. 32, Kel. Jati Kec. Medan Helvetia, Kota Medan",3.552465,98.631996,1,2.9917,0,5.0,0,4.3103,0,3.529,0,5.0,0,3.6839,0,5.0,0,5.0,0,4.7981,1,0,8300000,0
aset-0950,3,0,2,1,858,10,"Jl. Jamin Ginting No. 15, Kel. Gaharu Kec. Medan Barat, Kota Medan",3.555453,98.637945,1,2.2545,0,5.0,0,3.5741,1,2.8589,0,4.7885,0,3.0032,0,5.0,0,5.0,0,4.183,2,3,1700000,1
aset-0951,2,0,0,2,985,28,"Jl. Sutomo No. 42, Kel. Sikambing Kec. Medan Polonia, Kota Medan",3.587908,98.706183,1,2.1611,4,1.4042,2,1.7363,1,1.6037,4,1.5615,0,4.6379,0,3.247,0,3.5263,3,2.6857,15,2,29000000,1
aset-0952,1,0,0,0,572,25,"Lorong Balai Kota No. 40, Kel. Sei Sikambing Kec. Medan Johor, Kota Medan",3.597725,98.684117,3,0.5209,7,0.9147,6,0.9455,2,1.5476,8,0.3955,1,2.143,1,1.1669,1,1.0933,6,0.8992,35,2,296600000,2
aset-0953,1,2,2,1,920,28,"Komplek Cut Mutia No. 30, Kel. Bantan Kec. Medan Johor, Kota Medan",3.519591,98.663053,0,4.8764,0,5.0,0,5.0,0,3.9268,0,5.0,0,4.0542,0,5.0,0,5.0,0,5.0,0,4,300000,0
aset-0954,6,2,0,0,1030,8,"Jl. Thamrin No. 36, Kel. Merdeka Kec. Medan Marelan, Kota Medan",3.620924,98.68811,3,1.4626,1,1.7707,3,1.9808,0,3.6396,4,1.4484,0,3.8583,0,3.6529,0,3.3286,0,3.378,11,2,4300000,1
aset-0955,5,0,2,1,5147,23,"Perumahan Sudirman No. 48, Kel. Pulo Brayan Kec. Medan Helvetia, Kota Medan",3.508865,98.685676,0,5.0,0,5.0,0,5.0,0,5.0,0,5.0,0,5.0,0,5.0,0,5.0,0,5.0,0,3,900000,1
aset-0956,3,0,0,1,2439,13,"Jl. Ahmad Yani No. 28, Kel. Pusat Pasar Kec. Medan Johor, Kota Medan",3.588968,98.677211,3,0.1288,7,0.363,7,0.1986,2,0.8223,8,0.7273,1,1.512,1,0.1172,1,0.611,7,0.1721,37,2,424300000,2
aset-0957,3,2,1,0,534,25,"Jl. Yos Sudarso No. 16, Kel. Petisah Tengah Kec. Medan Denai, Kota Medan",3.525422,98.664141,0,4.2572,0,5.0,0,4.6431,0,3.2782,0,5.0,0,3.4015,0,5.0,0,5.0,0,5.0,0,1,100000,0
aset-0958,1,0,0,1,634,23,"Blok Thamrin No. 28, Kel. Sunggal Kec. Medan Denai, Kota Medan",3.614507,98.704631,2,2.7757,1,2.1269,1,2.6294,0,3.8381,3,1.2004,0,4.9038,0,4.1022,0,4.0016,0,3.8413,7,2,2300000,1
aset-0959,4,0,0,0,3162,10,"Jl. Thamrin No. 34, Kel. Merdeka Kec. Medan Barat, Kota Medan",3.582285,98.688309,3,1.4323,7,0.7432,7,0.8147,2,0.5215,7,0.5266,1,2.9479,1,1.5202,1,1.9694,6,0.7976,35,2,2528500000,2
aset-0960,1,0,0,1,4758,17,"Jl. Sudirman No. 42, Kel. Gaharu Kec. Medan Perjuangan, Kota Medan",3.56397,98.653497,1,0.3821,0,3.7697,1,1.6444,1,1.5163,0,3.062,1,1.554,0,3.8963,0,4.1042,1,2.7882,5,0,25100000,1
aset-0961,1,2,0,0,1421,18,"Jl. Cut Mutia No. 2, Kel. Jati Kec. Medan Johor, Kota Medan",3.618799,98.616788,0,5.0,0,5.0,0,5.0,0,5.0,0,5.0,0,5.0,0,5.0,0,5.0,0,5.0,0,1,500000,0
aset-0962,2,2,2,0,2220,11,"Jl. Yos Sudarso No. 22, Kel. Pandan Selamat Kec. Medan Selayang, Kota Medan",3.592066,98.645575,0,3.4638,1,2.9344,0,3.0721,1,2.8235,1,2.1825,1,2.1803,0,3.495,0,3.2726,2,1.1001,6,4,1100000,1
aset-0963,3,0,1,1,856,28,"Jl. Sutomo No. 45, Kel. Jati Kec. Medan Baru, Kota Medan",3.546501,98.693901,0,4.5078,0,3.9492,0,3.6686,0,3.4795,0,4.0598,0,3.3769,0,5.0,0,5.0,0,3.3682,0,5,3900000,0
aset-0964,5,2,0,1,930,28,"Jl. Katamso No. 15, Kel. Sei Sikambing Kec. Medan Sunggal, Kota Medan",3.570498,98.673424,2,2.0246,6,2.2173,5,0.7167,3,2.0428,5,1.6202,2,1.8636,1,2.2045,1,2.6191,7,1.2702,32,2,126100000,2
aset-0965,6,0,0,1,1907,21,"Jl. Sisingamangaraja No. 20, Kel. Padang Bulan Kec. Medan Area, Kota Medan",3.60571,98.615956,0,5.0,0,5.0,0,5.0,0,5.0,0,5.0,0,5.0,0,5.0,0,5.0,0,4.7146,0,3,1300000,0
aset-0966,5,2,0,0,1769,13,"Lingkungan Thamrin No. 18, Kel. Pasar Merah Kec. Medan Denai, Kota Medan",3.607876,98.603717,0,5.0,0,5.0,0,5.0,0,5.0,0,5.0,0,5.0,0,5.0,0,5.0,0,5.0,0,1,400000,0
aset-0967,3,2,1,1,526,28,"Jl. KH Wahid Hasyim No. 30, Kel. Sikambing Kec. Medan Deli, Kota Medan",3.633057,98.661253,1,2.1945,0,4.3062,1,1.3363,0,4.5836,0,3.3727,0,4.2521,0,5.0,0,4.6031,0,4.407,2,1,300000,0
aset-0968,2,2,1,1,1164,11,"Lorong Yos Sudarso No. 15, Kel. Sei Sikambing Kec. Medan Marelan, Kota Medan",3.573296,98.659966,2,1.1975,3,2.5102,5,1.1336,2,2.0871,2,1.8334,2,2.0027,1,2.6502,1,2.8432,7,1.8311,25,2,19400000,2
aset-0969,1,2,1,1,512,7,"Jl. Putri Hijau No. 10, Kel. Gaharu Kec. Medan Johor, Kota Medan",3.566064,98.708815,0,3.9962,1,2.3432,0,3.5374,1,2.4941,1,2.5743,0,4.9898,0,4.4216,0,4.8716,2,2.942,5,4,300000,1
aset-0970,1,2,0,2,1736,9,"Jl. Balai Kota No. 48, Kel. Padang Bulan Kec. Medan Area, Kota Medan",3.585172,98.618586,0,4.9055,0,5.0,0,5.0,0,5.0,0,5.0,0,5.0,0,5.0,0,5.0,0,4.0634,0,1,200000,0
aset-0971,6,0,2,1,946,12,"Jl. Sisingamangaraja No. 45, Kel. Kesawan Kec. Medan Petisah, Kota Medan",3.630452,98.65701,1,2.6677,0,4.4538,1,1.6295,0,4.4444,0,3.5013,0,4.0405,0,5.0,0,4.5182,0,4.2328,2,3,600000,1
aset-0972,5,0,0,1,7735,14,"Jl. Teuku Cik Ditiro No. 24, Kel. Petisah Tengah Kec. Medan Selayang, Kota Medan",3.5345,98.674952,0,3.7552,0,5.0,0,3.6953,1,2.5894,0,5.0,1,2.6335,0,5.0,0,5.0,0,4.6225,2,2,5800000,1
aset-0973,6,0,0,1,956,10,"Jl. Yos Sudarso No. 16, Kel. Aur Kec. Medan Area, Kota Medan",3.538843,98.646627,1,2.9138,0,5.0,0,3.928,1,2.6035,0,5.0,1,2.7924,0,5.0,0,5.0,0,5.0,3,2,13300000,0
aset-0974,2,0,1,1,2134,13,"Jl. Pemuda No. 1, Kel. Pulo Brayan Kec. Medan Perjuangan, Kota Medan",3.593103,98.724238,0,3.9979,0,3.4717,0,3.5811,0,3.68,0,3.5446,0,5.0,0,5.0,0,5.0,0,4.7363,0,0,8200000,0
aset-0975,5,0,2,1,2013,10,"Lingkungan Pemuda No. 24, Kel. Sikambing Kec. Medan Barat, Kota Medan",3.621786,98.656165,1,2.9808,0,3.6515,2,1.7117,0,3.5994,0,3.0518,0,3.1357,0,4.2236,0,3.7303,0,3.3573,3,0,7000000,1
aset-0976,1,0,0,1,3277,27,"Jl. KH Wahid Hasyim No. 45, Kel. Pasar Merah Kec. Medan Baru, Kota Medan",3.610808,98.620835,0,5.0,0,5.0,0,5.0,0,5.0,0,5.0,0,5.0,0,5.0,0,5.0,0,4.5006,0,0,8200000,0
aset-0977,3,2,2,1,1083,22,"Jl. HM Yamin No. 5, Kel. Sunggal Kec. Medan Selayang, Kota Medan",3.626568,98.690929,2,1.2565,1,2.4202,1,2.2125,0,4.3386,3,2.14,0,4.5389,0,4.3501,0,4.0298,0,4.0743,7,4,1000000,1
aset-0978,5,2,0,1,731,11,"Jl. KH Wahid Hasyim No. 48, Kel. Sunggal Kec. Medan Petisah, Kota Medan",3.59664,98.666743,3,1.4473,6,0.7101,6,0.7113,1,0.6221,6,0.8713,1,0.2658,1,1.3568,1,0.9622,6,0.325,31,2,27500000,2
aset-0979,6,0,0,1,1384,8,"Lorong Sudirman No. 25, Kel. Kesawan Kec. Medan Helvetia, Kota Medan",3.557553,98.619385,0,4.1963,0,5.0,0,5.0,0,4.927,0,5.0,0,5.0,0,5.0,0,5.0,0,5.0,0,5,14900000,0
aset-0980,5,2,0,1,626,12,"Jl. Pemuda No. 30, Kel. Pulo Brayan Kec. Medan Helvetia, Kota Medan",3.585794,98.659811,2,2.0588,5,1.5723,6,1.7141,1,1.4779,4,0.6773,1,1.1746,1,1.9641,1,1.9168,7,0.642,28,2,46000000,2
aset-0981,1,0,0,1,2169,26,"Jl. Gatot Subroto No. 15, Kel. Padang Bulan Kec. Medan Barat, Kota Medan",3.593075,98.710277,1,2.455,3,2.0955,1,2.0345,1,2.2788,3,2.2207,0,5.0,0,3.7088,0,3.9163,0,3.21,9,2,9500000,1
aset-0982,1,0,1,1,3398,26,"Komplek Jamin Ginting No. 42, Kel. Padang Bulan Kec. Medan Kota, Kota Medan",3.524293,98.631415,0,5.0,0,5.0,0,5.0,0,4.9418,0,5.0,0,5.0,0,5.0,0,5.0,0,5.0,0,5,2800000,1
aset-0983,3,2,0,1,2491,20,"Komplek Sisingamangaraja No. 4, Kel. Merdeka Kec. Medan Kota, Kota Medan",3.585853,98.686665,3,1.0718,7,0.4717,7,0.7867,2,0.8233,8,0.3019,1,2.6106,1,1.1676,1,1.5801,6,0.5332,36,2,95000000,2
aset-0984,6,0,1,2,1596,10,"Jl. Imam Bonjol No. 10, Kel. Aur Kec. Medan Kota, Kota Medan",3.588058,98.651067,2,2.8581,3,2.3872,2,2.6925,1,2.2794,2,1.5498,1,1.7282,1,2.8861,1,2.737,3,0.4489,16,2,38000000,1
aset-0985,3,2,1,1,769,6,"Jl. Iskandar Muda No. 1, Kel. Pusat Pasar Kec. Medan Helvetia, Kota Medan",3.544162,98.644084,1,2.5258,0,5.0,0,3.6734,1,2.483,0,5.0,1,2.6686,0,5.0,0,5.0,0,5.0,3,4,200000,1
aset-0986,3,2,0,2,846,10,"Jl. Thamrin No. 40, Kel. Sei Sikambing Kec. Medan Baru, Kota Medan",3.55388,98.635828,1,2.5388,0,5.0,0,3.857,0,3.0954,0,5.0,0,3.2462,0,5.0,0,5.0,0,4.4472,1,4,100000,0
aset-0987,6,0,2,1,373,28,"Jl. Imam Bonjol No. 45, Kel. Sei Sikambing Kec. Medan Tembung, Kota Medan",3.576828,98.721539,0,4.2383,0,3.0008,0,3.8219,0,3.2189,0,3.2406,0,5.0,0,5.0,0,5.0,0,4.144,0,4,2400000,0
aset-0988,3,0,2,1,2726,9,"Lingkungan Sudirman No. 3, Kel. Pulo Brayan Kec. Medan Barat, Kota Medan",3.58951,98.685831,3,0.7305,7,0.2032,6,0.7602,2,1.1534,8,0.1916,1,2.391,1,0.9816,1,1.3016,6,0.5086,35,2,1227300000,2
aset-0989,1,2,1,0,259,12,"Lorong Yos Sudarso No. 10, Kel. Pusat Pasar Kec. Medan Labuhan, Kota Medan",3.590785,98.665076,3,1.4266,6,0.8069,6,1.3077,1,0.7021,6,0.1986,1,0.4688,1,1.3262,1,1.1579,7,0.4829,32,2,13200000,2
aset-0990,5,2,1,1,357,24,"Jl. Thamrin No. 30, Kel. Aur Kec. Medan Tembung, Kota Medan",3.58115,98.666031,3,1.6375,5,1.4077,6,1.0164,3,1.4284,5,0.7887,2,1.5443,1,1.5653,1,1.7414,7,1.3432,33,2,54300000,2
aset-0991,6,0,0,1,956,12,"Jl. Marelan Raya No. 25, Kel. Jati Kec. Medan Timur, Kota Medan",3.605203,98.684654,3,0.6337,7,0.372,7,1.4425,2,2.034,8,0.2126,1,2.4585,1,1.8919,1,1.643,4,1.6135,34,2,281900000,2
aset-0992,3,0,0,1,3629,14,"Jl. Thamrin No. 16, Kel. Merdeka Kec. Medan Barat, Kota Medan",3.510582,98.649258,0,5.0,0,5.0,0,5.0,0,5.0,0,5.0,0,5.0,0,5.0,0,5.0,0,5.0,0,0,7000000,0
aset-0993,4,2,0,1,908,11,"Jl. Teuku Cik Ditiro No. 16, Kel. Merdeka Kec. Medan Baru, Kota Medan",3.562738,98.716306,0,4.7971,0,3.1903,0,4.444,0,3.3581,0,3.4301,0,5.0,0,5.0,0,5.0,0,3.8501,0,1,400000,0
aset-0994,4,0,1,2,3031,20,"Komplek Iskandar Muda No. 30, Kel. Merdeka Kec. Medan Johor, Kota Medan",3.547328,98.68673,0,3.751,0,3.963,0,3.0176,1,2.691,0,4.0271,1,2.5973,0,4.8662,0,5.0,0,3.104,2,0,4600000,1
aset-0995,4,0,1,1,807,8,"Jl. Sudirman No. 5, Kel. Pasar Merah Kec. Medan Deli, Kota Medan",3.581769,98.690897,2,1.5647,7,0.456,6,1.0985,2,0.2348,7,0.2705,0,3.2287,1,1.7934,1,2.2276,6,0.9534,32,2,101000000,2
aset-0996,6,0,0,1,1228,13,"Jl. Marelan Raya No. 3, Kel. Polonia Kec. Medan Area, Kota Medan",3.543631,98.673893,1,2.87,0,4.8672,1,2.6795,1,1.6881,0,4.6048,1,1.6928,0,5.0,0,5.0,0,3.6712,4,0,12900000,1
aset-0997,5,2,0,2,2540,7,"Jl. Setiabudi No. 45, Kel. Aur Kec. Medan Deli, Kota Medan",3.550034,98.700916,0,5.0,0,3.6146,0,4.1114,0,3.6614,0,3.7694,0,4.0408,0,5.0,0,5.0,0,3.3667,0,1,500000,0
aset-0998,3,2,0,1,2646,20,"Jl. Marelan Raya No. 28, Kel. Padang Bulan Kec. Medan Petisah, Kota Medan",3.517171,98.674093,0,5.0,0,5.0,0,5.0,0,4.3509,0,5.0,0,4.4339,0,5.0,0,5.0,0,5.0,0,1,100000,0
aset-0999,1,2,0,2,408,12,"Gang Iskandar Muda No. 5, Kel. Suka Maju Kec. Medan Barat, Kota Medan",3.581434,98.667624,3,1.4787,5,1.2775,6,0.8369,3,1.3395,5,0.6269,2,1.5363,1,1.4106,1,1.6194,7,1.182,33,2,32000000,2
aset-1000,6,0,2,1,700,25,"Jl. Imam Bonjol No. 25, Kel. Padang Bulan Kec. Medan Timur, Kota Medan",3.570908,98.702966,0,3.1918,3,1.5175,2,2.7122,1,1.6567,2,1.741,0,4.5279,0,3.5792,0,4.0281,3,2.1667,11,3,2500000,1
aset-1001,3,2,0,1,1169,18,"Jl. Veteran No. 20, Kel. Aur Kec. Medan Baru, Kota Medan",3.591996,98.663779,3,1.5843,5,0.9191,6,1.298,1,0.8091,6,0.3597,1,0.3604,1,1.4839,1,1.265,7,0.5187,31,2,46500000,2
aset-1002,5,2,0,1,1416,15,"Jl. Pemuda No. 20, Kel. Pulo Brayan Kec. Medan Johor, Kota Medan",3.575391,98.680409,3,1.6371,6,1.4312,7,0.6935,3,1.5788,5,1.4186,2,2.752,1,1.6679,1,2.1545,6,0.3888,34,2,108400000,2
aset-1003,2,0,1,1,779,18,"Jl. Iskandar Muda No. 28, Kel. Pulo Brayan Kec. Medan Kota, Kota Medan",3.559264,98.666623,1,1.1667,0,3.6226,3,0.8737,1,0.5837,1,2.9233,1,0.4052,0,3.6065,0,3.9728,2,2.6033,9,0,6900000,1
aset-1004,3,2,0,0,1144,19,"Jl. Sutomo No. 18, Kel. Aur Kec. Medan Timur, Kota Medan",3.553365,98.632398,1,2.9124,0,5.0,0,4.2321,0,3.4782,0,5.0,0,3.6301,0,5.0,0,5.0,0,4.6897,1,1,100000,0
aset-1005,1,0,0,1,1091,6,"Jl. Sisingamangaraja No. 28, Kel. Merdeka Kec. Medan Deli, Kota Medan",3.548057,98.69506,0,4.5596,0,3.7742,0,3.6681,0,3.5626,0,3.8922,0,3.451,0,5.0,0,5.0,0,3.2521,0,5,4200000,0
aset-1006,2,2,0,1,1094,11,"Komplek Teuku Cik Ditiro No. 36, Kel. Sikambing Kec. Medan Denai, Kota Medan",3.571,98.71102,0,3.7202,1,2.158,0,3.3591,1,2.3443,1,2.4041,0,5.0,0,4.3264,0,4.7456,0,3.0365,3,1,200000,1
aset-1007,1,0,0,2,3559,23,"Jl. Teuku Daud No. 34, Kel. Pusat Pasar Kec. Medan Denai, Kota Medan",3.567176,98.688838,1,2.8032,3,1.7846,5,1.8246,1,1.7118,3,1.8191,1,2.9229,1,2.8578,0,3.3548,4,1.0376,19,2,116600000,2
aset-1008,5,2,1,1,352,9,"Jl. Jamin Ginting No. 3, Kel. Sunggal Kec. Medan Deli, Kota Medan",3.536628,98.606622,0,5.0,0,5.0,0,5.0,0,5.0,0,5.0,0,5.0,0,5.0,0,5.0,0,5.0,0,1,200000,0
aset-1009,6,0,0,1,5692,13,"Jl. Teuku Cik Ditiro No. 30, Kel. Titi Kuning Kec. Medan Tembung, Kota Medan",3.589675,98.671748,3,0.6832,7,0.2902,7,0.8083,2,0.379,7,0.5206,1,0.9547,1,0.584,1,0.6013,7,0.5073,36,2,1164100000,2
aset-1010,3,2,0,1,3248,22,"Gang Teuku Cik Ditiro No. 25, Kel. Gaharu Kec. Medan Kota, Kota Medan",3.620893,98.65602,0,3.0347,0,3.5727,2,1.7566,0,3.519,0,3.0251,0,3.0468,0,4.1498,0,3.6577,0,3.2726,2,1,1100000,1
aset-1011,1,0,0,1,1167,10,"Jl. Putri Hijau No. 28, Kel. Suka Maju Kec. Medan Petisah, Kota Medan",3.599399,98.640588,0,4.2733,0,3.5578,0,3.4874,0,3.4492,1,2.9456,1,2.7529,0,4.1738,0,3.8658,1,1.9736,3,2,21600000,1
aset-1012,6,2,0,0,610,28,"Jl. Iskandar Muda No. 7, Kel. Polonia Kec. Medan Labuhan, Kota Medan",3.632675,98.70723,1,2.9117,0,3.7448,0,4.0884,0,5.0,0,3.0135,0,5.0,0,5.0,0,5.0,0,5.0,1,1,200000,0
aset-1013,1,0,0,1,17080,20,"Komplek Gatot Subroto No. 34, Kel. Pulo Brayan Kec. Medan Polonia, Kota Medan",3.561354,98.714154,0,4.7679,0,3.1287,0,4.3134,0,3.2835,0,3.3622,0,5.0,0,5.0,0,5.0,0,3.6891,0,5,19500000,1
aset-1014,6,2,2,0,150,7,"Jl. Diponegoro No. 10, Kel. Merdeka Kec. Medan Sunggal, Kota Medan",3.62136,98.688463,3,1.4442,1,1.8199,2,2.0054,0,3.7014,4,1.5105,0,3.9206,0,3.7119,0,3.3894,0,3.4367,10,4,300000,1
aset-1015,4,2,0,1,1417,9,"Jl. Pemuda No. 18, Kel. Sikambing Kec. Medan Baru, Kota Medan",3.596432,98.694436,3,0.6872,7,1.1907,6,0.3453,2,1.6127,7,1.298,0,3.2705,1,2.0629,1,2.1738,6,1.7334,33,2,28500000,2
aset-1016,4,0,2,0,1857,17,"Lorong HM Yamin No. 16, Kel. Pasar Merah Kec. Medan Perjuangan, Kota Medan",3.62294,98.662997,2,2.2375,0,3.4174,2,0.9511,0,3.4457,2,2.4621,0,3.1148,0,3.9788,0,3.4828,0,3.2656,6,3,3800000,1
aset-1017,3,2,0,1,687,10,"Jl. HM Yamin No. 10, Kel. Bantan Kec. Medan Kota, Kota Medan",3.549548,98.635276,1,2.8184,0,5.0,0,4.1176,0,3.2101,0,5.0,0,3.3759,0,5.0,0,5.0,0,4.9027,1,1,300000,0
aset-1018,5,2,1,1,244,22,"Jl. Cut Mutia No. 30, Kel. Bantan Kec. Medan Kota, Kota Medan",3.495186,98.658657,0,5.0,0,5.0,0,5.0,0,5.0,0,5.0,0,5.0,0,5.0,0,5.0,0,5.0,0,1,100000,0
aset-1019,3,0,2,1,3178,18,"Jl. Katamso No. 12, Kel. Pulo Brayan Kec. Medan Denai, Kota Medan",3.591538,98.681229,3,0.4119,7,0.382,6,0.3753,2,1.1468,8,0.4968,1,1.8418,1,0.4995,1,0.7435,7,0.3442,36,2,743300000,2
aset-1020,2,0,0,1,3374,8,"Jl. Imam Bonjol No. 10, Kel. Sikambing Kec. Medan Helvetia, Kota Medan",3.588057,98.690616,3,0.8772,7,0.7515,6,0.7327,2,0.7237,8,0.6215,1,2.9457,1,1.5264,1,1.8547,6,0.9633,35,2,560700000,2
aset-1021,4,2,0,1,2427,14,"Jl. Imam Bonjol No. 18, Kel. Pandan Selamat Kec. Medan Sunggal, Kota Medan",3.584271,98.606016,0,5.0,0,5.0,0,5.0,0,5.0,0,5.0,0,5.0,0,5.0,0,5.0,0,5.0,0,1,400000,0
aset-1022,6,0,1,1,963,8,"Jl. Putri Hijau No. 48, Kel. Pasar Merah Kec. Medan Labuhan, Kota Medan",3.53941,98.687062,0,4.2615,0,4.8171,0,3.7266,0,3.1128,0,4.8916,0,3.0657,0,5.0,0,5.0,0,3.9841,0,0,2500000,0
aset-1023,2,2,1,1,1046,20,"Gang Yos Sudarso No. 42, Kel. Kesawan Kec. Medan Sunggal, Kota Medan",3.586331,98.720267,0,3.6943,1,2.8451,0,3.2658,0,3.0641,0,3.0486,0,5.0,0,4.8189,0,5.0,0,4.1522,1,1,100000,1
aset-1024,3,0,0,1,811,12,"Jl. HM Yamin No. 12, Kel. Petisah Tengah Kec. Medan Deli, Kota Medan",3.535264,98.633985,0,3.9904,0,5.0,0,5.0,0,3.9551,0,5.0,0,4.143,0,5.0,0,5.0,0,5.0,0,5,2400000,0
aset-1025,6,0,1,0,2498,22,"Jl. Sisingamangaraja No. 3, Kel. Aur Kec. Medan Johor, Kota Medan",3.617211,98.703735,1,2.9511,1,2.212,1,2.8414,0,4.0926,3,1.3364,0,4.9576,0,4.2377,0,4.1025,0,3.9705,6,2,15800000,1
aset-1026,6,0,0,1,599,20,"Jl. Teuku Daud No. 32, Kel. Sei Sikambing Kec. Medan Labuhan, Kota Medan",3.593234,98.639391,0,3.8775,0,3.619,0,3.7032,0,3.508,1,2.8808,1,2.8488,0,4.1892,0,3.9527,1,1.7951,3,2,2800000,1
aset-1027,6,2,1,0,797,24,"Jl. Setiabudi No. 2, Kel. Petisah Tengah Kec. Medan Denai, Kota Medan",3.56731,98.668417,2,1.3755,4,2.7061,5,0.0577,2,1.4759,3,2.0069,1,1.3135,1,2.6969,0,3.0564,7,1.9243,25,2,21300000,2
aset-1028,5,2,0,2,572,27,"Jl. Ahmad Yani No. 3, Kel. Pulo Brayan Kec. Medan Johor, Kota Medan",3.596931,98.651939,1,2.9853,3,2.2688,2,2.2576,1,2.16,2,1.6967,1,1.4653,1,2.886,1,2.5799,4,0.945,16,2,1900000,1
aset-1029,2,2,0,0,1171,12,"Jl. Cut Mutia No. 7, Kel. Suka Maju Kec. Medan Helvetia, Kota Medan",3.582186,98.667182,4,1.4665,5,1.2382,6,0.8724,2,1.2749,5,0.6195,2,1.4453,1,1.3936,1,1.5743,7,1.1729,33,2,448500000,2
aset-1030,6,0,0,1,300,25,"Gang Imam Bonjol No. 30, Kel. Suka Maju Kec. Medan Timur, Kota Medan",3.560393,98.686661,0,3.3266,1,2.5747,3,2.1974,2,2.5035,1,2.6104,1,2.453,0,3.4623,0,3.9546,2,1.6638,10,2,3400000,1
aset-1031,6,0,1,1,600,22,"Jl. Diponegoro No. 45, Kel. Padang Bulan Kec. Medan Timur, Kota Medan",3.620747,98.662705,2,2.3849,0,3.2532,2,1.0902,0,3.2198,2,2.3559,1,2.8743,0,3.7691,0,3.2722,0,3.0317,7,0,9600000,1
aset-1032,4,0,0,1,547,7,"Jl. Sutomo No. 42, Kel. Pulo Brayan Kec. Medan Perjuangan, Kota Medan",3.613584,98.673014,4,1.0736,5,1.9176,5,1.3986,1,2.2997,5,0.9718,1,2.2497,1,2.6595,1,2.1888,3,2.2476,26,2,38800000,2
aset-1033,1,0,0,0,316,23,"Lorong Setiabudi No. 34, Kel. Bantan Kec. Medan Sunggal, Kota Medan",3.605531,98.632646,0,5.0,0,4.5843,0,4.4059,0,4.4787,0,4.0337,0,3.7767,0,5.0,0,4.8721,0,3.0876,0,3,400000,0
aset-1034,4,2,0,1,1278,12,"Lingkungan Gatot Subroto No. 24, Kel. Kesawan Kec. Medan Selayang, Kota Medan",3.607855,98.649805,0,3.2465,1,2.9657,1,2.6024,1,2.8742,1,2.6906,1,2.2106,0,3.6125,0,3.1924,2,2.1744,7,4,1300000,1
aset-1035,3,2,1,1,1266,27,"Perumahan Putri Hijau No. 48, Kel. Sunggal Kec. Medan Perjuangan, Kota Medan",3.611397,98.678102,4,0.6083,6,1.3087,5,1.4075,1,2.1922,6,0.3572,1,2.332,1,2.3824,1,1.9649,4,2.1346,29,2,44200000,2
aset-1036,4,2,0,1,1757,13,"Jl. Diponegoro No. 4, Kel. Sei Sikambing Kec. Medan Tembung, Kota Medan",3.588614,98.631861,0,3.9714,0,4.4811,0,4.6401,0,4.3708,0,3.6779,0,3.7456,0,5.0,0,4.8247,1,2.5682,1,1,400000,1
aset-1037,5,0,2,1,2554,6,"Jl. Marelan Raya No. 12, Kel. Jati Kec. Medan Timur, Kota Medan",3.551796,98.64716,1,1.6422,0,5.0,1,2.8649,1,1.8678,0,4.5863,1,2.0344,0,5.0,0,5.0,0,4.2274,4,3,4800000,1
aset-1038,4,2,1,1,661,21,"Jl. KH Wahid Hasyim No. 15, Kel. Bantan Kec. Medan Sunggal, Kota Medan",3.615688,98.604943,0,5.0,0,5.0,0,5.0,0,5.0,0,5.0,0,5.0,0,5.0,0,5.0,0,5.0,0,1,400000,0
aset-1039,6,0,0,1,2157,16,"Jl. Thamrin No. 1, Kel. Pulo Brayan Kec. Medan Barat, Kota Medan",3.58113,98.670822,4,1.2522,6,1.1527,7,0.5081,2,1.32,5,0.4497,2,1.6721,1,1.2011,1,1.5043,7,0.9559,35,2,1506500000,2
aset-1040,1,2,1,1,442,12,"Jl. Katamso No. 32, Kel. Jati Kec. Medan Baru, Kota Medan",3.587658,98.636398,0,3.5559,0,3.9954,0,4.1925,0,3.8857,0,3.1777,0,3.2775,0,4.5134,0,4.3416,1,2.0698,1,1,400000,0
aset-1041,4,2,0,0,880,8,"Jl. Sudirman No. 20, Kel. Titi Kuning Kec. Medan Marelan, Kota Medan",3.619559,98.654337,0,3.1247,0,3.5445,2,1.983,0,3.4843,0,3.144,1,2.9762,0,4.1386,0,3.6517,0,3.2212,3,1,200000,1
aset-1042,5,0,0,0,2353,26,"Lorong Ahmad Yani No. 14, Kel. Suka Maju Kec. Medan Petisah, Kota Medan",3.611747,98.639338,0,4.4476,0,4.1813,0,3.8416,0,4.0855,0,3.8089,0,3.4026,0,4.8287,0,4.4223,0,3.0689,0,3,1500000,0
aset-1043,5,2,1,0,876,15,"Lorong Katamso No. 25, Kel. Jati Kec. Medan Selayang, Kota Medan",3.600381,98.613595,0,5.0,0,5.0,0,5.0,0,5.0,0,5.0,0,5.0,0,5.0,0,5.0,0,4.766,0,4,100000,0
aset-1044,4,0,0,1,1555,15,"Jl. Thamrin No. 2, Kel. Sunggal Kec. Medan Baru, Kota Medan",3.563984,98.708888,0,4.1928,1,2.5276,0,3.6628,1,2.6687,1,2.7532,0,4.951,0,4.5708,0,5.0,0,3.0362,3,2,3300000,1
aset-1045,3,0,0,0,582,18,"Lingkungan Setiabudi No. 28, Kel. Padang Bulan Kec. Medan Kota, Kota Medan",3.576412,98.670264,3,1.7227,6,1.6743,6,0.9016,3,1.8463,5,0.9742,2,2.1479,1,1.6858,1,2.0251,7,1.4372,34,2,426300000,2
aset-1046,2,2,0,0,673,6,"Gang KH Wahid Hasyim No. 8, Kel. Sunggal Kec. Medan Selayang, Kota Medan",3.594496,98.671403,3,0.8837,7,0.179,6,0.6488,2,0.1722,7,0.9372,1,0.7128,1,0.7973,1,0.4029,7,0.3817,35,2,108100000,2
aset-1047,5,2,1,1,1106,15,"Jl. Diponegoro No. 12, Kel. Pasar Merah Kec. Medan Sunggal, Kota Medan",3.538605,98.606182,0,5.0,0,5.0,0,5.0,0,5.0,0,5.0,0,5.0,0,5.0,0,5.0,0,5.0,0,1,200000,0
aset-1048,3,2,1,1,3144,25,"Gang Thamrin No. 18, Kel. Sei Sikambing Kec. Medan Labuhan, Kota Medan",3.595305,98.685563,3,0.3055,7,0.6684,6,0.72,2,1.6363,8,0.5122,1,2.2822,1,1.1185,1,1.1812,6,0.8871,35,2,158200000,2
aset-1049,2,0,0,1,1317,21,"Jl. Thamrin No. 28, Kel. Kesawan Kec. Medan Timur, Kota Medan",3.595245,98.681585,3,0.7214,7,0.6927,6,0.7513,2,1.2009,8,0.1061,1,1.8407,1,0.7739,1,0.7437,6,0.5057,35,2,570400000,2
aset-1050,1,0,2,1,1646,11,"Jl. Ahmad Yani No. 7, Kel. Bantan Kec. Medan Denai, Kota Medan",3.592223,98.633417,0,4.1585,0,4.2827,0,4.375,0,4.1717,0,3.5233,0,3.5185,0,4.843,0,4.619,1,2.4219,1,3,800000,1
aset-1051,5,0,0,1,888,15,"Lingkungan Imam Bonjol No. 50, Kel. Kesawan Kec. Medan Kota, Kota Medan",3.572877,98.670064,2,1.8366,6,2.0619,5,0.6925,3,2.1201,5,1.365,2,1.959,1,2.0537,1,2.4118,7,1.5553,32,2,214900000,2
aset-1052,4,0,0,1,844,18,"Jl. KH Wahid Hasyim No. 18, Kel. Suka Maju Kec. Medan Polonia, Kota Medan",3.624854,98.703286,1,2.5977,1,2.7841,0,3.5851,0,4.8999,3,2.041,0,5.0,0,4.8507,0,4.6501,0,4.5754,5,2,11700000,0
aset-1053,5,2,0,1,641,8,"Jl. Balai Kota No. 7, Kel. Pulo Brayan Kec. Medan Kota, Kota Medan",3.591303,98.711005,1,2.5646,2,2.0554,1,2.1389,1,2.25,3,2.2011,0,5.0,0,3.7765,0,4.0069,0,3.2542,8,2,2700000,1
aset-1054,2,2,0,1,630,9,"Jl. Marelan Raya No. 45, Kel. Jati Kec. Medan Marelan, Kota Medan",3.611495,98.70094,2,2.2564,1,1.6074,1,2.1343,0,3.396,4,0.672,0,4.3899,0,3.5736,0,3.4744,0,3.3123,8,2,900000,1
aset-1055,6,0,0,1,1161,7,"Jl. Katamso No. 3, Kel. Aur Kec. Medan Perjuangan, Kota Medan",3.606573,98.660096,2,2.0988,3,2.0057,4,1.4939,1,1.9345,5,2.0284,1,1.3972,1,2.6297,1,2.1657,4,1.6504,22,2,40900000,2
aset-1056,3,0,0,0,6256,14,"Jl. HM Yamin No. 6, Kel. Suka Maju Kec. Medan Kota, Kota Medan",3.585798,98.684307,3,0.8448,7,0.2846,7,0.5938,2,1.0531,8,0.2567,1,2.3744,1,0.9359,1,1.3779,6,0.2888,36,2,535100000,2
aset-1057,5,2,1,0,378,24,"Jl. Katamso No. 20, Kel. Pusat Pasar Kec. Medan Maimun, Kota Medan",3.536658,98.640588,0,3.4375,0,5.0,0,4.5429,0,3.2701,0,5.0,0,3.4591,0,5.0,0,5.0,0,5.0,0,4,200000,0
aset-1058,3,2,2,0,1481,21,"Lingkungan HM Yamin No. 15, Kel. Petisah Tengah Kec. Medan Polonia, Kota Medan",3.59292,98.661893,3,1.8079,5,1.1217,6,1.3898,1,1.0108,6,0.5558,1,0.4152,1,1.7077,1,1.4596,5,0.6883,29,2,51400000,2
aset-1059,6,2,1,1,1422,6,"Jl. Jamin Ginting No. 3, Kel. Sei Sikambing Kec. Medan Polonia, Kota Medan",3.631743,98.670557,1,1.1592,0,3.5482,1,0.6405,0,4.3084,1,2.6811,0,4.132,0,4.6964,0,4.2257,0,4.2065,3,5,1400000,1
aset-1060,2,2,1,0,382,20,"Jl. Cut Mutia No. 42, Kel. Pandan Selamat Kec. Medan Tembung, Kota Medan",3.594717,98.692226,3,0.4466,7,1.0816,6,0.0348,2,1.4167,7,1.0959,0,3.0216,1,1.7693,1,1.9133,6,1.4227,33,2,39100000,2
aset-1061,4,2,0,1,2166,14,"Lingkungan Setiabudi No. 22, Kel. Polonia Kec. Medan Johor, Kota Medan",3.5226,98.670158,0,4.7306,0,5.0,0,4.9429,0,3.6625,0,5.0,0,3.7578,0,5.0,0,5.0,0,5.0,0,1,100000,0
aset-1062,1,2,0,1,1507,18,"Jl. Diponegoro No. 22, Kel. Suka Maju Kec. Medan Deli, Kota Medan",3.598486,98.642408,0,4.0528,0,3.3402,0,3.2902,0,3.2311,1,2.72,1,2.5369,0,3.9531,0,3.6512,2,1.7508,4,1,200000,1
aset-1063,1,2,1,0,387,22,"Jl. Marelan Raya No. 2, Kel. Pusat Pasar Kec. Medan Deli, Kota Medan",3.549461,98.714596,0,5.0,0,4.2215,0,5.0,0,4.34,0,4.4331,0,5.0,0,5.0,0,5.0,0,4.4422,0,5,100000,0
aset-1064,4,2,0,0,1100,10,"Jl. Cut Mutia No. 40, Kel. Pandan Selamat Kec. Medan Maimun, Kota Medan",3.625051,98.708806,0,3.1809,0,3.2096,0,3.8754,0,5.0,1,2.3694,0,5.0,0,5.0,0,5.0,0,4.9879,1,1,400000,1
aset-1065,4,0,2,1,752,11,"Jl. Marelan Raya No. 14, Kel. Aur Kec. Medan Helvetia, Kota Medan",3.617193,98.66481,2,2.0072,2,2.8059,2,1.1963,1,2.7764,3,1.9667,1,2.4678,0,3.3125,1,2.8159,1,2.6031,13,2,20200000,1
aset-1066,6,2,1,1,1449,15,"Jl. Putri Hijau No. 24, Kel. Sunggal Kec. Medan Petisah, Kota Medan",3.525313,98.68915,0,5.0,0,5.0,0,5.0,0,4.3361,0,5.0,0,4.3391,0,5.0,0,5.0,0,5.0,0,4,800000,0
aset-1067,2,0,0,1,6024,27,"Jl. Yos Sudarso No. 30, Kel. Pulo Brayan Kec. Medan Helvetia, Kota Medan",3.627107,98.708536,0,3.1037,0,3.3521,0,4.0637,0,5.0,1,2.5396,0,5.0,0,5.0,0,5.0,0,5.0,1,5,9400000,1
aset-1068,2,2,0,1,1475,14,"Jl. Gatot Subroto No. 5, Kel. Bantan Kec. Medan Polonia, Kota Medan",3.6133,98.632962,0,5.0,0,4.8851,0,4.4511,0,4.7869,0,4.4657,0,4.0966,0,5.0,0,5.0,0,3.6445,0,1,400000,0
aset-1069,1,0,0,1,567,11,"Jl. Iskandar Muda No. 7, Kel. Polonia Kec. Medan Johor, Kota Medan",3.619516,98.695527,3,2.1274,1,1.8174,2,2.809,0,4.0127,3,1.2816,0,4.3483,0,3.8728,0,3.6385,0,3.5948,9,0,28100000,1
aset-1070,6,2,1,0,357,10,"Lorong KH Wahid Hasyim No. 16, Kel. Sunggal Kec. Medan Sunggal, Kota Medan",3.545499,98.654614,1,1.961,0,5.0,1,2.8147,1,1.4524,0,4.7974,1,1.6407,0,5.0,0,5.0,0,4.6257,4,2,500000,1
aset-1071,6,0,1,1,326,13,"Jl. Teuku Daud No. 36, Kel. Pusat Pasar Kec. Medan Polonia, Kota Medan",3.579395,98.696886,2,2.0384,5,0.3574,5,1.765,1,0.5196,4,0.5888,0,3.9412,1,2.5022,1,2.9218,5,1.4467,24,2,35300000,2
aset-1072,1,2,2,0,1050,9,"Jl. Gatot Subroto No. 12, Kel. Kesawan Kec. Medan Maimun, Kota Medan",3.528391,98.631248,0,4.7804,0,5.0,0,5.0,0,4.6541,0,5.0,0,4.8432,0,5.0,0,5.0,0,5.0,0,4,100000,0
aset-1073,5,0,0,1,8876,7,"Jl. Diponegoro No. 22, Kel. Sunggal Kec. Medan Labuhan, Kota Medan",3.514408,98.677912,0,5.0,0,5.0,0,5.0,0,4.7708,0,5.0,0,4.8418,0,5.0,0,5.0,0,5.0,0,5,13500000,0
aset-1074,4,2,1,1,1309,19,"Jl. Teuku Cik Ditiro No. 45, Kel. Pulo Brayan Kec. Medan Polonia, Kota Medan",3.579472,98.615942,0,4.8904,0,5.0,0,5.0,0,5.0,0,5.0,0,5.0,0,5.0,0,5.0,0,4.4622,0,1,500000,0
aset-1075,3,0,1,0,897,12,"Jl. Yos Sudarso No. 50, Kel. Kesawan Kec. Medan Polonia, Kota Medan",3.506513,98.680523,0,5.0,0,5.0,0,5.0,0,5.0,0,5.0,0,5.0,0,5.0,0,5.0,0,5.0,0,3,3800000,0
aset-1076,4,2,0,1,1168,25,"Blok Iskandar Muda No. 1, Kel. Gaharu Kec. Medan Barat, Kota Medan",3.58041,98.687022,3,1.4624,7,0.9028,7,0.6813,2,0.6865,6,0.7232,1,2.9335,1,1.5409,1,2.0159,6,0.5449,34,2,152200000,2
aset-1077,6,0,1,0,1940,18,"Jl. Diponegoro No. 24, Kel. Merdeka Kec. Medan Petisah, Kota Medan",3.552488,98.626435,0,3.5669,0,5.0,0,4.887,0,4.1444,0,5.0,0,4.2978,0,5.0,0,5.0,0,5.0,0,0,11800000,0
aset-1078,2,2,2,1,1355,24,"Jl. Balai Kota No. 42, Kel. Gaharu Kec. Medan Timur, Kota Medan",3.622593,98.671936,2,1.4512,1,2.6467,2,0.3929,0,3.2922,2,1.7241,0,3.1632,0,3.6674,0,3.1975,0,3.2092,7,4,500000,1
aset-1079,2,2,2,1,3813,12,"Lingkungan Pemuda No. 25, Kel. Pulo Brayan Kec. Medan Helvetia, Kota Medan",3.540367,98.629447,0,3.9433,0,5.0,0,5.0,0,4.1307,0,5.0,0,4.3117,0,5.0,0,5.0,0,5.0,0,4,1000000,0
aset-1080,4,0,1,2,433,11,"Jl. Imam Bonjol No. 8, Kel. Pulo Brayan Kec. Medan Deli, Kota Medan",3.59424,98.660173,2,2.0256,5,1.3198,5,1.4754,1,1.2095,5,0.7915,1,0.5423,1,1.926,1,1.6457,5,0.8179,26,2,117100000,2
aset-1081,1,2,0,1,1349,21,"Jl. Gatot Subroto No. 6, Kel. Merdeka Kec. Medan Labuhan, Kota Medan",3.575708,98.672366,3,1.6934,6,1.7101,6,0.862,3,1.9288,5,1.0341,2,2.2957,1,1.6704,1,2.0549,7,1.2818,34,2,100500000,2
aset-1082,3,2,0,0,289,19,"Jl. Setiabudi No. 25, Kel. Gaharu Kec. Medan Marelan, Kota Medan",3.541035,98.681477,0,3.6696,0,4.796,0,3.2516,1,2.5039,0,4.8383,1,2.4724,0,5.0,0,5.0,0,3.7974,2,1,100000,1
aset-1083,4,0,0,1,743,17,"Jl. Cut Mutia No. 48, Kel. Polonia Kec. Medan Johor, Kota Medan",3.554357,98.632629,1,2.8495,0,5.0,0,4.1696,0,3.4488,0,5.0,0,3.5972,0,5.0,0,5.0,0,4.5829,1,0,2800000,0
aset-1084,5,0,0,1,5216,13,"Jl. Jamin Ginting No. 5, Kel. Sei Sikambing Kec. Medan Deli, Kota Medan",3.536842,98.655247,1,2.9137,0,5.0,0,3.6399,1,2.2163,0,5.0,1,2.3895,0,5.0,0,5.0,0,5.0,3,0,20100000,1
aset-1085,2,2,1,1,354,25,"Jl. Thamrin No. 22, Kel. Merdeka Kec. Medan Denai, Kota Medan",3.600325,98.701576,3,1.5642,5,1.5937,3,1.2445,1,2.249,6,1.0541,0,4.102,1,2.9591,0,3.032,2,2.6296,21,2,8900000,1
aset-1086,3,2,0,0,951,22,"Jl. HM Yamin No. 14, Kel. Jati Kec. Medan Marelan, Kota Medan",3.592763,98.68266,3,0.6168,7,0.3921,6,0.5831,2,1.2943,8,0.4044,1,1.9756,1,0.6993,1,0.8612,6,0.4989,35,2,77200000,2
aset-1087,4,0,0,1,645,6,"Jl. Cut Mutia No. 6, Kel. Petisah Tengah Kec. Medan Area, Kota Medan",3.55155,98.712879,0,5.0,0,3.9245,0,4.8664,0,4.0413,0,4.1349,0,5.0,0,5.0,0,5.0,0,4.1474,0,2,3300000,0
aset-1088,4,0,0,1,4131,6,"Jl. Sisingamangaraja No. 1, Kel. Merdeka Kec. Medan Marelan, Kota Medan",3.578934,98.672062,3,1.3808,6,1.3589,7,0.5574,3,1.5686,5,0.6746,2,1.9509,1,1.347,1,1.7067,7,1.0988,35,2,721400000,2
aset-1089,1,2,0,1,2089,25,"Jl. Diponegoro No. 50, Kel. Sei Sikambing Kec. Medan Kota, Kota Medan",3.526419,98.670905,0,4.3585,0,5.0,0,4.5239,0,3.2664,0,5.0,0,3.354,0,5.0,0,5.0,0,5.0,0,1,400000,0
aset-1090,1,2,0,0,1946,27,"Gang Ahmad Yani No. 16, Kel. Kesawan Kec. Medan Marelan, Kota Medan",3.599361,98.663645,3,1.8571,6,1.1662,5,0.9331,1,1.0801,6,1.1619,1,0.5077,1,1.8111,1,1.394,5,0.7674,29,2,27700000,2
aset-1091,2,2,1,2,6183,15,"Komplek Veteran No. 24, Kel. Pulo Brayan Kec. Medan Barat, Kota Medan",3.581467,98.709538,1,2.8328,2,1.6145,1,2.4266,1,1.8363,2,1.8432,0,5.0,0,3.7336,0,4.0784,2,2.8678,9,2,2500000,1
aset-1092,6,0,1,1,441,7,"Jl. Teuku Daud No. 15, Kel. Pasar Merah Kec. Medan Baru, Kota Medan",3.595124,98.703071,3,1.64,4,1.7122,4,1.2305,1,1.8381,6,1.6327,0,4.2249,1,2.9488,0,3.1177,3,2.5068,22,2,10400000,2
aset-1093,2,0,0,2,2441,21,"Komplek Diponegoro No. 14, Kel. Suka Maju Kec. Medan Selayang, Kota Medan",3.620611,98.646129,0,3.9933,0,4.2034,1,2.8244,0,4.1284,0,4.0457,0,3.5349,0,4.8294,0,4.3613,0,3.6502,1,5,6600000,1
aset-1094,3,2,0,1,673,27,"Jl. Diponegoro No. 48, Kel. Merdeka Kec. Medan Timur, Kota Medan",3.552071,98.627281,0,3.4942,0,5.0,0,4.8143,0,4.0541,0,5.0,0,4.2089,0,5.0,0,5.0,0,5.0,0,1,200000,0
aset-1095,1,0,2,1,2827,11,"Perumahan KH Wahid Hasyim No. 3, Kel. Pandan Selamat Kec. Medan Timur, Kota Medan",3.518254,98.613362,0,5.0,0,5.0,0,5.0,0,5.0,0,5.0,0,5.0,0,5.0,0,5.0,0,5.0,0,3,3100000,0
aset-1096,4,0,0,1,669,13,"Lingkungan Teuku Daud No. 12, Kel. Padang Bulan Kec. Medan Kota, Kota Medan",3.59056,98.675699,3,0.2551,7,0.1636,7,0.4054,2,0.5878,8,0.7421,1,1.2858,1,0.1573,1,0.3903,7,0.2866,37,2,276400000,2
aset-1097,1,0,2,1,1442,8,"Jl. Katamso No. 10, Kel. Sikambing Kec. Medan Selayang, Kota Medan",3.544428,98.641568,1,2.6688,0,5.0,0,3.8606,1,2.7183,0,5.0,1,2.9014,0,5.0,0,5.0,0,5.0,3,3,1300000,0
aset-1098,3,0,1,1,671,22,"Blok Yos Sudarso No. 12, Kel. Sikambing Kec. Medan Perjuangan, Kota Medan",3.587521,98.691793,3,0.9784,7,0.7097,6,0.7763,2,0.6284,8,0.5203,0,3.0875,1,1.6646,1,1.998,6,1.0883,34,2,435900000,2
aset-1099,5,0,0,1,1732,13,"Lingkungan Putri Hijau No. 24, Kel. Pulo Brayan Kec. Medan Barat, Kota Medan",3.590158,98.707272,1,2.1906,4,1.6363,1,1.7622,1,1.8252,4,1.7726,0,4.7219,0,3.3595,0,3.6068,2,2.8265,13,2,25700000,1
aset-1100,5,0,0,0,4314,21,"Jl. Katamso No. 4, Kel. Pasar Merah Kec. Medan Barat, Kota Medan",3.584965,98.687456,3,1.1862,7,0.5987,7,0.8083,2,0.6981,8,0.4338,1,2.7305,1,1.2884,1,1.7088,6,0.6464,36,2,1275300000,2
aset-1101,2,2,2,1,808,22,"Gang Pemuda No. 50, Kel. Pandan Selamat Kec. Medan Polonia, Kota Medan",3.56857,98.708512,0,3.7503,1,2.1162,0,3.3795,1,2.2789,1,2.3533,0,5.0,0,4.2318,0,4.6719,2,2.8262,5,4,300000,1
aset-1102,4,0,2,1,175,15,"Jl. Balai Kota No. 45, Kel. Aur Kec. Medan Johor, Kota Medan",3.554457,98.688143,0,3.6058,0,3.1557,1,2.6349,1,2.7132,0,3.2193,1,2.5742,0,4.1411,0,4.6326,2,2.3432,5,3,500000,1
aset-1103,5,2,1,0,1071,13,"Lingkungan Sisingamangaraja No. 3, Kel. Bantan Kec. Medan Labuhan, Kota Medan",3.586947,98.693931,3,1.1473,7,0.5627,6,0.8667,2,0.5597,7,0.4509,0,3.3332,1,1.9093,1,2.2425,6,1.324,33,2,186500000,2
aset-1104,2,2,1,1,1614,22,"Jl. Teuku Daud No. 20, Kel. Merdeka Kec. Medan Denai, Kota Medan",3.61882,98.714995,0,3.9297,0,3.3669,0,3.7182,0,4.7666,1,2.4272,0,5.0,0,5.0,0,5.0,0,5.0,1,4,300000,0
aset-1105,6,0,1,1,544,9,"Jl. Marelan Raya No. 30, Kel. Pusat Pasar Kec. Medan Kota, Kota Medan",3.534455,98.689873,0,4.8526,0,5.0,0,4.3576,0,3.6886,0,5.0,0,3.6551,0,5.0,0,5.0,0,4.5679,0,0,900000,0
aset-1106,2,0,1,2,1660,6,"Jl. Thamrin No. 4, Kel. Suka Maju Kec. Medan Barat, Kota Medan",3.571849,98.620633,0,4.1326,0,5.0,0,5.0,0,5.0,0,5.0,0,5.0,0,5.0,0,5.0,0,4.2642,0,2,5400000,0
aset-1107,2,2,0,1,928,12,"Komplek Diponegoro No. 28, Kel. Pandan Selamat Kec. Medan Marelan, Kota Medan",3.576168,98.665295,2,1.7415,5,1.9113,6,1.0627,2,1.9758,4,1.2321,2,2.0943,1,2.0132,1,2.2564,7,1.7726,30,2,46100000,2
aset-1108,3,0,1,1,11018,24,"Jl. Balai Kota No. 25, Kel. Bantan Kec. Medan Perjuangan, Kota Medan",3.587484,98.676592,3,0.3054,7,0.4854,7,0.2674,2,0.8725,7,0.5796,1,1.534,1,0.2834,1,0.7458,7,0.0872,36,2,1183100000,2
aset-1109,3,2,0,1,572,6,"Lingkungan Gatot Subroto No. 16, Kel. Kesawan Kec. Medan Maimun, Kota Medan",3.552505,98.621178,0,4.122,0,5.0,0,5.0,0,4.7266,0,5.0,0,4.8789,0,5.0,0,5.0,0,5.0,0,1,200000,0
aset-1110,5,0,0,0,3385,24,"Jl. Jamin Ginting No. 2, Kel. Petisah Tengah Kec. Medan Labuhan, Kota Medan",3.636378,98.70542,1,2.7533,0,3.9888,0,3.9902,0,5.0,0,3.3242,0,5.0,0,5.0,0,5.0,0,5.0,1,1,2100000,1
aset-1111,1,2,2,1,398,10,"Jl. Sutomo No. 45, Kel. Pandan Selamat Kec. Medan Perjuangan, Kota Medan",3.558426,98.669687,1,1.518,0,3.6051,3,0.9716,1,0.7715,1,2.966,1,0.586,0,3.6035,0,3.9994,2,2.4342,9,4,1100000,1
aset-1112,2,2,2,0,1434,25,"Gang Sudirman No. 25, Kel. Bantan Kec. Medan Polonia, Kota Medan",3.60493,98.616113,0,5.0,0,5.0,0,5.0,0,5.0,0,5.0,0,5.0,0,5.0,0,5.0,0,4.6649,0,4,400000,0
aset-1113,3,2,0,0,3301,18,"Gang Pemuda No. 8, Kel. Petisah Tengah Kec. Medan Kota, Kota Medan",3.581637,98.660538,2,2.1134,5,1.793,6,1.6122,2,1.716,4,0.9569,2,1.5663,1,2.05,1,2.1133,7,1.0238,30,2,42900000,2
aset-1114,4,2,0,1,2297,19,"Komplek Thamrin No. 16, Kel. Aur Kec. Medan Polonia, Kota Medan",3.524374,98.698321,0,5.0,0,5.0,0,5.0,0,5.0,0,5.0,0,5.0,0,5.0,0,5.0,0,5.0,0,1,400000,0
aset-1115,1,0,1,1,5129,12,"Gang Iskandar Muda No. 4, Kel. Suka Maju Kec. Medan Marelan, Kota Medan",3.586993,98.692422,3,1.0607,7,0.6246,6,0.8361,2,0.5589,7,0.4486,0,3.1707,1,1.7438,1,2.0845,6,1.1566,33,2,430800000,2
aset-1116,4,0,2,0,696,19,"Jl. Sutomo No. 4, Kel. Gaharu Kec. Medan Johor, Kota Medan",3.558965,98.642187,1,1.6827,0,5.0,0,3.0008,1,2.4299,0,4.1909,1,2.5532,0,5.0,0,5.0,0,3.6299,3,3,1300000,1
aset-1117,5,2,0,1,764,28,"Perumahan Sutomo No. 6, Kel. Merdeka Kec. Medan Sunggal, Kota Medan",3.584042,98.679519,3,0.6757,7,0.5856,7,0.3174,2,1.3733,7,0.7508,1,2.0201,1,0.719,1,1.2155,7,0.429,36,2,46800000,2
aset-1118,3,0,2,1,364,13,"Jl. Thamrin No. 20, Kel. Suka Maju Kec. Medan Petisah, Kota Medan",3.580525,98.656525,2,1.949,3,2.2076,6,1.9707,2,2.1224,2,1.3314,2,1.8642,1,2.5047,1,2.5395,5,0.9574,24,2,55200000,2
aset-1119,5,2,2,1,670,22,"Jl. Sutomo No. 15, Kel. Gaharu Kec. Medan Timur, Kota Medan",3.599272,98.679056,3,0.7482,7,0.8768,6,0.7914,2,1.1339,8,0.423,1,1.6306,1,1.0559,1,0.7391,7,0.7921,36,2,106200000,2
aset-1120,4,0,0,1,2767,9,"Blok Pemuda No. 5, Kel. Polonia Kec. Medan Denai, Kota Medan",3.589945,98.703336,2,1.7832,4,1.2792,4,1.3562,1,1.4479,5,1.3829,0,4.2914,1,2.9227,0,3.1768,4,2.3904,21,2,54700000,1
aset-1121,1,2,2,0,634,7,"Komplek Yos Sudarso No. 36, Kel. Pandan Selamat Kec. Medan Sunggal, Kota Medan",3.598111,98.610396,0,5.0,0,5.0,0,5.0,0,5.0,0,5.0,0,5.0,0,5.0,0,5.0,0,5.0,0,4,700000,0
aset-1122,2,2,0,2,449,8,"Gang Katamso No. 25, Kel. Sei Sikambing Kec. Medan Marelan, Kota Medan",3.541095,98.673315,0,3.0483,0,5.0,1,2.9403,1,1.8695,0,4.8842,1,1.897,0,5.0,0,5.0,0,3.9595,3,1,600000,1
aset-1123,4,0,2,1,2079,11,"Lingkungan Marelan Raya No. 32, Kel. Suka Maju Kec. Medan Area, Kota Medan",3.593081,98.674483,3,0.5186,7,0.2069,7,0.6762,2,0.3866,8,0.7928,1,1.0738,1,0.442,1,0.1172,7,0.424,37,2,738200000,2
aset-1124,5,0,1,0,834,19,"Jl. Teuku Daud No. 32, Kel. Petisah Tengah Kec. Medan Kota, Kota Medan",3.619523,98.71708,0,4.1565,0,3.6086,0,3.9355,0,4.9548,1,2.6672,0,5.0,0,5.0,0,5.0,0,5.0,1,0,6200000,0
aset-1125,3,0,1,0,5074,10,"Jl. Putri Hijau No. 22, Kel. Sunggal Kec. Medan Petisah, Kota Medan",3.606673,98.683719,4,0.529,6,0.5103,7,1.481,2,2.0746,8,0.0479,1,2.4495,1,1.9983,1,1.7094,4,1.722,34,2,609700000,2
aset-1126,2,0,0,2,1987,20,"Komplek HM Yamin No. 4, Kel. Merdeka Kec. Medan Helvetia, Kota Medan",3.575881,98.698745,2,2.4802,3,0.7973,5,2.0694,1,0.9324,3,1.0164,0,4.3062,1,2.8789,0,3.3171,5,1.6152,20,2,72800000,1
aset-1127,5,0,0,0,1476,9,"Jl. Cut Mutia No. 45, Kel. Pandan Selamat Kec. Medan Maimun, Kota Medan",3.6225,98.66352,2,2.2088,0,3.3417,2,0.9168,0,3.3837,2,2.3864,0,3.0623,0,3.9112,0,3.4156,0,3.2078,6,0,20100000,1
aset-1128,1,0,0,0,1095,7,"Jl. Teuku Daud No. 5, Kel. Padang Bulan Kec. Medan Kota, Kota Medan",3.607922,98.7114,1,2.9067,1,2.6171,1,2.6197,0,3.5324,1,1.7091,0,5.0,0,4.3064,0,4.326,0,4.0072,4,0,3200000,1
aset-1129,1,2,0,0,1770,8,"Jl. Katamso No. 48, Kel. Pandan Selamat Kec. Medan Area, Kota Medan",3.576384,98.697092,2,2.349,4,0.6662,5,1.8777,1,0.7721,4,0.8646,0,4.1194,1,2.6952,0,3.1381,5,1.4308,22,2,19300000,1
aset-1130,2,2,1,1,1122,13,"Jl. Marelan Raya No. 1, Kel. Polonia Kec. Medan Sunggal, Kota Medan",3.54376,98.715658,0,5.0,0,4.8307,0,5.0,0,4.9399,0,5.0,0,5.0,0,5.0,0,5.0,0,4.9564,0,1,100000,0
aset-1131,3,2,1,1,765,9,"Lorong Pemuda No. 25, Kel. Pasar Merah Kec. Medan Marelan, Kota Medan",3.50021,98.677432,0,5.0,0,5.0,0,5.0,0,5.0,0,5.0,0,5.0,0,5.0,0,5.0,0,5.0,0,4,100000,0
aset-1132,5,0,0,1,615,7,"Jl. Marelan Raya No. 20, Kel. Merdeka Kec. Medan Polonia, Kota Medan",3.570014,98.602282,0,5.0,0,5.0,0,5.0,0,5.0,0,5.0,0,5.0,0,5.0,0,5.0,0,5.0,0,0,1800000,0
aset-1133,1,0,0,1,2017,15,"Jl. Pemuda No. 7, Kel. Polonia Kec. Medan Perjuangan, Kota Medan",3.616959,98.716715,0,3.9476,0,3.4529,0,3.7093,0,4.6943,1,2.5054,0,5.0,0,5.0,0,5.0,0,5.0,1,2,5100000,0
aset-1134,3,2,0,1,776,11,"Jl. Teuku Cik Ditiro No. 34, Kel. Sei Sikambing Kec. Medan Denai, Kota Medan",3.57743,98.684385,2,1.5622,6,1.1853,7,0.5967,2,1.0827,5,1.1391,1,2.906,1,1.6203,1,2.1165,6,0.1164,31,2,72600000,2
aset-1135,2,0,1,0,718,28,"Jl. Jamin Ginting No. 42, Kel. Pusat Pasar Kec. Medan Maimun, Kota Medan",3.583445,98.63208,0,3.563,0,4.5558,0,4.3858,0,4.448,0,3.7052,0,3.8727,0,5.0,0,4.9056,1,2.6175,1,2,2400000,0
aset-1136,1,0,0,2,4335,26,"Jl. Sisingamangaraja No. 34, Kel. Sikambing Kec. Medan Baru, Kota Medan",3.560971,98.666488,1,1.0986,0,3.4416,3,0.6911,1,0.7426,1,2.741,1,0.5769,0,3.4322,0,3.7922,2,2.4904,9,5,20300000,1
aset-1137,6,0,0,1,1504,6,"Komplek Diponegoro No. 4, Kel. Sikambing Kec. Medan Polonia, Kota Medan",3.533156,98.601757,0,5.0,0,5.0,0,5.0,0,5.0,0,5.0,0,5.0,0,5.0,0,5.0,0,5.0,0,5,1000000,0
aset-1138,1,0,0,1,2061,14,"Lingkungan Marelan Raya No. 10, Kel. Sei Sikambing Kec. Medan Polonia, Kota Medan",3.551424,98.70587,0,5.0,0,3.6076,0,4.3447,0,3.6877,0,3.7905,0,4.5643,0,5.0,0,5.0,0,3.5883,0,2,4500000,0
aset-1139,2,0,0,1,1577,24,"Jl. Yos Sudarso No. 5, Kel. Petisah Tengah Kec. Medan Maimun, Kota Medan",3.589723,98.639659,0,3.5282,0,3.6075,0,3.7768,0,3.4971,1,2.8134,1,2.8728,0,4.1441,0,3.9507,1,1.7043,3,2,3600000,0
aset-1140,3,2,2,1,3199,23,"Jl. Ahmad Yani No. 42, Kel. Sei Sikambing Kec. Medan Kota, Kota Medan",3.598309,98.685015,3,0.4729,7,0.8144,6,0.8833,2,1.6636,8,0.5143,1,2.2515,1,1.2825,1,1.2103,6,1.0166,35,2,240700000,2
aset-1141,5,0,0,1,1772,10,"Perumahan Katamso No. 15, Kel. Sei Sikambing Kec. Medan Petisah, Kota Medan",3.539145,98.660319,1,2.6812,0,5.0,0,3.2125,1,1.7916,0,5.0,1,1.9449,0,5.0,0,5.0,0,4.7784,3,0,10600000,1
aset-1142,5,0,0,1,8490,16,"Jl. Imam Bonjol No. 14, Kel. Sei Sikambing Kec. Medan Selayang, Kota Medan",3.515974,98.631343,0,5.0,0,5.0,0,5.0,0,5.0,0,5.0,0,5.0,0,5.0,0,5.0,0,5.0,0,1,4900000,0
aset-1143,1,0,0,1,998,19,"Lingkungan Teuku Daud No. 40, Kel. Suka Maju Kec. Medan Kota, Kota Medan",3.576511,98.670526,3,1.6989,6,1.6566,6,0.8759,3,1.8342,5,0.958,2,2.1454,1,1.6631,1,2.0071,7,1.4146,34,2,143700000,2
aset-1144,6,2,0,1,244,14,"Jl. Thamrin No. 48, Kel. Pasar Merah Kec. Medan Helvetia, Kota Medan",3.560766,98.613581,0,4.8029,0,5.0,0,5.0,0,5.0,0,5.0,0,5.0,0,5.0,0,5.0,0,5.0,0,1,100000,0
aset-1145,3,2,1,1,2419,13,"Jl. Imam Bonjol No. 1, Kel. Pandan Selamat Kec. Medan Perjuangan, Kota Medan",3.560545,98.617293,0,4.393,0,5.0,0,5.0,0,5.0,0,5.0,0,5.0,0,5.0,0,5.0,0,5.0,0,3,1200000,0
aset-1146,2,0,0,1,840,9,"Jl. Pemuda No. 24, Kel. Bantan Kec. Medan Helvetia, Kota Medan",3.563008,98.708188,0,4.2432,1,2.5694,0,3.6575,1,2.702,1,2.7897,0,4.8559,0,4.5812,0,5.0,0,3.0122,3,2,6800000,1
aset-1147,4,2,2,1,673,25,"Jl. Putri Hijau No. 45, Kel. Pasar Merah Kec. Medan Tembung, Kota Medan",3.598414,98.613321,0,5.0,0,5.0,0,5.0,0,5.0,0,5.0,0,5.0,0,5.0,0,5.0,0,4.7424,0,4,100000,0
aset-1148,6,2,0,0,190,22,"Jl. HM Yamin No. 10, Kel. Pasar Merah Kec. Medan Baru, Kota Medan",3.614905,98.645882,0,3.8063,0,3.786,0,3.0483,0,3.7017,0,3.5775,0,3.066,0,4.4266,0,3.9806,0,3.0531,0,4,200000,0
aset-1149,6,2,1,1,523,14,"Lorong Yos Sudarso No. 34, Kel. Aur Kec. Medan Selayang, Kota Medan",3.548489,98.628977,0,3.484,0,5.0,0,4.7951,0,3.919,0,5.0,0,4.0842,0,5.0,0,5.0,0,5.0,0,1,200000,1
aset-1150,1,2,1,1,1860,8,"Lingkungan Ahmad Yani No. 28, Kel. Titi Kuning Kec. Medan Labuhan, Kota Medan",3.580657,98.707319,1,2.6862,3,1.3752,2,2.2933,1,1.5961,2,1.6103,0,4.9598,0,3.5214,0,3.8814,3,2.609,12,0,4400000,1
aset-1151,5,2,0,1,815,18,"Jl. KH Wahid Hasyim No. 6, Kel. Pulo Brayan Kec. Medan Denai, Kota Medan",3.531626,98.630695,0,4.5348,0,5.0,0,5.0,0,4.4849,0,5.0,0,4.6734,0,5.0,0,5.0,0,5.0,0,1,500000,0
aset-1152,6,0,0,1,673,15,"Lingkungan Setiabudi No. 40, Kel. Titi Kuning Kec. Medan Helvetia, Kota Medan",3.549259,98.621943,0,4.1593,0,5.0,0,5.0,0,4.6765,0,5.0,0,4.837,0,5.0,0,5.0,0,5.0,0,2,2600000,0
aset-1153,2,2,0,2,372,23,"Jl. HM Yamin No. 1, Kel. Pasar Merah Kec. Medan Tembung, Kota Medan",3.575246,98.691774,2,2.2418,6,0.8319,6,1.3888,1,0.7632,4,0.8728,0,3.6618,1,2.3194,1,2.7953,5,0.8503,26,2,20600000,2
aset-1154,6,0,0,0,14588,23,"Jl. Imam Bonjol No. 42, Kel. Petisah Tengah Kec. Medan Labuhan, Kota Medan",3.603842,98.683974,3,0.6019,7,0.465,7,1.3684,2,1.8779,8,0.3511,1,2.3239,1,1.7228,1,1.4797,4,1.4445,34,2,823600000,2
aset-1155,6,0,0,2,1616,17,"Jl. Yos Sudarso No. 6, Kel. Kesawan Kec. Medan Petisah, Kota Medan",3.545299,98.678119,0,3.0777,0,4.4905,1,2.6616,1,1.9237,0,4.4665,1,1.8804,0,4.9721,0,5.0,0,3.3753,3,0,9300000,1
aset-1156,5,2,0,1,690,21,"Jl. Balai Kota No. 4, Kel. Sei Sikambing Kec. Medan Marelan, Kota Medan",3.536267,98.698696,0,5.0,0,5.0,0,4.8253,0,4.4019,0,5.0,0,4.3358,0,5.0,0,5.0,0,4.6197,0,1,200000,0
aset-1157,5,0,0,1,879,25,"Perumahan Sudirman No. 22, Kel. Gaharu Kec. Medan Baru, Kota Medan",3.51607,98.683099,0,5.0,0,5.0,0,5.0,0,4.8247,0,5.0,0,4.8733,0,5.0,0,5.0,0,5.0,0,5,2000000,1
aset-1158,5,2,2,1,1070,28,"Gang Ahmad Yani No. 34, Kel. Suka Maju Kec. Medan Kota, Kota Medan",3.600507,98.676184,3,0.6861,7,0.9462,7,0.4649,2,1.0138,8,0.7327,1,1.384,1,1.1718,1,0.7354,7,0.9504,37,2,151600000,2
aset-1159,2,2,0,1,785,18,"Jl. Pemuda No. 1, Kel. Sikambing Kec. Medan Denai, Kota Medan",3.579705,98.614166,0,5.0,0,5.0,0,5.0,0,5.0,0,5.0,0,5.0,0,5.0,0,5.0,0,4.648,0,1,300000,0
aset-1160,6,0,0,1,1466,10,"Jl. Setiabudi No. 48, Kel. Titi Kuning Kec. Medan Sunggal, Kota Medan",3.578477,98.679896,2,1.2893,6,1.1135,7,0.3682,2,1.5061,5,1.1375,2,2.4715,1,1.321,1,1.8095,6,0.5306,32,2,309200000,2
aset-1161,2,0,1,1,7152,24,"Jl. Balai Kota No. 4, Kel. Pusat Pasar Kec. Medan Petisah, Kota Medan",3.591479,98.642198,0,3.5572,0,3.3116,0,3.4497,0,3.2008,1,2.5454,1,2.5606,0,3.8657,0,3.651,2,1.4472,4,2,15500000,1
aset-1162,1,2,0,1,337,17,"Jl. Marelan Raya No. 8, Kel. Sunggal Kec. Medan Timur, Kota Medan",3.540505,98.639455,0,3.1563,0,5.0,0,4.3261,0,3.1308,0,5.0,0,3.3175,0,5.0,0,5.0,0,5.0,0,4,100000,0
aset-1163,1,0,0,0,5397,10,"Jl. Sisingamangaraja No. 8, Kel. Sunggal Kec. Medan Johor, Kota Medan",3.535467,98.623247,0,4.8207,0,5.0,0,5.0,0,4.9825,0,5.0,0,5.0,0,5.0,0,5.0,0,5.0,0,2,1600000,1
aset-1164,1,0,2,2,1344,13,"Lingkungan Marelan Raya No. 2, Kel. Sikambing Kec. Medan Area, Kota Medan",3.59468,98.696432,3,0.9082,7,1.4188,6,0.4922,2,1.4604,7,1.3534,0,3.4884,1,2.2184,1,2.3796,5,1.815,32,2,428500000,2
aset-1165,1,2,0,1,668,17,"Jl. Katamso No. 1, Kel. Suka Maju Kec. Medan Baru, Kota Medan",3.644042,98.705346,0,3.0154,0,4.7489,0,4.3072,0,5.0,0,4.1398,0,5.0,0,5.0,0,5.0,0,5.0,0,1,400000,0
aset-1166,3,0,0,1,2974,26,"Jl. Sutomo No. 8, Kel. Sei Sikambing Kec. Medan Area, Kota Medan",3.567479,98.700154,0,3.3924,2,1.713,1,2.6427,1,1.7993,2,1.8997,0,4.1049,0,3.588,0,4.0607,3,1.993,9,2,19600000,1
aset-1167,1,0,1,1,1090,11,"Jl. Teuku Cik Ditiro No. 16, Kel. Sikambing Kec. Medan Area, Kota Medan",3.58111,98.694129,2,1.7363,7,0.1384,5,1.4581,2,0.1597,5,0.2447,0,3.5827,1,2.1426,1,2.5615,5,1.22,28,2,125200000,2
aset-1168,3,0,2,1,1584,20,"Jl. Sudirman No. 7, Kel. Suka Maju Kec. Medan Marelan, Kota Medan",3.579619,98.691339,2,1.8088,7,0.485,6,1.1684,2,0.3226,4,0.4187,0,3.3866,1,1.9659,1,2.4177,5,0.8694,28,2,129100000,2
aset-1169,6,0,0,1,714,22,"Jl. Pemuda No. 24, Kel. Gaharu Kec. Medan Area, Kota Medan",3.641079,98.682344,1,1.0205,0,4.0606,1,2.0967,0,5.0,0,3.459,0,5.0,0,5.0,0,5.0,0,5.0,2,0,2700000,0
aset-1170,3,2,1,1,745,22,"Gang Katamso No. 30, Kel. Bantan Kec. Medan Sunggal, Kota Medan",3.592661,98.691955,3,0.5209,7,0.9502,6,0.2045,2,1.1911,7,0.9297,0,3.0026,1,1.6858,1,1.8875,6,1.2715,33,2,74900000,2
aset-1171,6,0,1,1,1344,22,"Jl. Yos Sudarso No. 28, Kel. Sei Sikambing Kec. Medan Timur, Kota Medan",3.593025,98.68845,3,0.2868,7,0.6305,6,0.4268,2,1.3258,8,0.6773,1,2.6116,1,1.3144,1,1.4965,6,0.9804,35,2,318900000,2
aset-1172,2,0,0,1,2803,12,"Komplek Katamso No. 48, Kel. Padang Bulan Kec. Medan Tembung, Kota Medan",3.552177,98.613262,0,4.9795,0,5.0,0,5.0,0,5.0,0,5.0,0,5.0,0,5.0,0,5.0,0,5.0,0,0,3000000,0
aset-1173,4,2,0,0,1340,23,"Perumahan Balai Kota No. 4, Kel. Sei Sikambing Kec. Medan Perjuangan, Kota Medan",3.591376,98.699736,3,1.3533,6,1.1676,5,0.9261,1,1.2829,6,1.1943,0,3.8759,1,2.5278,1,2.7606,5,2.0276,28,2,21500000,2
aset-1174,2,2,0,1,1599,18,"Jl. Gatot Subroto No. 42, Kel. Suka Maju Kec. Medan Polonia, Kota Medan",3.509343,98.677291,0,5.0,0,5.0,0,5.0,0,5.0,0,5.0,0,5.0,0,5.0,0,5.0,0,5.0,0,1,100000,0
aset-1175,4,2,2,0,496,20,"Jl. Jamin Ginting No. 6, Kel. Aur Kec. Medan Deli, Kota Medan",3.560249,98.716637,0,5.0,0,3.4081,0,4.6128,0,3.568,0,3.6443,0,5.0,0,5.0,0,5.0,0,3.9908,0,4,200000,0
aset-1176,5,2,0,0,1205,16,"Jl. Yos Sudarso No. 4, Kel. Gaharu Kec. Medan Timur, Kota Medan",3.520004,98.69931,0,5.0,0,5.0,0,5.0,0,5.0,0,5.0,0,5.0,0,5.0,0,5.0,0,5.0,0,1,300000,0
aset-1177,2,0,2,1,1929,24,"Jl. Iskandar Muda No. 18, Kel. Polonia Kec. Medan Barat, Kota Medan",3.618636,98.71946,0,4.3034,0,3.8063,0,4.0607,0,5.0,1,2.8595,0,5.0,0,5.0,0,5.0,0,5.0,1,3,9300000,1
aset-1178,6,0,0,0,6306,15,"Jl. Gatot Subroto No. 20, Kel. Titi Kuning Kec. Medan Marelan, Kota Medan",3.548465,98.686215,0,3.6426,0,3.8543,1,2.8869,1,2.5991,0,3.9132,1,2.4991,0,4.7303,0,5.0,1,2.9728,4,0,6700000,1
aset-1179,1,0,0,1,1257,6,"Jl. Putri Hijau No. 6, Kel. Petisah Tengah Kec. Medan Area, Kota Medan",3.541323,98.648446,1,2.5826,0,5.0,0,3.5863,1,2.2683,0,5.0,1,2.4574,0,5.0,0,5.0,0,5.0,3,2,9500000,1
aset-1180,3,2,1,2,1644,7,"Perumahan HM Yamin No. 8, Kel. Pulo Brayan Kec. Medan Petisah, Kota Medan",3.527618,98.668536,0,4.1443,0,5.0,0,4.3794,0,3.0807,0,5.0,0,3.1802,0,5.0,0,5.0,0,5.0,0,4,300000,0
aset-1181,1,0,0,1,951,16,"Jl. Sisingamangaraja No. 45, Kel. Pasar Merah Kec. Medan Perjuangan, Kota Medan",3.614158,98.63205,0,5.0,0,5.0,0,4.5185,0,4.9213,0,4.604,0,4.2319,0,5.0,0,5.0,0,3.7832,0,0,4400000,0
aset-1182,2,0,0,0,4389,11,"Jl. Diponegoro No. 32, Kel. Kesawan Kec. Medan Kota, Kota Medan",3.612265,98.682575,4,0.8017,6,1.0075,5,1.7741,1,2.4978,5,0.3066,1,2.7368,1,2.5519,1,2.1981,4,2.2834,28,2,651900000,2
aset-1183,1,2,0,1,814,25,"Perumahan Pemuda No. 22, Kel. Suka Maju Kec. Medan Polonia, Kota Medan",3.629189,98.706739,1,2.8733,0,3.3998,0,3.9818,0,5.0,1,2.6403,0,5.0,0,5.0,0,5.0,0,5.0,2,1,100000,0
aset-1184,5,0,0,0,4984,25,"Jl. Cut Mutia No. 45, Kel. Polonia Kec. Medan Area, Kota Medan",3.556009,98.684033,0,3.1207,0,3.1359,2,2.1587,1,2.26,0,3.162,1,2.1123,0,3.8594,0,4.3418,2,2.1229,6,0,18100000,1
aset-1185,6,0,0,1,903,19,"Jl. Pemuda No. 10, Kel. Kesawan Kec. Medan Kota, Kota Medan",3.574685,98.669062,2,1.8815,6,1.8952,6,0.8626,3,2.0479,5,1.1925,2,2.126,1,1.9174,1,2.2466,7,1.6474,33,2,164300000,2
aset-1186,4,2,0,1,1250,23,"Gang Diponegoro No. 36, Kel. Sunggal Kec. Medan Denai, Kota Medan",3.574492,98.66334,2,1.4696,5,2.1838,5,0.9805,2,2.1789,3,1.5129,2,2.0644,1,2.296,1,2.5259,7,1.8599,28,2,58200000,2
aset-1187,3,0,0,1,325,15,"Jl. Thamrin No. 5, Kel. Sikambing Kec. Medan Kota, Kota Medan",3.581226,98.720703,0,3.9351,1,2.8537,0,3.5107,0,3.0756,0,3.0807,0,5.0,0,4.9471,0,5.0,0,4.0864,1,2,400000,0
aset-1188,3,2,2,0,308,28,"Perumahan Gatot Subroto No. 40, Kel. Pasar Merah Kec. Medan Marelan, Kota Medan",3.596005,98.658735,2,2.2326,5,1.5096,5,1.5476,1,1.4016,4,1.0441,1,0.7042,1,2.1342,1,1.8188,5,0.8824,25,2,9700000,2
aset-1189,4,0,0,1,36228,13,"Jl. Teuku Daud No. 2, Kel. Sunggal Kec. Medan Deli, Kota Medan",3.582091,98.705386,1,2.4191,3,1.1527,3,2.0276,1,1.3746,2,1.3783,0,4.7062,0,3.2707,0,3.6229,3,2.4349,13,5,70600000,1
aset-1190,4,2,0,1,602,17,"Jl. Yos Sudarso No. 18, Kel. Pandan Selamat Kec. Medan Kota, Kota Medan",3.59664,98.674669,3,0.8308,7,0.5016,6,0.5033,2,0.5742,8,0.7062,1,1.0885,1,0.7824,1,0.2959,7,0.6303,36,2,15400000,2
aset-1191,1,2,1,1,846,11,"Jl. Jamin Ginting No. 45, Kel. Jati Kec. Medan Area, Kota Medan",3.601598,98.726458,0,4.2869,0,4.1155,0,3.9047,0,4.3054,0,3.4543,0,5.0,0,5.0,0,5.0,0,5.0,0,4,200000,0
aset-1192,2,0,2,0,855,27,"Jl. Jamin Ginting No. 7, Kel. Aur Kec. Medan Area, Kota Medan",3.588646,98.697068,3,1.2429,7,0.7738,5,0.8603,2,0.866,7,0.7732,0,3.6282,1,2.2321,1,2.5203,5,1.6821,31,2,356200000,2
aset-1193,2,0,1,0,1102,24,"Lingkungan Iskandar Muda No. 20, Kel. Polonia Kec. Medan Barat, Kota Medan",3.543772,98.696308,0,4.8781,0,4.2532,0,4.067,0,3.8246,0,4.3773,0,3.7312,0,5.0,0,5.0,0,3.7458,0,0,2300000,0
aset-1194,3,0,1,0,2240,11,"Lingkungan KH Wahid Hasyim No. 42, Kel. Gaharu Kec. Medan Timur, Kota Medan",3.583135,98.675978,3,0.782,7,0.9017,7,0.1095,2,1.2282,6,0.4877,1,1.7958,1,0.7718,1,1.213,7,0.541,35,2,830700000,2
aset-1195,5,2,1,0,572,8,"Blok Katamso No. 5, Kel. Pandan Selamat Kec. Medan Baru, Kota Medan",3.533545,98.70627,0,5.0,0,5.0,0,5.0,0,5.0,0,5.0,0,5.0,0,5.0,0,5.0,0,5.0,0,4,200000,0
aset-1196,4,0,0,1,814,21,"Jl. Gatot Subroto No. 1, Kel. Sunggal Kec. Medan Timur, Kota Medan",3.533899,98.678111,0,4.0081,0,5.0,0,3.848,1,2.8304,0,5.0,1,2.856,0,5.0,0,5.0,0,4.6262,2,1,1500000,1
aset-1197,3,0,0,1,1573,13,"Blok Ahmad Yani No. 10, Kel. Pusat Pasar Kec. Medan Barat, Kota Medan",3.580941,98.669048,4,1.3991,6,1.2463,7,0.6991,3,1.3583,5,0.5578,2,1.6266,1,1.3393,1,1.5953,7,1.1007,36,2,609800000,2
aset-1198,2,0,1,1,272,9,"Jl. Balai Kota No. 22, Kel. Petisah Tengah Kec. Medan Barat, Kota Medan",3.518086,98.631189,0,5.0,0,5.0,0,5.0,0,5.0,0,5.0,0,5.0,0,5.0,0,5.0,0,5.0,0,0,300000,0
aset-1199,5,2,0,1,423,19,"Komplek Veteran No. 48, Kel. Suka Maju Kec. Medan Area, Kota Medan",3.54795,98.690341,0,4.0812,0,3.8213,0,3.261,0,3.0559,0,3.9085,1,2.9513,0,4.9045,0,5.0,0,3.1024,1,1,400000,0
aset-1200,1,2,2,1,553,14,"Jl. Pemuda No. 24, Kel. Aur Kec. Medan Deli, Kota Medan",3.520671,98.632259,0,5.0,0,5.0,0,5.0,0,5.0,0,5.0,0,5.0,0,5.0,0,5.0,0,5.0,0,4,100000,0
aset-1201,1,2,0,1,1513,13,"Jl. Sutomo No. 7, Kel. Bantan Kec. Medan Sunggal, Kota Medan",3.631813,98.609667,0,5.0,0,5.0,0,5.0,0,5.0,0,5.0,0,5.0,0,5.0,0,5.0,0,5.0,0,1,200000,0
aset-1202,1,2,1,0,2993,16,"Jl. Putri Hijau No. 28, Kel. Sei Sikambing Kec. Medan Baru, Kota Medan",3.578028,98.688662,2,1.7802,6,0.8305,6,0.9385,2,0.6533,5,0.733,0,3.2338,1,1.8567,1,2.3352,6,0.5273,29,2,50300000,2
aset-1203,4,2,0,1,794,26,"Jl. HM Yamin No. 10, Kel. Sikambing Kec. Medan Baru, Kota Medan",3.603337,98.640737,0,4.2565,0,3.6548,0,3.4858,0,3.5497,0,3.1291,1,2.8477,0,4.2888,0,3.9415,1,2.2465,2,1,100000,1
aset-1204,1,2,0,1,3196,19,"Blok KH Wahid Hasyim No. 45, Kel. Padang Bulan Kec. Medan Selayang, Kota Medan",3.623623,98.685617,2,1.0631,1,2.0876,1,1.6435,0,3.7718,3,1.5991,0,3.9198,0,3.8591,0,3.4983,0,3.5897,7,2,2800000,1
aset-1205,5,0,1,1,1589,24,"Jl. Sisingamangaraja No. 48, Kel. Jati Kec. Medan Petisah, Kota Medan",3.588301,98.714276,1,2.9948,1,2.251,1,2.5665,1,2.4629,2,2.4336,0,5.0,0,4.1411,0,4.4046,0,3.5849,6,2,4700000,1
aset-1206,3,2,0,1,583,14,"Jl. Gatot Subroto No. 7, Kel. Jati Kec. Medan Tembung, Kota Medan",3.619214,98.713314,0,3.821,0,3.2233,0,3.6258,0,4.7122,1,2.2905,0,5.0,0,5.0,0,5.0,0,4.9201,1,1,500000,0
aset-1207,2,0,0,0,681,24,"Jl. Sudirman No. 18, Kel. Suka Maju Kec. Medan Labuhan, Kota Medan",3.597785,98.68609,3,0.3452,7,0.8299,6,0.7507,2,1.7571,8,0.5987,1,2.3608,1,1.3292,1,1.3006,6,1.0734,35,2,297700000,2
aset-1208,1,2,0,1,1004,27,"Jl. Gatot Subroto No. 16, Kel. Sunggal Kec. Medan Johor, Kota Medan",3.569161,98.683335,2,2.3836,6,1.9272,6,1.4072,3,1.7857,4,1.8758,1,2.5064,1,2.4215,1,2.9127,5,0.6633,29,2,69300000,2
aset-1209,6,2,0,0,3272,7,"Jl. Katamso No. 34, Kel. Sei Sikambing Kec. Medan Barat, Kota Medan",3.569681,98.673939,2,2.042,6,2.2717,5,0.7234,3,1.9981,4,1.7169,2,1.8161,1,2.2848,1,2.7067,6,1.2591,30,2,83800000,2
aset-1210,1,0,1,1,17253,21,"Jl. Jamin Ginting No. 34, Kel. Merdeka Kec. Medan Area, Kota Medan",3.63571,98.711839,0,3.447,0,4.3196,0,4.6588,0,5.0,0,3.5473,0,5.0,0,5.0,0,5.0,0,5.0,0,2,13800000,0
aset-1211,2,0,0,1,3788,13,"Jl. Thamrin No. 30, Kel. Pulo Brayan Kec. Medan Helvetia, Kota Medan",3.537785,98.681457,0,3.9178,0,5.0,0,3.5754,1,2.7396,0,5.0,1,2.7273,0,5.0,0,5.0,0,4.158,2,5,11400000,1
aset-1212,1,0,0,1,5890,13,"Jl. Yos Sudarso No. 30, Kel. Sei Sikambing Kec. Medan Maimun, Kota Medan",3.553524,98.634938,1,2.6451,0,5.0,0,3.9634,0,3.1957,0,5.0,0,3.3476,0,5.0,0,5.0,0,4.5297,1,2,13700000,0
aset-1213,5,0,1,1,554,11,"Jl. Teuku Daud No. 24, Kel. Aur Kec. Medan Timur, Kota Medan",3.588254,98.706038,1,2.1313,4,1.4087,2,1.7057,1,1.6054,4,1.5605,0,4.6157,0,3.2284,0,3.5033,3,2.6714,15,2,19200000,1
aset-1214,6,2,1,1,651,10,"Lorong Gatot Subroto No. 24, Kel. Jati Kec. Medan Helvetia, Kota Medan",3.610232,98.669927,4,1.1114,6,1.9299,4,1.1281,1,1.9198,7,1.229,1,1.7798,1,2.3827,1,1.8907,5,1.8175,30,2,93900000,2
aset-1215,6,2,0,1,1149,7,"Jl. Setiabudi No. 50, Kel. Titi Kuning Kec. Medan Polonia, Kota Medan",3.632713,98.707839,1,2.9794,0,3.7872,0,4.1556,0,5.0,0,3.0459,0,5.0,0,5.0,0,5.0,0,5.0,1,1,500000,0
aset-1216,4,0,1,0,324,10,"Jl. Sutomo No. 2, Kel. Pusat Pasar Kec. Medan Deli, Kota Medan",3.561391,98.668742,1,1.3373,0,3.3437,3,0.6291,1,0.9132,1,2.65,1,0.7292,0,3.3106,0,3.6919,2,2.2702,9,0,5800000,1
aset-1217,5,0,0,2,2249,15,"Perumahan Sutomo No. 24, Kel. Sunggal Kec. Medan Area, Kota Medan",3.606564,98.629659,0,5.0,0,4.935,0,4.7502,0,4.8295,0,4.3814,0,4.1275,0,5.0,0,5.0,0,3.424,0,0,10200000,0
aset-1218,1,2,0,1,717,9,"Jl. Gatot Subroto No. 5, Kel. Merdeka Kec. Medan Baru, Kota Medan",3.578256,98.608457,0,5.0,0,5.0,0,5.0,0,5.0,0,5.0,0,5.0,0,5.0,0,5.0,0,5.0,0,1,600000,0
aset-1219,1,0,0,0,1094,16,"Jl. Veteran No. 48, Kel. Sei Sikambing Kec. Medan Polonia, Kota Medan",3.563353,98.666709,1,1.1004,0,3.179,3,0.4302,1,0.9974,2,2.4777,1,0.8393,0,3.1756,0,3.5299,3,2.3122,11,5,7000000,1
aset-1220,6,0,0,1,2547,27,"Perumahan Imam Bonjol No. 20, Kel. Gaharu Kec. Medan Petisah, Kota Medan",3.533641,98.62387,0,4.9004,0,5.0,0,5.0,0,5.0,0,5.0,0,5.0,0,5.0,0,5.0,0,5.0,0,2,1200000,0
aset-1221,3,2,1,1,3251,13,"Gang Yos Sudarso No. 5, Kel. Pasar Merah Kec. Medan Baru, Kota Medan",3.523861,98.627842,0,5.0,0,5.0,0,5.0,0,5.0,0,5.0,0,5.0,0,5.0,0,5.0,0,5.0,0,1,1200000,1
aset-1222,6,0,1,1,6647,20,"Jl. Thamrin No. 36, Kel. Titi Kuning Kec. Medan Marelan, Kota Medan",3.573026,98.639584,1,2.2121,0,4.2279,0,3.224,0,3.3505,0,3.3333,0,3.3971,0,4.5612,0,4.5703,1,2.4662,2,0,16000000,1
aset-1223,6,0,1,2,973,28,"Jl. Katamso No. 45, Kel. Titi Kuning Kec. Medan Barat, Kota Medan",3.599736,98.663138,3,1.893,6,1.2362,5,0.9854,1,1.1499,6,1.2116,1,0.5657,1,1.8811,1,1.4628,5,0.8354,29,2,231600000,2
aset-1224,2,2,0,1,3236,11,"Lorong Putri Hijau No. 28, Kel. Polonia Kec. Medan Petisah, Kota Medan",3.637266,98.704764,1,2.7014,0,4.0415,0,3.9507,0,5.0,0,3.3965,0,5.0,0,5.0,0,5.0,0,5.0,1,1,400000,0
aset-1225,1,0,2,2,2156,12,"Jl. Jamin Ginting No. 5, Kel. Merdeka Kec. Medan Timur, Kota Medan",3.603654,98.694443,3,1.1256,7,0.7305,5,1.0534,2,2.4132,6,0.5132,0,3.4063,1,2.4602,1,2.41,3,2.2072,28,2,725000000,2
aset-1226,5,0,1,1,1309,28,"Gang Teuku Daud No. 24, Kel. Petisah Tengah Kec. Medan Labuhan, Kota Medan",3.58239,98.69435,2,1.615,7,0.0841,5,1.3716,2,0.156,6,0.1645,0,3.5462,1,2.1032,1,2.5056,5,1.3087,29,2,172900000,2
aset-1227,2,2,0,0,938,25,"Jl. Setiabudi No. 2, Kel. Sikambing Kec. Medan Helvetia, Kota Medan",3.575673,98.675015,3,1.6141,6,1.6322,7,0.8148,3,1.9776,5,1.0898,2,2.4195,1,1.6083,1,2.0379,7,0.9881,35,2,351900000,2
aset-1228,6,2,1,0,3495,27,"Jl. HM Yamin No. 1, Kel. Titi Kuning Kec. Medan Tembung, Kota Medan",3.613734,98.668888,4,1.4138,4,2.3312,3,1.3839,1,2.3174,4,1.4068,1,2.1273,1,2.7884,1,2.2967,3,2.1965,22,2,39100000,2
aset-1229,6,0,1,1,1550,27,"Jl. Putri Hijau No. 14, Kel. Polonia Kec. Medan Baru, Kota Medan",3.519864,98.672637,0,5.0,0,5.0,0,5.0,0,4.0201,0,5.0,0,4.1066,0,5.0,0,5.0,0,5.0,0,5,3700000,0
aset-1230,3,0,1,0,262,9,"Jl. Sisingamangaraja No. 48, Kel. Petisah Tengah Kec. Medan Denai, Kota Medan",3.553271,98.62102,0,4.1156,0,5.0,0,5.0,0,4.7401,0,5.0,0,4.8904,0,5.0,0,5.0,0,5.0,0,5,300000,1
aset-1231,1,0,0,1,1574,9,"Jl. Setiabudi No. 40, Kel. Pasar Merah Kec. Medan Petisah, Kota Medan",3.570298,98.696733,1,2.965,3,1.3154,5,2.1513,1,1.3656,2,1.4719,0,3.8639,0,3.0976,0,3.5726,3,1.521,15,2,9200000,1
aset-1232,3,0,0,0,920,8,"Lorong HM Yamin No. 22, Kel. Pulo Brayan Kec. Medan Polonia, Kota Medan",3.552971,98.619896,0,4.2447,0,5.0,0,5.0,0,4.8661,0,5.0,0,5.0,0,5.0,0,5.0,0,5.0,0,2,3000000,0
aset-1233,3,2,0,1,3297,11,"Jl. Jamin Ginting No. 3, Kel. Suka Maju Kec. Medan Labuhan, Kota Medan",3.526021,98.652439,0,4.1402,0,5.0,0,4.8729,0,3.4458,0,5.0,0,3.6132,0,5.0,0,5.0,0,5.0,0,1,200000,0
aset-1234,4,0,0,1,902,15,"Jl. Sisingamangaraja No. 20, Kel. Bantan Kec. Medan Kota, Kota Medan",3.593421,98.68413,3,0.5224,7,0.4363,6,0.7522,2,1.4578,8,0.4504,1,2.1302,1,0.8779,1,1.0152,6,0.6719,35,2,528400000,2
aset-1235,1,0,2,1,3149,16,"Jl. Imam Bonjol No. 25, Kel. Pusat Pasar Kec. Medan Tembung, Kota Medan",3.589527,98.645936,0,3.1866,1,2.9182,0,3.1307,1,2.8082,2,2.1165,1,2.2015,0,3.4478,0,3.2636,2,1.0076,7,2,11100000,1
aset-1236,2,2,2,1,412,12,"Gang KH Wahid Hasyim No. 25, Kel. Kesawan Kec. Medan Johor, Kota Medan",3.588162,98.71449,0,3.0219,1,2.2689,1,2.5935,1,2.4814,1,2.453,0,5.0,0,4.1655,0,4.4303,0,3.607,4,4,200000,1
aset-1237,6,0,1,1,1069,9,"Perumahan Gatot Subroto No. 48, Kel. Pasar Merah Kec. Medan Johor, Kota Medan",3.555892,98.636031,1,2.4367,0,5.0,0,3.7568,0,3.0727,0,4.8876,0,3.2151,0,5.0,0,5.0,0,4.2408,1,0,2600000,0
aset-1238,3,0,2,2,2644,8,"Jl. Iskandar Muda No. 40, Kel. Gaharu Kec. Medan Labuhan, Kota Medan",3.52288,98.613865,0,5.0,0,5.0,0,5.0,0,5.0,0,5.0,0,5.0,0,5.0,0,5.0,0,5.0,0,3,800000,1
aset-1239,5,2,1,1,2129,23,"Jl. Ahmad Yani No. 16, Kel. Bantan Kec. Medan Perjuangan, Kota Medan",3.586168,98.636375,0,3.4314,0,4.0259,0,4.1062,0,3.917,0,3.1923,0,3.3251,0,4.5286,0,4.3741,1,2.0908,1,1,300000,0
aset-1240,3,2,1,0,2070,6,"Lingkungan Sisingamangaraja No. 30, Kel. Pandan Selamat Kec. Medan Baru, Kota Medan",3.506835,98.624846,0,5.0,0,5.0,0,5.0,0,5.0,0,5.0,0,5.0,0,5.0,0,5.0,0,5.0,0,1,500000,0
aset-1241,6,0,1,1,2651,28,"Jl. Pemuda No. 5, Kel. Jati Kec. Medan Maimun, Kota Medan",3.608954,98.686488,4,0.8935,6,0.4706,5,1.7196,1,2.47,6,0.3513,1,2.845,1,2.3559,1,2.0953,4,2.0776,29,2,365000000,2
aset-1242,3,0,1,1,534,13,"Jl. Marelan Raya No. 34, Kel. Pulo Brayan Kec. Medan Kota, Kota Medan",3.54669,98.706846,0,5.0,0,4.1405,0,4.8266,0,4.2163,0,4.32,0,4.7581,0,5.0,0,5.0,0,4.0576,0,2,1200000,0
aset-1243,5,0,2,1,833,17,"Jl. Teuku Cik Ditiro No. 34, Kel. Suka Maju Kec. Medan Polonia, Kota Medan",3.579876,98.644967,1,2.2904,0,3.3362,1,2.9298,0,3.2368,1,2.4438,1,2.7877,0,3.729,0,3.6845,1,1.5064,5,3,2400000,1
aset-1244,3,2,0,0,1114,13,"Lorong Diponegoro No. 6, Kel. Sunggal Kec. Medan Helvetia, Kota Medan",3.59041,98.619414,0,5.0,0,5.0,0,5.0,0,5.0,0,5.0,0,5.0,0,5.0,0,5.0,0,3.9523,0,1,700000,0
aset-1245,1,0,0,1,3058,10,"Jl. Sudirman No. 2, Kel. Petisah Tengah Kec. Medan Helvetia, Kota Medan",3.579719,98.666605,3,1.689,5,1.499,6,1.0005,3,1.5552,5,0.8386,2,1.7084,1,1.6241,1,1.8411,7,1.391,33,2,1912600000,2
aset-1246,4,0,0,1,1432,22,"Jl. Gatot Subroto No. 4, Kel. Suka Maju Kec. Medan Baru, Kota Medan",3.597738,98.683976,3,0.5355,7,0.916,6,0.9605,2,1.5334,8,0.3827,1,2.1278,1,1.1575,1,1.0794,6,0.8889,35,2,404800000,2
aset-1247,2,0,0,1,2313,10,"Jl. Katamso No. 28, Kel. Padang Bulan Kec. Medan Timur, Kota Medan",3.574498,98.678263,3,1.7131,6,1.5907,7,0.8461,3,1.836,5,1.359,2,2.5293,1,1.7294,1,2.1985,6,0.6292,34,2,744900000,2
aset-1248,2,2,2,0,1236,7,"Jl. Thamrin No. 14, Kel. Aur Kec. Medan Kota, Kota Medan",3.608215,98.702333,2,2.0959,2,1.6302,1,1.908,0,3.0935,6,0.7032,0,4.3959,0,3.4649,0,3.4204,0,3.2161,11,2,5200000,1
aset-1249,6,0,1,1,1129,23,"Jl. Ahmad Yani No. 7, Kel. Pasar Merah Kec. Medan Johor, Kota Medan",3.547631,98.649929,1,1.8713,0,5.0,1,2.9429,1,1.7289,0,4.8234,1,1.914,0,5.0,0,5.0,0,4.6343,4,0,3000000,1
aset-1250,2,2,2,1,1170,21,"Jl. Balai Kota No. 4, Kel. Polonia Kec. Medan Selayang, Kota Medan",3.566643,98.658152,1,0.432,0,3.2293,2,1.0937,1,1.4437,2,2.5551,1,1.4065,0,3.3347,0,3.5706,1,2.5105,8,4,700000,1
aset-1251,4,0,0,1,4403,18,"Gang Marelan Raya No. 7, Kel. Sei Sikambing Kec. Medan Polonia, Kota Medan",3.60843,98.674063,4,0.6109,6,1.593,6,0.9325,1,1.749,7,0.7894,1,1.8004,1,2.0751,1,1.6079,4,1.7399,31,2,881200000,2
aset-1252,6,0,1,0,1791,19,"Jl. Diponegoro No. 7, Kel. Sunggal Kec. Medan Selayang, Kota Medan",3.575697,98.702895,1,2.7425,3,1.122,3,2.4152,1,1.3027,2,1.3658,0,4.7216,0,3.2845,0,3.7048,3,2.0762,13,2,16600000,1
aset-1253,1,2,1,2,1396,9,"Jl. Cut Mutia No. 20, Kel. Pusat Pasar Kec. Medan Labuhan, Kota Medan",3.581314,98.690552,2,1.6081,7,0.4995,7,1.0606,2,0.2822,6,0.3301,0,3.2183,1,1.7874,1,2.2291,6,0.8919,32,2,157400000,2
aset-1254,4,2,0,1,384,24,"Jl. Veteran No. 30, Kel. Aur Kec. Medan Marelan, Kota Medan",3.572096,98.663312,2,1.2431,4,2.4136,5,0.7693,2,1.9126,3,1.7287,2,1.7996,1,2.5042,1,2.7594,7,2.0938,27,2,12400000,2
aset-1255,1,0,0,1,758,6,"Jl. HM Yamin No. 7, Kel. Polonia Kec. Medan Tembung, Kota Medan",3.593624,98.663225,3,1.6804,5,0.9763,5,1.2245,1,0.8657,6,0.5506,1,0.2495,1,1.581,1,1.3074,5,0.5316,28,2,199500000,2
aset-1256,2,2,0,2,771,11,"Jl. Pemuda No. 20, Kel. Pulo Brayan Kec. Medan Sunggal, Kota Medan",3.589094,98.657858,2,2.226,5,1.6284,6,2.0039,1,1.5217,3,0.7926,1,1.0293,1,2.1267,1,1.979,5,0.3174,25,2,22700000,2
aset-1257,2,0,1,1,720,16,"Jl. KH Wahid Hasyim No. 1, Kel. Bantan Kec. Medan Perjuangan, Kota Medan",3.605984,98.648397,0,3.3961,1,2.9908,1,2.6945,1,2.8941,1,2.6384,1,2.2105,0,3.6379,0,3.239,2,2.0256,7,2,8300000,1
aset-1258,2,2,0,1,551,27,"Jl. Sudirman No. 48, Kel. Pusat Pasar Kec. Medan Johor, Kota Medan",3.575031,98.698355,2,2.5448,3,0.8597,5,2.0599,1,0.9765,2,1.0669,0,4.2639,1,2.896,0,3.3417,5,1.5783,19,2,3000000,1
aset-1259,2,2,2,0,1917,24,"Lorong Ahmad Yani No. 45, Kel. Gaharu Kec. Medan Perjuangan, Kota Medan",3.606324,98.653738,1,2.8037,3,2.5104,2,2.1345,1,2.4217,1,2.2963,1,1.7741,0,3.1558,1,2.7286,2,1.9314,12,2,7800000,1
aset-1260,4,0,2,1,969,20,"Jl. Pemuda No. 2, Kel. Jati Kec. Medan Selayang, Kota Medan",3.593729,98.636403,0,4.0986,0,3.9512,0,4.0174,0,3.8403,0,3.2168,0,3.1767,0,4.5243,0,4.2834,1,2.1297,1,3,500000,1
aset-1261,4,0,0,1,592,7,"Jl. Iskandar Muda No. 40, Kel. Pandan Selamat Kec. Medan Selayang, Kota Medan",3.606675,98.685768,4,0.7548,7,0.3099,7,1.5202,2,2.2356,7,0.1995,1,2.6452,1,2.094,1,1.8478,4,1.8155,34,2,241500000,2
aset-1262,4,0,0,1,5302,17,"Jl. Teuku Daud No. 18, Kel. Sei Sikambing Kec. Medan Baru, Kota Medan",3.578818,98.693629,2,1.9575,7,0.3851,5,1.4352,2,0.3606,4,0.4702,0,3.6513,1,2.2252,1,2.669,5,1.0804,27,2,100600000,2
aset-1263,2,2,1,1,293,18,"Jl. Putri Hijau No. 14, Kel. Pandan Selamat Kec. Medan Perjuangan, Kota Medan",3.609444,98.656923,1,2.4797,3,2.4784,2,1.9579,1,2.4049,2,2.4436,1,1.8392,0,3.1046,1,2.6407,2,2.1119,13,2,2100000,1
aset-1264,2,0,2,1,2225,24,"Jl. Sutomo No. 36, Kel. Bantan Kec. Medan Baru, Kota Medan",3.559117,98.687654,0,3.4513,1,2.6719,2,2.3508,2,2.6128,1,2.7212,1,2.538,0,3.6319,0,4.1253,2,1.8255,9,3,4600000,1
aset-1265,3,2,1,0,374,27,"Perumahan Thamrin No. 28, Kel. Jati Kec. Medan Maimun, Kota Medan",3.599918,98.696885,3,1.0669,7,1.1364,5,0.8105,2,2.0385,6,0.904,0,3.5805,1,2.467,1,2.5163,4,2.1891,29,2,15800000,2
aset-1266,6,0,0,1,367,23,"Jl. Yos Sudarso No. 40, Kel. Pulo Brayan Kec. Medan Kota, Kota Medan",3.618965,98.673888,2,1.5493,2,2.2055,2,0.8453,1,2.9049,4,1.2715,1,2.8415,0,3.2392,1,2.7787,1,2.8518,14,2,9300000,1
aset-1267,5,2,1,1,897,26,"Jl. Sutomo No. 42, Kel. Titi Kuning Kec. Medan Kota, Kota Medan",3.509746,98.682942,0,5.0,0,5.0,0,5.0,0,5.0,0,5.0,0,5.0,0,5.0,0,5.0,0,5.0,0,1,100000,0
aset-1268,5,0,1,1,5031,18,"Jl. Imam Bonjol No. 32, Kel. Jati Kec. Medan Selayang, Kota Medan",3.625729,98.671237,2,1.2884,1,2.962,2,0.04,0,3.6394,2,2.0573,0,3.4863,0,4.024,0,3.5527,0,3.5463,7,0,15100000,1
aset-1269,5,2,1,2,2269,27,"Jl. Sisingamangaraja No. 34, Kel. Gaharu Kec. Medan Petisah, Kota Medan",3.563964,98.612117,0,4.96,0,5.0,0,5.0,0,5.0,0,5.0,0,5.0,0,5.0,0,5.0,0,5.0,0,1,400000,1
aset-1270,4,2,0,1,766,10,"Jl. Sudirman No. 10, Kel. Pandan Selamat Kec. Medan Labuhan, Kota Medan",3.577448,98.690949,2,2.0035,6,0.677,6,1.1967,2,0.555,4,0.658,0,3.4787,1,2.0843,1,2.5534,5,0.758,27,2,20100000,2
aset-1271,3,0,2,1,1690,6,"Jl. Ahmad Yani No. 5, Kel. Petisah Tengah Kec. Medan Denai, Kota Medan",3.581421,98.674779,4,1.0044,6,1.0686,7,0.1772,2,1.3541,5,0.5035,1,1.8595,1,0.9852,1,1.3989,7,0.7439,34,2,453900000,2
aset-1272,3,0,0,0,917,15,"Perumahan Sutomo No. 7, Kel. Bantan Kec. Medan Marelan, Kota Medan",3.581987,98.669521,4,1.2802,6,1.1187,7,0.6184,2,1.2355,5,0.4335,2,1.5315,1,1.2177,1,1.4677,7,0.9819,35,2,187600000,2
aset-1273,2,0,1,1,311,19,"Lingkungan Iskandar Muda No. 18, Kel. Pulo Brayan Kec. Medan Baru, Kota Medan",3.574491,98.691445,2,2.2793,6,0.9235,6,1.403,1,0.8526,4,0.9617,0,3.5834,1,2.3545,1,2.8349,5,0.8316,26,2,71600000,2
aset-1274,5,2,1,1,318,6,"Jl. Jamin Ginting No. 48, Kel. Pandan Selamat Kec. Medan Kota, Kota Medan",3.558423,98.633823,1,2.6003,0,5.0,0,3.9111,0,3.3389,0,4.851,0,3.4706,0,5.0,0,5.0,0,4.1332,1,1,100000,0
aset-1275,2,0,1,0,1046,22,"Jl. Veteran No. 36, Kel. Pasar Merah Kec. Medan Labuhan, Kota Medan",3.5868,98.677435,3,0.3485,7,0.5997,7,0.186,2,0.9926,7,0.6355,1,1.654,1,0.359,1,0.8449,7,0.2077,36,2,533900000,2
aset-1276,4,2,1,2,1181,16,"Lingkungan Thamrin No. 30, Kel. Aur Kec. Medan Kota, Kota Medan",3.544658,98.694572,0,4.6618,0,4.1525,0,3.856,0,3.6106,0,4.267,0,3.516,0,5.0,0,5.0,0,3.5863,0,1,1100000,1
aset-1277,1,2,0,1,959,6,"Jl. Veteran No. 20, Kel. Pasar Merah Kec. Medan Marelan, Kota Medan",3.54243,98.650647,1,2.387,0,5.0,0,3.3426,1,2.0053,0,5.0,1,2.1941,0,5.0,0,5.0,0,5.0,3,1,500000,1
aset-1278,5,0,0,2,2331,19,"Jl. Teuku Cik Ditiro No. 42, Kel. Sunggal Kec. Medan Labuhan, Kota Medan",3.542553,98.686888,0,4.0398,0,4.4777,0,3.4327,1,2.9168,0,4.5483,1,2.8525,0,5.0,0,5.0,0,3.6342,2,2,5200000,0
aset-1279,3,2,0,1,242,11,"Jl. Thamrin No. 42, Kel. Pulo Brayan Kec. Medan Deli, Kota Medan",3.510596,98.665841,0,5.0,0,5.0,0,5.0,0,4.9322,0,5.0,0,5.0,0,5.0,0,5.0,0,5.0,0,1,100000,0
aset-1280,3,2,2,0,1912,28,"Jl. Imam Bonjol No. 3, Kel. Pusat Pasar Kec. Medan Labuhan, Kota Medan",3.642079,98.686887,1,1.2973,0,4.1249,1,2.511,0,5.0,0,3.6264,0,5.0,0,5.0,0,5.0,0,5.0,2,4,800000,1
aset-1281,5,0,0,1,5611,19,"Lingkungan Diponegoro No. 5, Kel. Pandan Selamat Kec. Medan Maimun, Kota Medan",3.567589,98.712959,0,4.1461,1,2.5573,0,3.79,1,2.7339,1,2.8005,0,5.0,0,4.7048,0,5.0,0,3.3313,3,0,7500000,1
aset-1282,5,2,0,0,426,24,"Jl. Yos Sudarso No. 45, Kel. Merdeka Kec. Medan Deli, Kota Medan",3.600088,98.67062,3,1.1389,6,0.8029,7,0.1549,1,0.7892,7,1.2383,1,0.842,1,1.3265,1,0.8334,5,0.7367,32,2,68100000,2
aset-1283,5,2,0,1,819,14,"Jl. Sisingamangaraja No. 48, Kel. Merdeka Kec. Medan Baru, Kota Medan",3.600986,98.694467,3,0.9094,7,0.8451,6,0.7714,2,2.1174,6,0.7982,0,3.3372,1,2.2912,1,2.2958,4,2.0527,30,2,35800000,2
aset-1284,4,2,0,1,320,7,"Jl. Sisingamangaraja No. 16, Kel. Suka Maju Kec. Medan Labuhan, Kota Medan",3.576254,98.677349,3,1.5186,6,1.4489,7,0.7195,3,1.8508,5,1.1394,2,2.4946,1,1.529,1,1.9905,7,0.7383,35,2,22900000,2
aset-1285,4,2,0,1,1303,10,"Jl. Setiabudi No. 1, Kel. Sunggal Kec. Medan Polonia, Kota Medan",3.603035,98.621653,0,5.0,0,5.0,0,5.0,0,5.0,0,5.0,0,4.8927,0,5.0,0,5.0,0,4.0163,0,1,700000,0
aset-1286,5,2,0,2,1321,26,"Jl. Veteran No. 32, Kel. Sei Sikambing Kec. Medan Helvetia, Kota Medan",3.54149,98.627007,0,4.0809,0,5.0,0,5.0,0,4.3367,0,5.0,0,4.5147,0,5.0,0,5.0,0,5.0,0,1,200000,0
aset-1287,5,2,0,0,845,21,"Lingkungan Marelan Raya No. 24, Kel. Bantan Kec. Medan Selayang, Kota Medan",3.5342,98.60869,0,5.0,0,5.0,0,5.0,0,5.0,0,5.0,0,5.0,0,5.0,0,5.0,0,5.0,0,1,100000,0
aset-1288,1,2,0,1,781,22,"Gang Katamso No. 36, Kel. Sei Sikambing Kec. Medan Tembung, Kota Medan",3.580152,98.707334,1,2.7226,3,1.3841,2,2.3326,1,1.604,2,1.622,0,4.9798,0,3.54,0,3.9048,3,2.6011,12,2,14400000,1
aset-1289,1,0,1,1,13746,9,"Jl. Imam Bonjol No. 2, Kel. Polonia Kec. Medan Polonia, Kota Medan",3.597356,98.694288,3,0.6927,7,1.0997,6,0.4067,2,1.7135,7,1.1987,0,3.2609,1,2.0857,1,2.1728,6,1.7849,33,2,1471300000,2
aset-1290,5,0,1,1,1967,14,"Komplek Veteran No. 12, Kel. Petisah Tengah Kec. Medan Maimun, Kota Medan",3.604766,98.692118,3,1.1038,7,0.4577,5,1.1417,2,2.5334,6,0.5612,0,3.1993,1,2.3475,1,2.2454,4,2.0828,29,2,158000000,2
aset-1291,6,2,1,1,413,20,"Komplek Setiabudi No. 28, Kel. Sikambing Kec. Medan Deli, Kota Medan",3.591254,98.663253,3,1.6324,5,0.9899,6,1.3979,1,0.8813,6,0.3168,1,0.4595,1,1.5319,1,1.3389,7,0.6089,31,2,69300000,2
aset-1292,1,0,2,0,2448,26,"Jl. Diponegoro No. 1, Kel. Bantan Kec. Medan Barat, Kota Medan",3.591586,98.687007,3,0.4688,7,0.4064,6,0.6419,2,1.2564,8,0.4568,1,2.4716,1,1.1245,1,1.3593,6,0.7542,35,2,294500000,2
aset-1293,1,2,0,2,1169,21,"Jl. Putri Hijau No. 6, Kel. Polonia Kec. Medan Deli, Kota Medan",3.566633,98.693362,0,3.1045,3,1.7184,5,2.1568,1,1.7092,2,1.8204,0,3.3623,0,3.1699,0,3.6623,3,1.4103,14,2,2900000,1
aset-1294,4,0,2,1,2009,23,"Gang Pemuda No. 3, Kel. Padang Bulan Kec. Medan Polonia, Kota Medan",3.628885,98.706283,1,2.827,0,3.3422,0,3.9286,0,5.0,1,2.5875,0,5.0,0,5.0,0,5.0,0,5.0,2,3,3800000,1
aset-1295,6,0,0,0,1519,20,"Jl. Cut Mutia No. 40, Kel. Padang Bulan Kec. Medan Denai, Kota Medan",3.559507,98.620317,0,4.0674,0,5.0,0,5.0,0,4.8418,0,5.0,0,4.9742,0,5.0,0,5.0,0,5.0,0,5,4700000,0
aset-1296,1,0,2,1,2417,20,"Blok KH Wahid Hasyim No. 25, Kel. Pasar Merah Kec. Medan Maimun, Kota Medan",3.579578,98.665562,2,1.7867,5,1.578,6,1.1144,2,1.6099,4,0.9349,2,1.716,1,1.7188,1,1.9154,7,1.4896,30,2,403500000,2
aset-1297,3,2,1,1,263,28,"Perumahan Teuku Cik Ditiro No. 28, Kel. Merdeka Kec. Medan Helvetia, Kota Medan",3.566752,98.693646,0,3.111,3,1.7021,5,2.1669,1,1.697,2,1.8081,0,3.3965,0,3.1772,0,3.669,3,1.4253,14,2,1200000,1
aset-1298,2,2,2,1,1161,18,"Jl. Pemuda No. 30, Kel. Bantan Kec. Medan Barat, Kota Medan",3.63279,98.606405,0,5.0,0,5.0,0,5.0,0,5.0,0,5.0,0,5.0,0,5.0,0,5.0,0,5.0,0,4,400000,0
aset-1299,1,2,0,1,761,11,"Jl. Thamrin No. 8, Kel. Merdeka Kec. Medan Baru, Kota Medan",3.591835,98.669606,3,0.9453,6,0.2956,7,0.978,2,0.2018,7,0.6005,1,0.6206,1,0.8456,1,0.6452,7,0.2995,35,2,98900000,2
aset-1300,2,2,1,2,1628,21,"Jl. Ahmad Yani No. 32, Kel. Aur Kec. Medan Helvetia, Kota Medan",3.576914,98.686896,2,1.7555,6,1.0624,6,0.8365,2,0.8824,5,0.9575,0,3.1543,1,1.8231,1,2.3136,6,0.3047,29,2,96700000,2
aset-1301,1,0,1,0,3476,20,"Jl. Iskandar Muda No. 48, Kel. Kesawan Kec. Medan Marelan, Kota Medan",3.60003,98.692976,3,0.7155,7,0.7812,6,0.6244,2,2.0049,7,0.9476,0,3.1546,1,2.0945,1,2.1045,6,1.8566,33,2,654400000,2
aset-1302,2,0,0,0,3037,26,"Lingkungan Pemuda No. 20, Kel. Aur Kec. Medan Polonia, Kota Medan",3.597175,98.702684,3,1.6058,4,1.8473,4,1.2224,1,2.0005,6,1.4139,0,4.189,1,2.9598,0,3.0924,2,2.5591,21,2,64200000,2
aset-1303,1,2,0,1,1395,8,"Jl. Thamrin No. 34, Kel. Merdeka Kec. Medan Helvetia, Kota Medan",3.541326,98.677828,0,3.3548,0,4.9079,0,3.0561,1,2.1764,0,4.8992,1,2.1655,0,5.0,0,5.0,0,3.8155,2,1,500000,0
aset-1304,5,0,2,0,1069,14,"Jl. HM Yamin No. 28, Kel. Polonia Kec. Medan Denai, Kota Medan",3.557789,98.685282,0,3.2137,1,2.9001,2,2.1744,2,2.4167,1,2.9313,1,2.2597,0,3.6978,0,4.1851,2,1.931,9,3,3100000,1
aset-1305,6,0,1,1,1919,16,"Jl. Veteran No. 20, Kel. Bantan Kec. Medan Barat, Kota Medan",3.573688,98.694868,2,2.5432,4,0.9244,5,1.7728,1,0.9472,4,1.056,0,3.8544,1,2.6874,0,3.1564,5,1.2218,22,2,64500000,2
aset-1306,1,0,1,1,1806,28,"Komplek Diponegoro No. 10, Kel. Bantan Kec. Medan Tembung, Kota Medan",3.556754,98.693242,0,4.0599,1,2.814,0,3.0242,1,2.8073,1,2.9185,0,3.1355,0,4.1128,0,4.6099,2,2.2883,5,0,7900000,1
aset-1307,6,0,0,1,1715,23,"Jl. Katamso No. 14, Kel. Petisah Tengah Kec. Medan Barat, Kota Medan",3.512525,98.629752,0,5.0,0,5.0,0,5.0,0,5.0,0,5.0,0,5.0,0,5.0,0,5.0,0,5.0,0,2,2400000,0
aset-1308,1,2,0,1,1012,8,"Perumahan Teuku Daud No. 2, Kel. Titi Kuning Kec. Medan Barat, Kota Medan",3.602534,98.65463,2,2.7318,3,2.2,1,1.9436,1,2.1034,2,1.8946,1,1.4235,1,2.847,1,2.4517,4,1.5055,16,2,8600000,1
aset-1309,6,2,2,2,382,10,"Jl. Cut Mutia No. 2, Kel. Sunggal Kec. Medan Polonia, Kota Medan",3.579889,98.692261,2,1.8015,7,0.3841,5,1.2641,2,0.2487,4,0.3555,0,3.4606,1,2.0328,1,2.4762,5,0.9751,27,2,19100000,2
aset-1310,5,0,1,0,6263,13,"Gang Jamin Ginting No. 8, Kel. Polonia Kec. Medan Area, Kota Medan",3.549822,98.716256,0,5.0,0,4.2857,0,5.0,0,4.4117,0,4.5024,0,5.0,0,5.0,0,5.0,0,4.5601,0,0,9200000,0
aset-1311,4,0,0,0,848,23,"Lorong HM Yamin No. 4, Kel. Pulo Brayan Kec. Medan Timur, Kota Medan",3.53833,98.649162,1,2.8711,0,5.0,0,3.8123,1,2.4491,0,5.0,1,2.6363,0,5.0,0,5.0,0,5.0,3,0,3900000,1
aset-1312,4,0,1,1,1052,18,"Jl. Balai Kota No. 24, Kel. Bantan Kec. Medan Perjuangan, Kota Medan",3.587325,98.68333,3,0.6672,7,0.0836,7,0.4806,2,1.2256,8,0.1999,1,2.206,1,0.7629,1,1.1856,6,0.152,36,2,373200000,2
aset-1313,1,0,1,1,1215,20,"Jl. Setiabudi No. 32, Kel. Padang Bulan Kec. Medan Area, Kota Medan",3.592592,98.696713,3,0.9918,7,1.193,6,0.5644,2,1.2478,7,1.1434,0,3.5296,1,2.2066,1,2.4147,5,1.7472,32,2,308100000,2
aset-1314,2,0,0,1,813,24,"Jl. Setiabudi No. 50, Kel. Titi Kuning Kec. Medan Baru, Kota Medan",3.612339,98.640723,0,4.3058,0,4.0831,0,3.6874,0,3.9892,0,3.7407,0,3.3129,0,4.7305,0,4.316,0,3.0405,0,3,700000,0
aset-1315,4,2,0,1,1542,13,"Jl. Pemuda No. 10, Kel. Bantan Kec. Medan Johor, Kota Medan",3.603708,98.668259,3,1.2189,6,1.2609,7,0.5621,1,1.2289,6,1.5776,1,1.0336,1,1.8067,1,1.3133,5,1.0798,31,2,58300000,2
aset-1316,5,0,1,1,4350,23,"Jl. Veteran No. 16, Kel. Polonia Kec. Medan Selayang, Kota Medan",3.638625,98.693904,1,1.6103,0,3.7959,1,2.9036,0,5.0,0,3.4132,0,5.0,0,5.0,0,5.0,0,5.0,2,0,11900000,1
aset-1317,1,0,0,1,1977,14,"Blok Balai Kota No. 1, Kel. Kesawan Kec. Medan Helvetia, Kota Medan",3.554219,98.692104,0,4.0379,0,3.1057,0,3.0292,0,3.0907,0,3.2018,0,3.0146,0,4.3173,0,4.8135,2,2.494,2,1,1200000,1
aset-1318,5,0,0,1,3705,23,"Jl. Pemuda No. 4, Kel. Titi Kuning Kec. Medan Perjuangan, Kota Medan",3.607924,98.667641,3,1.2786,6,1.7285,5,0.976,1,1.7008,6,1.5003,1,1.4667,1,2.2474,1,1.7504,5,1.5488,29,2,557000000,2
aset-1319,2,0,0,1,1687,21,"Jl. Veteran No. 48, Kel. Merdeka Kec. Medan Petisah, Kota Medan",3.565455,98.655995,1,0.2873,0,3.4729,2,1.3434,1,1.4522,2,2.8023,1,1.4506,0,3.5893,0,3.8109,1,2.6204,8,2,17400000,1
aset-1320,4,2,1,1,2341,12,"Jl. Jamin Ginting No. 5, Kel. Pulo Brayan Kec. Medan Helvetia, Kota Medan",3.582335,98.633527,0,3.3605,0,4.4313,0,4.1886,0,4.3245,0,3.5706,0,3.766,0,4.8993,0,4.7819,1,2.4956,1,1,300000,1
aset-1321,4,0,0,1,2381,24,"Jl. Marelan Raya No. 24, Kel. Pusat Pasar Kec. Medan Maimun, Kota Medan",3.514733,98.682205,0,5.0,0,5.0,0,5.0,0,4.9159,0,5.0,0,4.9701,0,5.0,0,5.0,0,5.0,0,5,6500000,0
aset-1322,6,2,2,1,983,19,"Jl. Cut Mutia No. 30, Kel. Petisah Tengah Kec. Medan Maimun, Kota Medan",3.530902,98.62893,0,4.7229,0,5.0,0,5.0,0,4.6917,0,5.0,0,4.8799,0,5.0,0,5.0,0,5.0,0,4,400000,0
aset-1323,3,0,1,1,675,24,"Lingkungan Veteran No. 18, Kel. Suka Maju Kec. Medan Sunggal, Kota Medan",3.562631,98.666813,1,1.112,0,3.2538,3,0.5034,1,0.9264,2,2.5531,1,0.7642,0,3.2466,0,3.6045,3,2.3492,11,0,12000000,1
aset-1324,3,2,0,1,1463,7,"Jl. KH Wahid Hasyim No. 25, Kel. Kesawan Kec. Medan Helvetia, Kota Medan",3.577978,98.701661,2,2.4572,3,0.864,4,2.1271,1,1.0601,2,1.1116,0,4.4872,0,3.0458,0,3.4537,3,1.9457,15,2,7700000,1
aset-1325,5,2,1,1,2063,7,"Jl. Balai Kota No. 48, Kel. Bantan Kec. Medan Maimun, Kota Medan",3.54913,98.676305,1,2.6579,0,4.2028,1,2.1904,1,1.539,0,4.017,1,1.4689,0,4.5451,0,4.9914,0,3.0082,4,5,1800000,1
aset-1326,1,2,1,0,1047,15,"Jl. Sisingamangaraja No. 12, Kel. Aur Kec. Medan Kota, Kota Medan",3.610746,98.721857,0,4.0871,0,3.8112,0,3.7738,0,4.5247,1,2.8857,0,5.0,0,5.0,0,5.0,0,5.0,1,2,800000,1
aset-1327,2,0,0,0,206,9,"Gang Veteran No. 45, Kel. Kesawan Kec. Medan Polonia, Kota Medan",3.568106,98.69612,0,3.1562,3,1.5499,4,2.251,1,1.5833,2,1.6919,0,3.7068,0,3.2295,0,3.7127,3,1.5634,13,2,8400000,1
aset-1328,2,0,1,0,1022,6,"Blok Setiabudi No. 20, Kel. Pasar Merah Kec. Medan Johor, Kota Medan",3.58882,98.701094,2,1.6076,5,1.0161,5,1.1905,1,1.1755,5,1.1071,0,4.0641,1,2.6771,1,2.9525,5,2.1286,25,2,63100000,2
aset-1329,6,2,0,2,489,22,"Jl. Iskandar Muda No. 3, Kel. Pandan Selamat Kec. Medan Selayang, Kota Medan",3.626888,98.681139,2,0.5686,1,2.5502,1,1.1295,0,3.9326,3,1.878,0,3.9725,0,4.1274,0,3.7199,0,3.8709,7,2,1500000,1
aset-1330,6,2,2,0,1026,13,"Gang Sudirman No. 7, Kel. Petisah Tengah Kec. Medan Barat, Kota Medan",3.574786,98.66478,2,1.5817,5,2.073,6,0.9367,2,2.1397,4,1.3899,2,2.0891,1,2.1682,1,2.4189,7,1.9173,30,2,126400000,2
aset-1331,6,2,0,0,1226,16,"Perumahan Imam Bonjol No. 32, Kel. Pasar Merah Kec. Medan Tembung, Kota Medan",3.615616,98.685826,4,1.3103,4,1.2048,3,2.01,0,3.0051,4,0.8226,0,3.2552,0,3.012,1,2.6871,1,2.7378,17,2,5000000,1
aset-1332,4,2,1,1,1196,17,"Jl. Imam Bonjol No. 1, Kel. Kesawan Kec. Medan Johor, Kota Medan",3.58052,98.693122,2,1.7601,7,0.2655,5,1.3507,2,0.1651,4,0.2761,0,3.5118,1,2.0767,1,2.5083,5,1.091,27,2,81900000,2
aset-1333,6,0,2,0,1178,10,"Jl. Setiabudi No. 42, Kel. Padang Bulan Kec. Medan Helvetia, Kota Medan",3.570765,98.668857,2,1.5925,5,2.3213,5,0.4293,3,1.8547,3,1.6208,2,1.6967,1,2.3219,1,2.672,7,1.7376,29,2,220700000,2
aset-1334,4,0,2,1,2370,26,"Jl. Teuku Daud No. 18, Kel. Aur Kec. Medan Baru, Kota Medan",3.583872,98.656535,2,2.3211,4,1.9939,6,2.0515,1,1.8992,2,1.0989,1,1.5535,1,2.3711,1,2.3382,5,0.5951,23,2,191900000,2
aset-1335,1,0,2,0,5624,19,"Jl. Teuku Cik Ditiro No. 25, Kel. Sei Sikambing Kec. Medan Tembung, Kota Medan",3.55967,98.604067,0,5.0,0,5.0,0,5.0,0,5.0,0,5.0,0,5.0,0,5.0,0,5.0,0,5.0,0,3,8000000,0
aset-1336,5,0,1,0,9649,10,"Jl. Sudirman No. 22, Kel. Polonia Kec. Medan Labuhan, Kota Medan",3.589624,98.654748,2,2.5696,3,1.9511,5,2.2527,1,1.8423,3,1.1399,1,1.2852,1,2.4698,1,2.2996,4,0.0749,21,2,102700000,2
aset-1337,5,0,1,1,3942,20,"Jl. Marelan Raya No. 15, Kel. Sei Sikambing Kec. Medan Johor, Kota Medan",3.518364,98.683102,0,5.0,0,5.0,0,5.0,0,4.598,0,5.0,0,4.6422,0,5.0,0,5.0,0,5.0,0,0,6900000,0
aset-1338,4,0,2,0,3094,6,"Jl. Iskandar Muda No. 25, Kel. Sikambing Kec. Medan Labuhan, Kota Medan",3.526028,98.691904,0,5.0,0,5.0,0,5.0,0,4.4838,0,5.0,0,4.4746,0,5.0,0,5.0,0,5.0,0,3,1500000,0
aset-1339,5,0,0,0,154,16,"Jl. Setiabudi No. 4, Kel. Aur Kec. Medan Selayang, Kota Medan",3.579751,98.686359,2,1.468,7,0.9901,7,0.6293,2,0.7783,5,0.8208,1,2.9144,1,1.542,1,2.0247,6,0.4429,32,2,84400000,2
aset-1340,4,2,0,1,326,23,"Jl. Yos Sudarso No. 32, Kel. Sei Sikambing Kec. Medan Timur, Kota Medan",3.525658,98.677289,0,4.7341,0,5.0,0,4.7112,0,3.5843,0,5.0,0,3.6391,0,5.0,0,5.0,0,5.0,0,1,200000,0
aset-1341,1,2,1,0,2509,28,"Jl. Sudirman No. 14, Kel. Merdeka Kec. Medan Johor, Kota Medan",3.531525,98.654506,0,3.5092,0,5.0,0,4.2194,1,2.7923,0,5.0,1,2.9603,0,5.0,0,5.0,0,5.0,2,4,900000,0
aset-1342,3,2,1,1,1826,14,"Jl. Yos Sudarso No. 2, Kel. Pasar Merah Kec. Medan Denai, Kota Medan",3.516375,98.6996,0,5.0,0,5.0,0,5.0,0,5.0,0,5.0,0,5.0,0,5.0,0,5.0,0,5.0,0,0,200000,0
aset-1343,5,0,0,1,3200,19,"Gang Katamso No. 5, Kel. Bantan Kec. Medan Polonia, Kota Medan",3.592638,98.65116,1,2.9831,3,2.3131,2,2.4647,1,2.2021,2,1.5883,1,1.5582,1,2.8826,1,2.65,3,0.5876,15,2,15600000,1
aset-1344,5,0,0,1,1976,13,"Blok Pemuda No. 50, Kel. Pasar Merah Kec. Medan Sunggal, Kota Medan",3.507838,98.628833,0,5.0,0,5.0,0,5.0,0,5.0,0,5.0,0,5.0,0,5.0,0,5.0,0,5.0,0,0,3300000,0
aset-1345,4,0,2,0,2091,13,"Komplek Yos Sudarso No. 20, Kel. Polonia Kec. Medan Selayang, Kota Medan",3.52029,98.602902,0,5.0,0,5.0,0,5.0,0,5.0,0,5.0,0,5.0,0,5.0,0,5.0,0,5.0,0,3,1600000,0
aset-1346,3,2,0,1,1077,16,"Jl. Pemuda No. 28, Kel. Sei Sikambing Kec. Medan Area, Kota Medan",3.601924,98.700279,3,1.5039,5,1.4049,3,1.2351,1,2.3581,6,0.8258,0,3.9901,1,2.9038,1,2.9405,2,2.6208,22,2,28900000,2
aset-1347,4,0,0,2,494,25,"Lingkungan Teuku Cik Ditiro No. 25, Kel. Titi Kuning Kec. Medan Helvetia, Kota Medan",3.594068,98.672164,3,0.7874,7,0.1202,6,0.6932,2,0.1755,7,0.9745,1,0.8017,1,0.7019,1,0.3148,7,0.4622,35,2,275200000,2
aset-1348,1,0,2,0,1592,28,"Jl. Teuku Cik Ditiro No. 48, Kel. Sei Sikambing Kec. Medan Selayang, Kota Medan",3.596122,98.658381,2,2.274,5,1.5508,5,1.5812,1,1.4429,4,1.0802,1,0.7451,1,2.1756,1,1.8594,5,0.8763,25,2,22400000,2
aset-1349,5,0,2,0,279,24,"Perumahan Imam Bonjol No. 5, Kel. Petisah Tengah Kec. Medan Perjuangan, Kota Medan",3.584118,98.720197,0,3.763,1,2.8062,0,3.3354,0,3.0274,0,3.0208,0,5.0,0,4.8383,0,5.0,0,4.086,1,3,100000,0
aset-1350,5,2,0,0,1655,17,"Jl. Diponegoro No. 32, Kel. Suka Maju Kec. Medan Denai, Kota Medan",3.608551,98.684958,4,0.7195,6,0.5195,5,1.7058,1,2.3215,7,0.2026,1,2.6788,1,2.2439,1,1.9594,4,1.9667,30,2,56700000,2
aset-1351,5,0,0,1,560,16,"Jl. Veteran No. 36, Kel. Pusat Pasar Kec. Medan Labuhan, Kota Medan",3.572654,98.704891,0,3.1464,3,1.5116,2,2.8191,1,1.6797,2,1.7507,0,4.7988,0,3.647,0,4.0789,3,2.3337,11,2,5100000,1
aset-1352,5,0,0,1,2488,10,"Perumahan Pemuda No. 3, Kel. Sikambing Kec. Medan Deli, Kota Medan",3.614392,98.606286,0,5.0,0,5.0,0,5.0,0,5.0,0,5.0,0,5.0,0,5.0,0,5.0,0,5.0,0,5,2700000,0
aset-1353,3,2,0,1,5090,20,"Jl. Cut Mutia No. 36, Kel. Pusat Pasar Kec. Medan Deli, Kota Medan",3.603285,98.664166,3,1.6736,6,1.4366,5,0.9306,1,1.3723,6,1.5911,1,0.9259,1,2.052,1,1.5848,5,1.1167,29,2,177600000,2
aset-1354,4,0,1,1,891,26,"Lingkungan Sudirman No. 32, Kel. Pandan Selamat Kec. Medan Marelan, Kota Medan",3.58779,98.639101,0,3.3847,0,3.6967,0,3.907,0,3.5871,1,2.8773,1,2.9839,0,4.2131,0,4.0433,1,1.7695,3,2,4100000,0
aset-1355,1,0,1,1,890,27,"Jl. Setiabudi No. 22, Kel. Bantan Kec. Medan Perjuangan, Kota Medan",3.583146,98.681285,3,0.8397,7,0.5723,7,0.1748,2,1.3063,7,0.6791,1,2.2369,1,0.8983,1,1.394,7,0.4358,36,2,409800000,2
aset-1356,2,0,0,1,2083,8,"Jl. Veteran No. 8, Kel. Pusat Pasar Kec. Medan Polonia, Kota Medan",3.579455,98.685822,2,1.4567,7,1.0005,7,0.5859,2,0.8454,5,0.8888,1,2.8858,1,1.5276,1,2.0145,6,0.3844,32,2,279100000,2
aset-1357,5,2,0,0,827,13,"Jl. Teuku Cik Ditiro No. 7, Kel. Aur Kec. Medan Barat, Kota Medan",3.537783,98.615695,0,5.0,0,5.0,0,5.0,0,5.0,0,5.0,0,5.0,0,5.0,0,5.0,0,5.0,0,1,400000,0
aset-1358,6,2,0,1,1051,21,"Jl. Balai Kota No. 22, Kel. Sunggal Kec. Medan Polonia, Kota Medan",3.514391,98.690287,0,5.0,0,5.0,0,5.0,0,5.0,0,5.0,0,5.0,0,5.0,0,5.0,0,5.0,0,1,100000,0
aset-1359,5,2,0,0,2463,6,"Jl. Diponegoro No. 50, Kel. Padang Bulan Kec. Medan Polonia, Kota Medan",3.563365,98.61271,0,4.8933,0,5.0,0,5.0,0,5.0,0,5.0,0,5.0,0,5.0,0,5.0,0,5.0,0,1,300000,0
aset-1360,3,0,0,1,1625,27,"Jl. Ahmad Yani No. 24, Kel. Bantan Kec. Medan Area, Kota Medan",3.590298,98.675636,3,0.2551,7,0.1935,7,0.4002,2,0.5958,8,0.7141,1,1.291,1,0.1549,1,0.4177,7,0.2587,37,2,300900000,2
aset-1361,5,0,0,1,773,26,"Jl. Sudirman No. 25, Kel. Kesawan Kec. Medan Kota, Kota Medan",3.602045,98.657002,2,2.4806,3,1.9447,4,1.6757,1,1.8506,4,1.7005,1,1.1838,1,2.5921,1,2.1885,4,1.4674,21,2,74500000,2
aset-1362,2,2,1,1,1225,13,"Jl. Teuku Cik Ditiro No. 10, Kel. Pusat Pasar Kec. Medan Kota, Kota Medan",3.581451,98.685089,3,1.2325,7,0.7642,7,0.454,2,0.8801,6,0.7283,1,2.6907,1,1.3074,1,1.789,6,0.5703,34,2,62400000,2
aset-1363,4,0,2,1,3852,12,"Jl. Yos Sudarso No. 40, Kel. Sei Sikambing Kec. Medan Selayang, Kota Medan",3.634715,98.70549,1,2.7344,0,3.8321,0,3.9482,0,5.0,0,3.1518,0,5.0,0,5.0,0,5.0,0,5.0,1,3,6500000,0
aset-1364,6,2,1,1,974,7,"Jl. Teuku Cik Ditiro No. 34, Kel. Gaharu Kec. Medan Perjuangan, Kota Medan",3.499546,98.678607,0,5.0,0,5.0,0,5.0,0,5.0,0,5.0,0,5.0,0,5.0,0,5.0,0,5.0,0,1,200000,0
aset-1365,2,2,1,2,1248,8,"Lingkungan Marelan Raya No. 8, Kel. Polonia Kec. Medan Labuhan, Kota Medan",3.635573,98.678304,1,0.4973,0,3.5657,1,1.3379,0,4.8028,1,2.8593,0,4.7469,0,5.0,0,4.6372,0,4.762,3,1,500000,1
aset-1366,1,0,0,0,3072,7,"Jl. Sisingamangaraja No. 10, Kel. Suka Maju Kec. Medan Perjuangan, Kota Medan",3.610049,98.673306,4,0.7759,6,1.7246,5,1.0937,1,1.913,7,0.8539,1,1.9105,1,2.2668,1,1.7945,4,1.8792,30,2,187000000,2
aset-1367,4,0,1,1,7351,28,"Jl. Sudirman No. 50, Kel. Aur Kec. Medan Selayang, Kota Medan",3.583498,98.666417,4,1.4597,5,1.1849,6,0.9541,2,1.1726,5,0.6317,1,1.2886,1,1.3792,1,1.507,7,1.1754,32,2,348100000,2
aset-1368,5,2,0,1,689,24,"Jl. Jamin Ginting No. 3, Kel. Suka Maju Kec. Medan Denai, Kota Medan",3.539287,98.644191,1,2.9851,0,5.0,0,4.0593,1,2.7752,0,5.0,1,2.9643,0,5.0,0,5.0,0,5.0,3,1,600000,1
aset-1369,1,2,0,1,680,17,"Jl. Sutomo No. 7, Kel. Titi Kuning Kec. Medan Baru, Kota Medan",3.573142,98.678888,3,1.8667,6,1.714,6,0.9693,3,1.8501,5,1.5241,2,2.4513,1,1.8862,1,2.3591,6,0.5973,33,2,54600000,2
aset-1370,1,0,0,0,977,18,"Jl. Thamrin No. 4, Kel. Titi Kuning Kec. Medan Perjuangan, Kota Medan",3.589534,98.683944,3,0.6719,7,0.0073,6,0.5518,2,1.3084,8,0.207,1,2.1884,1,0.7723,1,1.1098,6,0.3548,35,2,408200000,2
aset-1371,3,0,0,0,645,16,"Blok Teuku Cik Ditiro No. 2, Kel. Sikambing Kec. Medan Maimun, Kota Medan",3.584487,98.705207,1,2.2467,4,1.166,4,1.8406,1,1.3826,4,1.3648,0,4.6126,0,3.1898,0,3.5152,3,2.4987,17,2,30300000,1
aset-1372,5,2,1,1,274,19,"Jl. KH Wahid Hasyim No. 4, Kel. Pandan Selamat Kec. Medan Helvetia, Kota Medan",3.600498,98.694777,3,0.9018,7,0.9034,6,0.7347,2,2.0663,6,0.8451,0,3.3606,1,2.2923,1,2.3106,4,2.0581,30,2,8300000,2
aset-1373,6,0,1,0,815,21,"Perumahan Imam Bonjol No. 10, Kel. Merdeka Kec. Medan Polonia, Kota Medan",3.525215,98.67875,0,4.8566,0,5.0,0,4.797,0,3.6994,0,5.0,0,3.7479,0,5.0,0,5.0,0,5.0,0,5,800000,1
aset-1374,3,0,0,0,1311,13,"Lorong Teuku Cik Ditiro No. 34, Kel. Kesawan Kec. Medan Deli, Kota Medan",3.602027,98.674136,3,0.6975,6,1.0314,7,0.3051,1,1.0624,8,1.0146,1,1.28,1,1.3746,1,0.8977,5,1.1227,33,2,302900000,2
aset-1375,1,0,0,1,1450,12,"Lorong Veteran No. 6, Kel. Jati Kec. Medan Barat, Kota Medan",3.537374,98.666219,0,3.0351,0,5.0,0,3.3002,1,1.9687,0,5.0,1,2.0755,0,5.0,0,5.0,0,4.6312,2,0,6700000,1
aset-1376,6,2,0,1,2163,28,"Perumahan Sisingamangaraja No. 1, Kel. Sikambing Kec. Medan Perjuangan, Kota Medan",3.57793,98.678418,3,1.3322,6,1.2298,7,0.4986,2,1.6804,5,1.0608,2,2.4125,1,1.3513,1,1.8267,7,0.6639,34,2,86500000,2
aset-1377,5,0,2,0,1218,23,"Jl. Cut Mutia No. 42, Kel. Kesawan Kec. Medan Labuhan, Kota Medan",3.594147,98.658019,2,2.2563,5,1.5568,5,1.6958,1,1.4463,3,0.9632,1,0.7806,1,2.1564,1,1.8846,5,0.6631,24,2,99300000,2
aset-1378,2,0,1,1,1818,6,"Jl. Thamrin No. 36, Kel. Polonia Kec. Medan Perjuangan, Kota Medan",3.553208,98.694077,0,4.2779,0,3.2032,0,3.2753,0,3.2038,0,3.3149,0,3.2419,0,4.5088,0,5.0,2,2.6836,2,2,6100000,1
aset-1379,4,2,0,1,805,27,"Jl. Marelan Raya No. 4, Kel. Pandan Selamat Kec. Medan Maimun, Kota Medan",3.517825,98.67829,0,5.0,0,5.0,0,5.0,0,4.4291,0,5.0,0,4.4938,0,5.0,0,5.0,0,5.0,0,1,500000,0
aset-1380,5,0,0,1,1366,15,"Jl. Gatot Subroto No. 10, Kel. Sei Sikambing Kec. Medan Denai, Kota Medan",3.643776,98.656535,0,3.0142,0,5.0,1,2.5463,0,5.0,0,4.6343,0,5.0,0,5.0,0,5.0,0,5.0,1,5,1800000,0
aset-1381,3,0,2,2,944,12,"Jl. Thamrin No. 42, Kel. Gaharu Kec. Medan Petisah, Kota Medan",3.586136,98.654209,2,2.5886,3,2.1168,5,2.3335,1,2.0137,2,1.2392,1,1.551,1,2.5655,1,2.4675,4,0.3303,20,5,53900000,2
aset-1382,6,0,0,1,1080,16,"Jl. Iskandar Muda No. 4, Kel. Pusat Pasar Kec. Medan Helvetia, Kota Medan",3.582604,98.672753,4,0.9922,6,0.9438,7,0.2533,2,1.1722,6,0.2792,1,1.6249,1,0.9479,1,1.2915,7,0.6999,35,2,565800000,2
aset-1383,1,0,0,0,1043,12,"Jl. Diponegoro No. 7, Kel. Sunggal Kec. Medan Selayang, Kota Medan",3.582894,98.645476,1,2.5442,0,3.1508,0,3.0614,0,3.0474,2,2.2706,1,2.5509,0,3.5866,0,3.5015,2,1.2563,6,2,2200000,1
aset-1384,2,0,0,1,2141,24,"Jl. Setiabudi No. 18, Kel. Jati Kec. Medan Selayang, Kota Medan",3.590071,98.663892,3,1.5546,5,0.9569,6,1.4502,1,0.8534,6,0.1712,1,0.5616,1,1.4547,1,1.3078,7,0.6314,31,2,81600000,2
aset-1385,1,2,2,0,254,19,"Jl. Teuku Daud No. 28, Kel. Pandan Selamat Kec. Medan Kota, Kota Medan",3.573942,98.689939,2,2.2212,6,1.0575,6,1.3074,2,0.9582,4,1.0629,0,3.4119,1,2.2913,1,2.779,5,0.6825,27,2,9300000,2
aset-1386,1,0,1,1,2309,18,"Komplek Sudirman No. 25, Kel. Aur Kec. Medan Perjuangan, Kota Medan",3.615102,98.714269,0,3.6066,0,3.1241,0,3.3697,0,4.3725,1,2.1757,0,5.0,0,4.9896,0,4.9494,0,4.7441,1,2,4400000,0
aset-1387,1,0,0,1,2626,13,"Jl. Gatot Subroto No. 7, Kel. Pusat Pasar Kec. Medan Baru, Kota Medan",3.591999,98.668597,3,1.0585,6,0.3937,7,0.9973,2,0.289,7,0.5201,1,0.5203,1,0.9587,1,0.7446,7,0.2322,35,2,681200000,2
aset-1388,5,2,0,1,1009,20,"Jl. Sutomo No. 6, Kel. Gaharu Kec. Medan Johor, Kota Medan",3.570813,98.700284,0,3.0603,3,1.3752,3,2.4533,1,1.4835,2,1.5779,0,4.2481,0,3.351,0,3.8106,3,1.8797,12,2,2500000,1
aset-1389,5,0,2,1,378,25,"Jl. Balai Kota No. 8, Kel. Jati Kec. Medan Area, Kota Medan",3.570214,98.67192,2,1.8599,6,2.3228,5,0.563,3,1.9318,4,1.6441,2,1.7572,1,2.2712,1,2.6669,7,1.4363,31,2,128300000,2
aset-1390,1,2,0,1,546,26,"Jl. Thamrin No. 36, Kel. Sikambing Kec. Medan Petisah, Kota Medan",3.615189,98.629174,0,5.0,0,5.0,0,4.7948,0,5.0,0,4.9282,0,4.5658,0,5.0,0,5.0,0,4.0859,0,1,400000,0
aset-1391,2,2,0,1,602,12,"Lorong Sutomo No. 30, Kel. Pasar Merah Kec. Medan Kota, Kota Medan",3.629023,98.67168,2,1.086,0,3.2273,1,0.3445,0,4.0063,2,2.3546,0,3.8551,0,4.3792,0,3.9118,0,3.9157,5,0,600000,1
aset-1392,1,2,1,0,797,19,"Jl. Yos Sudarso No. 22, Kel. Kesawan Kec. Medan Labuhan, Kota Medan",3.5631,98.694441,0,3.5,1,2.1025,2,2.541,1,2.1077,2,2.2185,0,3.3614,0,3.5628,0,4.0572,3,1.7745,9,1,800000,1
aset-1393,2,0,1,1,5960,13,"Jl. Setiabudi No. 42, Kel. Pulo Brayan Kec. Medan Deli, Kota Medan",3.579015,98.674721,3,1.2607,6,1.335,7,0.4442,3,1.6089,5,0.7308,2,2.0792,1,1.2474,1,1.6665,7,1.0091,35,2,752200000,2
aset-1394,2,0,0,1,1078,22,"Jl. Sudirman No. 48, Kel. Pulo Brayan Kec. Medan Area, Kota Medan",3.550244,98.635725,1,2.7354,0,5.0,0,4.0375,0,3.1475,0,5.0,0,3.3114,0,5.0,0,5.0,0,4.8112,1,0,2700000,0
aset-1395,5,2,1,1,493,16,"Gang Veteran No. 30, Kel. Jati Kec. Medan Selayang, Kota Medan",3.554469,98.620997,0,4.0851,0,5.0,0,5.0,0,4.7395,0,5.0,0,4.8865,0,5.0,0,5.0,0,5.0,0,1,100000,0
aset-1396,2,0,2,1,639,18,"Jl. Imam Bonjol No. 50, Kel. Jati Kec. Medan Denai, Kota Medan",3.56849,98.684228,1,2.4821,5,1.9198,5,1.5012,2,1.7901,3,1.8844,1,2.5461,1,2.5228,0,3.0158,5,0.7359,23,2,147700000,2
aset-1397,4,0,0,0,8501,7,"Jl. Yos Sudarso No. 30, Kel. Pulo Brayan Kec. Medan Labuhan, Kota Medan",3.577412,98.694804,2,2.1474,5,0.5106,5,1.6012,1,0.5481,4,0.6528,0,3.8425,1,2.4214,1,2.8693,5,1.1822,24,2,571400000,2
aset-1398,4,2,0,1,445,6,"Jl. KH Wahid Hasyim No. 1, Kel. Titi Kuning Kec. Medan Helvetia, Kota Medan",3.603366,98.641484,0,4.1736,0,3.5773,0,3.4036,0,3.4725,0,3.0598,1,2.7706,0,4.2123,0,3.8625,1,2.1913,2,1,700000,1
aset-1399,3,0,0,1,2161,11,"Jl. Teuku Daud No. 16, Kel. Petisah Tengah Kec. Medan Petisah, Kota Medan",3.591708,98.673134,3,0.5659,7,0.1243,7,0.7173,2,0.2769,7,0.7565,1,0.974,1,0.4692,1,0.3284,7,0.5208,36,2,635900000,2
aset-1400,1,2,2,1,1233,14,"Jl. Yos Sudarso No. 1, Kel. Sunggal Kec. Medan Tembung, Kota Medan",3.614004,98.630002,0,5.0,0,5.0,0,4.7412,0,5.0,0,4.7765,0,4.4216,0,5.0,0,5.0,0,3.9276,0,4,100000,0
aset-1401,3,2,0,2,2160,19,"Jl. Imam Bonjol No. 7, Kel. Pasar Merah Kec. Medan Sunggal, Kota Medan",3.56714,98.692054,1,2.9786,3,1.6843,5,2.0224,1,1.6556,3,1.7666,0,3.248,0,3.0417,0,3.5358,4,1.2658,17,2,10300000,1
aset-1402,3,0,1,1,18189,23,"Jl. HM Yamin No. 24, Kel. Pasar Merah Kec. Medan Marelan, Kota Medan",3.573092,98.610184,0,5.0,0,5.0,0,5.0,0,5.0,0,5.0,0,5.0,0,5.0,0,5.0,0,5.0,0,5,4000000,1
aset-1403,3,2,1,2,2635,21,"Lingkungan Katamso No. 45, Kel. Pandan Selamat Kec. Medan Denai, Kota Medan",3.572701,98.681658,3,1.9574,6,1.7076,6,0.9922,3,1.6289,5,1.7016,1,2.6204,1,1.9918,1,2.4809,6,0.3647,32,2,66100000,2
aset-1404,5,0,2,1,875,23,"Jl. Yos Sudarso No. 30, Kel. Sunggal Kec. Medan Marelan, Kota Medan",3.542463,98.610062,0,5.0,0,5.0,0,5.0,0,5.0,0,5.0,0,5.0,0,5.0,0,5.0,0,5.0,0,3,1100000,1
aset-1405,6,0,1,1,926,6,"Komplek Katamso No. 36, Kel. Sikambing Kec. Medan Timur, Kota Medan",3.622157,98.678817,2,1.1209,1,2.163,2,0.967,0,3.3562,4,1.3734,0,3.3867,0,3.5814,0,3.1595,0,3.3318,9,2,21200000,1
aset-1406,5,2,0,1,972,19,"Jl. Gatot Subroto No. 32, Kel. Pasar Merah Kec. Medan Johor, Kota Medan",3.579848,98.667684,3,1.5921,5,1.4244,6,0.8843,3,1.508,5,0.7467,2,1.711,1,1.5307,1,1.7707,7,1.2936,33,2,39100000,2
aset-1407,5,2,0,0,634,20,"Jl. Sudirman No. 30, Kel. Suka Maju Kec. Medan Polonia, Kota Medan",3.567555,98.664413,2,0.9851,2,2.8157,5,0.4028,2,1.4094,2,2.1146,1,1.2866,1,2.8601,0,3.1665,6,2.3197,21,5,5200000,1
aset-1408,2,0,1,1,1493,20,"Jl. Cut Mutia No. 15, Kel. Petisah Tengah Kec. Medan Labuhan, Kota Medan",3.54298,98.678515,0,3.2808,0,4.7088,1,2.9147,1,2.1119,0,4.7281,1,2.0846,0,5.0,0,5.0,0,3.6213,3,0,2700000,0
aset-1409,5,0,0,1,1298,8,"Jl. Diponegoro No. 28, Kel. Sunggal Kec. Medan Maimun, Kota Medan",3.592053,98.652323,1,2.8485,3,2.1862,3,2.3684,1,2.0754,2,1.4472,1,1.4445,1,2.7481,1,2.5259,4,0.4512,17,2,46000000,1
aset-1410,3,0,0,1,2986,20,"Lorong Diponegoro No. 7, Kel. Sikambing Kec. Medan Sunggal, Kota Medan",3.58908,98.674026,3,0.4395,7,0.2136,7,0.5521,2,0.5503,7,0.5063,1,1.1986,1,0.3455,1,0.5577,7,0.2498,36,2,316400000,2
aset-1411,2,0,1,1,4070,19,"Lorong Sutomo No. 1, Kel. Aur Kec. Medan Labuhan, Kota Medan",3.584212,98.688721,3,1.2672,7,0.739,7,0.9047,2,0.5348,8,0.4936,1,2.8929,1,1.4513,1,1.8717,6,0.8077,36,2,861500000,2
aset-1412,6,0,0,0,14007,19,"Blok Sudirman No. 30, Kel. Pusat Pasar Kec. Medan Barat, Kota Medan",3.619075,98.681633,3,1.4389,1,1.7172,3,1.409,0,3.1303,4,1.0115,0,3.2517,0,3.2736,1,2.8837,0,3.0126,12,2,63800000,1
aset-1413,3,2,0,1,3984,23,"Komplek HM Yamin No. 6, Kel. Aur Kec. Medan Timur, Kota Medan",3.587449,98.691105,3,0.9583,7,0.7443,6,0.7903,2,0.6414,8,0.5376,0,3.0162,1,1.5908,1,1.93,6,1.0116,34,2,145200000,2
aset-1414,5,2,2,1,1546,7,"Jl. Teuku Daud No. 25, Kel. Gaharu Kec. Medan Maimun, Kota Medan",3.577466,98.683621,2,1.5214,6,1.1734,7,0.544,2,1.1565,5,1.1813,1,2.8411,1,1.5756,1,2.0726,6,0.1348,31,2,65100000,2
aset-1415,4,0,0,1,1430,25,"Jl. Sutomo No. 3, Kel. Suka Maju Kec. Medan Selayang, Kota Medan",3.601689,98.664469,3,1.6823,6,1.2774,6,0.8499,1,1.2078,6,1.4122,1,0.7461,1,1.9034,1,1.448,5,0.9405,30,2,344500000,2
aset-1416,5,0,0,2,2383,24,"Jl. Marelan Raya No. 4, Kel. Sikambing Kec. Medan Kota, Kota Medan",3.554848,98.656876,1,0.9064,0,4.4465,1,1.8303,1,0.7574,0,3.7494,1,0.9107,0,4.5017,0,4.7957,0,3.7504,4,0,5600000,1
aset-1417,3,2,1,2,597,9,"Jl. Putri Hijau No. 48, Kel. Polonia Kec. Medan Area, Kota Medan",3.513521,98.645663,0,5.0,0,5.0,0,5.0,0,5.0,0,5.0,0,5.0,0,5.0,0,5.0,0,5.0,0,1,200000,0
aset-1418,2,2,0,1,1670,27,"Jl. Veteran No. 20, Kel. Sei Sikambing Kec. Medan Deli, Kota Medan",3.540566,98.721525,0,5.0,0,5.0,0,5.0,0,5.0,0,5.0,0,5.0,0,5.0,0,5.0,0,5.0,0,1,600000,0
aset-1419,5,0,1,1,701,7,"Jl. Sisingamangaraja No. 8, Kel. Pandan Selamat Kec. Medan Marelan, Kota Medan",3.578268,98.67828,3,1.2941,6,1.2023,7,0.4779,2,1.6855,5,1.0228,2,2.3736,1,1.3123,1,1.7868,7,0.689,34,2,265900000,2
aset-1420,2,0,1,1,1400,25,"Komplek HM Yamin No. 30, Kel. Aur Kec. Medan Barat, Kota Medan",3.616013,98.681013,4,1.1356,5,1.4495,3,1.5709,1,2.7898,4,0.6686,1,2.9355,1,2.9266,1,2.5371,2,2.6662,22,2,163200000,2
aset-1421,3,2,1,1,1281,19,"Perumahan Iskandar Muda No. 3, Kel. Sunggal Kec. Medan Maimun, Kota Medan",3.587546,98.695319,3,1.1869,7,0.6177,6,0.8565,2,0.6682,7,0.5672,0,3.4653,1,2.0512,1,2.3663,5,1.4793,32,2,73900000,2
aset-1422,4,0,0,1,545,11,"Jl. Marelan Raya No. 42, Kel. Jati Kec. Medan Labuhan, Kota Medan",3.59338,98.672103,3,0.7508,7,0.0438,7,0.7695,2,0.1295,7,0.9266,1,0.8085,1,0.6608,1,0.3288,7,0.4605,36,2,183500000,2
aset-1423,6,2,0,1,1748,26,"Jl. Yos Sudarso No. 28, Kel. Pasar Merah Kec. Medan Tembung, Kota Medan",3.604303,98.6901,3,0.9881,7,0.2455,6,1.1103,2,2.4642,7,0.7403,1,2.9713,1,2.1547,1,2.0299,4,1.8855,32,2,78700000,2
aset-1424,1,0,0,1,1728,9,"Jl. Putri Hijau No. 48, Kel. Sunggal Kec. Medan Maimun, Kota Medan",3.535721,98.667816,0,3.2704,0,5.0,0,3.4781,1,2.181,0,5.0,1,2.2765,0,5.0,0,5.0,0,4.7286,2,0,6500000,0
aset-1425,1,0,0,0,5072,26,"Jl. Pemuda No. 14, Kel. Kesawan Kec. Medan Area, Kota Medan",3.537905,98.651205,1,2.8587,0,5.0,0,3.7338,1,2.344,0,5.0,1,2.5283,0,5.0,0,5.0,0,5.0,3,0,7400000,1
aset-1426,1,0,0,1,2484,27,"Jl. Pemuda No. 5, Kel. Jati Kec. Medan Deli, Kota Medan",3.582578,98.668919,4,1.2869,6,1.0932,7,0.6764,2,1.1817,5,0.4352,2,1.4482,1,1.2187,1,1.4382,7,0.9905,35,2,257600000,2
aset-1427,1,0,0,1,1663,22,"Jl. Ahmad Yani No. 36, Kel. Jati Kec. Medan Polonia, Kota Medan",3.570003,98.686046,2,2.39,6,1.6635,6,1.4059,2,1.5412,4,1.6384,1,2.8071,1,2.4397,1,2.9365,5,0.6148,28,2,201400000,2
aset-1428,4,0,2,0,1172,6,"Jl. Setiabudi No. 6, Kel. Kesawan Kec. Medan Denai, Kota Medan",3.511352,98.650707,0,5.0,0,5.0,0,5.0,0,5.0,0,5.0,0,5.0,0,5.0,0,5.0,0,5.0,0,3,400000,0
aset-1429,2,0,0,1,1960,19,"Jl. Sutomo No. 28, Kel. Pandan Selamat Kec. Medan Petisah, Kota Medan",3.514705,98.66669,0,5.0,0,5.0,0,5.0,0,4.4818,0,5.0,0,4.5956,0,5.0,0,5.0,0,5.0,0,0,2800000,0
aset-1430,5,0,1,0,368,21,"Gang Teuku Daud No. 28, Kel. Polonia Kec. Medan Maimun, Kota Medan",3.57604,98.651929,1,1.5475,2,2.9186,2,2.0473,2,2.6893,2,2.0448,2,2.5591,0,3.1861,0,3.2471,3,1.4809,14,2,9300000,1
aset-1431,1,0,0,1,1262,14,"Jl. Sutomo No. 5, Kel. Pulo Brayan Kec. Medan Sunggal, Kota Medan",3.618569,98.65881,2,2.6408,0,3.1979,2,1.5852,0,3.1486,1,2.6404,1,2.7093,0,3.7639,0,3.2698,1,2.9161,7,2,6300000,1
aset-1432,2,0,0,1,1475,18,"Jl. Sutomo No. 48, Kel. Aur Kec. Medan Tembung, Kota Medan",3.527091,98.705792,0,5.0,0,5.0,0,5.0,0,5.0,0,5.0,0,5.0,0,5.0,0,5.0,0,5.0,0,2,2300000,0
aset-1433,4,2,1,0,147,16,"Komplek KH Wahid Hasyim No. 18, Kel. Pandan Selamat Kec. Medan Perjuangan, Kota Medan",3.58889,98.691285,3,0.8164,7,0.8113,6,0.6288,2,0.7894,8,0.682,1,2.9951,1,1.5901,1,1.8945,6,1.0516,35,2,15500000,2
aset-1434,6,2,0,1,396,9,"Lorong Balai Kota No. 4, Kel. Pasar Merah Kec. Medan Barat, Kota Medan",3.549725,98.634449,1,2.8865,0,5.0,0,4.1898,0,3.2969,0,5.0,0,3.4616,0,5.0,0,5.0,0,4.9269,1,4,300000,0
aset-1435,5,0,0,0,3496,28,"Jl. Iskandar Muda No. 36, Kel. Kesawan Kec. Medan Perjuangan, Kota Medan",3.542176,98.691682,0,4.5109,0,4.4435,0,3.8114,0,3.4126,0,4.5417,0,3.3364,0,5.0,0,5.0,0,3.7615,0,5,8900000,1
aset-1436,4,0,2,1,8052,9,"Jl. Veteran No. 3, Kel. Titi Kuning Kec. Medan Johor, Kota Medan",3.547761,98.694265,0,4.4899,0,3.808,0,3.6157,0,3.4838,0,3.9209,0,3.3746,0,5.0,0,5.0,0,3.2503,0,3,2500000,0
aset-1437,1,2,0,1,325,11,"Jl. Diponegoro No. 18, Kel. Merdeka Kec. Medan Maimun, Kota Medan",3.588697,98.715964,0,3.1645,1,2.4428,1,2.7366,1,2.655,1,2.626,0,5.0,0,4.3265,0,4.5841,0,3.7739,4,1,300000,0
aset-1438,3,0,2,0,2285,16,"Jl. Teuku Daud No. 40, Kel. Sunggal Kec. Medan Marelan, Kota Medan",3.588592,98.654452,2,2.6062,3,2.0081,5,2.3425,1,1.9007,2,1.1715,1,1.3704,1,2.5072,1,2.3583,4,0.0759,20,2,72600000,1
aset-1439,3,2,1,1,563,7,"Perumahan Sisingamangaraja No. 40, Kel. Aur Kec. Medan Johor, Kota Medan",3.586013,98.701732,2,1.8326,5,0.8702,5,1.4343,1,1.0668,4,1.0253,0,4.1971,1,2.7802,0,3.0967,5,2.1925,23,2,8000000,2
aset-1440,4,0,0,0,5716,22,"Jl. Imam Bonjol No. 12, Kel. Merdeka Kec. Medan Deli, Kota Medan",3.629455,98.700475,1,2.1796,0,3.0514,0,3.2934,0,5.0,1,2.4368,0,5.0,0,5.0,0,4.8512,0,4.824,2,5,16500000,1
aset-1441,6,2,0,2,2444,28,"Jl. Balai Kota No. 3, Kel. Jati Kec. Medan Labuhan, Kota Medan",3.618376,98.680033,3,1.3809,3,1.7303,3,1.3128,1,2.9945,4,0.9375,0,3.0886,0,3.1732,1,2.7675,1,2.9178,16,2,15900000,1
aset-1442,2,0,0,1,783,6,"Perumahan Teuku Cik Ditiro No. 12, Kel. Pulo Brayan Kec. Medan Area, Kota Medan",3.575872,98.680659,2,1.5896,6,1.3734,7,0.6381,3,1.5297,5,1.3978,2,2.7466,1,1.6226,1,2.1113,6,0.3697,33,2,240500000,2
aset-1443,5,0,0,1,10998,7,"Jl. Sisingamangaraja No. 4, Kel. Kesawan Kec. Medan Selayang, Kota Medan",3.634376,98.69853,1,1.9632,0,3.4692,0,3.1939,0,5.0,1,2.9463,0,5.0,0,5.0,0,5.0,0,5.0,2,0,13800000,1
aset-1444,3,0,1,1,3432,27,"Jl. Katamso No. 12, Kel. Bantan Kec. Medan Denai, Kota Medan",3.618613,98.716192,0,4.0161,0,3.4756,0,3.7943,0,4.8165,1,2.5326,0,5.0,0,5.0,0,5.0,0,5.0,1,2,8300000,0
aset-1445,6,0,0,1,6408,14,"Jl. Yos Sudarso No. 30, Kel. Pusat Pasar Kec. Medan Perjuangan, Kota Medan",3.57715,98.710594,0,3.2141,1,1.8127,1,2.8249,1,2.0257,1,2.0581,0,5.0,0,3.9926,0,4.372,2,2.9304,6,0,13600000,1
aset-1446,3,0,1,0,3835,22,"Lingkungan Sudirman No. 7, Kel. Jati Kec. Medan Johor, Kota Medan",3.566134,98.608118,0,5.0,0,5.0,0,5.0,0,5.0,0,5.0,0,5.0,0,5.0,0,5.0,0,5.0,0,5,2400000,0
aset-1447,6,0,1,2,944,18,"Jl. Diponegoro No. 8, Kel. Merdeka Kec. Medan Helvetia, Kota Medan",3.582485,98.685808,3,1.2042,7,0.6878,7,0.5426,2,0.8,6,0.6197,1,2.6961,1,1.286,1,1.7544,6,0.6562,34,2,114700000,2
aset-1448,1,2,1,1,1104,25,"Jl. Teuku Cik Ditiro No. 32, Kel. Pasar Merah Kec. Medan Petisah, Kota Medan",3.569035,98.68914,2,2.6341,5,1.5815,6,1.6638,1,1.5039,3,1.6108,0,3.0461,1,2.6925,0,3.1888,5,0.8905,23,2,21300000,2
aset-1449,2,0,0,0,1513,15,"Jl. Sutomo No. 40, Kel. Jati Kec. Medan Barat, Kota Medan",3.603231,98.61313,0,5.0,0,5.0,0,5.0,0,5.0,0,5.0,0,5.0,0,5.0,0,5.0,0,4.9086,0,0,3500000,0
aset-1450,1,0,0,1,1334,15,"Jl. Katamso No. 1, Kel. Aur Kec. Medan Perjuangan, Kota Medan",3.567407,98.664802,2,1.0143,2,2.815,5,0.3578,2,1.3961,2,2.113,1,1.2686,1,2.8537,0,3.1662,6,2.2856,21,0,44100000,2
aset-1451,1,2,1,1,2652,21,"Jl. Ahmad Yani No. 18, Kel. Sunggal Kec. Medan Perjuangan, Kota Medan",3.512512,98.679718,0,5.0,0,5.0,0,5.0,0,5.0,0,5.0,0,5.0,0,5.0,0,5.0,0,5.0,0,1,100000,0
aset-1452,4,2,0,0,697,22,"Jl. HM Yamin No. 20, Kel. Aur Kec. Medan Selayang, Kota Medan",3.532941,98.687643,0,4.7842,0,5.0,0,4.3698,0,3.6088,0,5.0,0,3.5902,0,5.0,0,5.0,0,4.7063,0,1,200000,0
aset-1453,6,2,0,2,733,25,"Jl. Balai Kota No. 1, Kel. Petisah Tengah Kec. Medan Polonia, Kota Medan",3.577742,98.658592,2,1.6512,4,2.2567,6,1.5865,2,2.1851,2,1.4397,2,2.0465,1,2.4559,1,2.5659,7,1.3138,27,2,57800000,2
aset-1454,1,2,0,2,439,28,"Jl. Gatot Subroto No. 14, Kel. Sunggal Kec. Medan Polonia, Kota Medan",3.588657,98.695747,3,1.131,7,0.7448,6,0.7714,2,0.8005,7,0.699,0,3.4843,1,2.0858,1,2.3779,5,1.5367,32,2,21700000,2
aset-1455,4,2,2,1,597,14,"Jl. Setiabudi No. 30, Kel. Bantan Kec. Medan Labuhan, Kota Medan",3.594086,98.689867,3,0.2421,7,0.8271,6,0.2411,2,1.3881,8,0.8659,1,2.7616,1,1.4985,1,1.65,6,1.1761,35,2,64700000,2
aset-1456,3,0,0,2,5041,19,"Lingkungan Thamrin No. 40, Kel. Pulo Brayan Kec. Medan Marelan, Kota Medan",3.563048,98.666982,1,1.1301,0,3.2043,3,0.4538,1,0.9765,2,2.5037,1,0.8139,0,3.1965,0,3.5549,3,2.3067,11,5,13500000,1
aset-1457,6,0,0,0,1125,15,"Gang Yos Sudarso No. 50, Kel. Pandan Selamat Kec. Medan Barat, Kota Medan",3.59371,98.676258,3,0.4612,7,0.1923,6,0.6057,2,0.5889,8,0.5846,1,1.2576,1,0.4207,1,0.1433,7,0.2732,36,2,1081500000,2
aset-1458,3,2,0,1,1721,13,"Jl. Pemuda No. 34, Kel. Suka Maju Kec. Medan Johor, Kota Medan",3.615332,98.652089,0,3.1616,0,3.324,2,2.4107,0,3.2513,0,3.2598,1,2.6766,0,3.9468,0,3.4773,2,2.9458,5,1,800000,1
aset-1459,1,0,1,0,527,18,"Jl. Imam Bonjol No. 24, Kel. Polonia Kec. Medan Tembung, Kota Medan",3.613131,98.622262,0,5.0,0,5.0,0,5.0,0,5.0,0,5.0,0,5.0,0,5.0,0,5.0,0,4.5165,0,4,700000,0
aset-1460,4,0,1,0,938,10,"Blok Pemuda No. 10, Kel. Titi Kuning Kec. Medan Helvetia, Kota Medan",3.58445,98.653688,2,2.41,3,2.2436,5,2.3707,1,2.1436,2,1.3535,1,1.7182,1,2.6597,1,2.5926,4,0.5265,20,2,39800000,2
aset-1461,5,0,0,2,854,27,"Komplek Ahmad Yani No. 20, Kel. Aur Kec. Medan Denai, Kota Medan",3.595731,98.669944,3,1.0955,6,0.3799,6,0.5569,2,0.3255,7,0.928,1,0.5546,1,1.0096,1,0.5932,7,0.2891,34,2,475200000,2
aset-1462,4,0,0,1,855,18,"Jl. Veteran No. 30, Kel. Pandan Selamat Kec. Medan Sunggal, Kota Medan",3.596161,98.692402,3,0.4595,7,1.0975,6,0.19,2,1.576,7,1.2241,0,3.0437,1,1.8415,1,1.9461,6,1.5396,33,2,80400000,2
aset-1463,3,2,1,1,3720,10,"Jl. Diponegoro No. 1, Kel. Pandan Selamat Kec. Medan Helvetia, Kota Medan",3.587859,98.663227,4,1.6441,5,1.129,6,1.4138,1,1.0348,4,0.2341,1,0.8181,1,1.5469,1,1.4742,7,0.8642,30,2,60500000,2
aset-1464,4,0,0,1,1699,8,"Jl. Setiabudi No. 7, Kel. Suka Maju Kec. Medan Baru, Kota Medan",3.575555,98.666224,2,1.7443,5,1.9221,6,0.9715,2,2.0109,4,1.2304,2,2.1665,1,2.0026,1,2.2705,7,1.7585,30,2,362700000,2
aset-1465,1,2,1,0,4512,19,"Jl. Sutomo No. 8, Kel. Sunggal Kec. Medan Barat, Kota Medan",3.609088,98.642311,0,4.086,0,3.7491,0,3.4366,0,3.6519,0,3.3659,1,2.9655,0,4.396,0,3.9969,1,2.6405,2,1,900000,1
aset-1466,2,0,2,1,682,7,"Jl. Jamin Ginting No. 1, Kel. Pusat Pasar Kec. Medan Polonia, Kota Medan",3.579561,98.701342,2,2.2969,3,0.7543,5,1.9581,1,0.9647,3,1.0017,0,4.3833,1,2.9402,0,3.3352,5,1.9346,20,2,172200000,1
aset-1467,3,2,1,1,675,8,"Jl. KH Wahid Hasyim No. 3, Kel. Merdeka Kec. Medan Maimun, Kota Medan",3.571044,98.692479,2,2.6483,4,1.2499,6,1.7322,1,1.2196,3,1.3307,0,3.4783,1,2.7191,0,3.206,5,1.0535,22,2,7300000,2
aset-1468,6,0,2,1,987,15,"Jl. Veteran No. 24, Kel. Sei Sikambing Kec. Medan Sunggal, Kota Medan",3.555786,98.663245,1,1.0748,0,4.0935,1,1.354,1,0.1107,0,3.3907,1,0.1962,0,4.0993,0,4.445,0,3.1412,4,3,4000000,1
aset-1469,4,2,0,1,1559,10,"Jl. Imam Bonjol No. 28, Kel. Sei Sikambing Kec. Medan Labuhan, Kota Medan",3.567289,98.660342,1,0.618,0,3.0412,3,0.8505,1,1.4271,2,2.3564,1,1.3576,0,3.1297,0,3.3865,4,2.4859,12,1,3100000,1
aset-1470,6,0,0,0,388,24,"Jl. Diponegoro No. 34, Kel. Merdeka Kec. Medan Barat, Kota Medan",3.574238,98.700177,1,2.7165,3,1.0368,5,2.2802,1,1.1744,2,1.2584,0,4.3992,0,3.1125,0,3.5546,3,1.7893,15,5,14100000,1
aset-1471,1,2,0,1,619,18,"Jl. Thamrin No. 3, Kel. Sikambing Kec. Medan Labuhan, Kota Medan",3.628086,98.6703,2,1.2646,0,3.2323,1,0.2446,0,3.9022,2,2.3355,0,3.7257,0,4.2998,0,3.8259,0,3.7988,5,1,600000,1
aset-1472,4,0,0,1,888,25,"Jl. Sutomo No. 8, Kel. Pandan Selamat Kec. Medan Timur, Kota Medan",3.56978,98.682846,3,2.3036,6,1.9146,6,1.3302,3,1.7653,5,1.8523,1,2.504,1,2.3401,1,2.8304,5,0.603,31,2,176600000,2
aset-1473,5,2,2,1,1507,15,"Gang Sutomo No. 3, Kel. Suka Maju Kec. Medan Petisah, Kota Medan",3.508003,98.670915,0,5.0,0,5.0,0,5.0,0,5.0,0,5.0,0,5.0,0,5.0,0,5.0,0,5.0,0,4,500000,0
aset-1474,3,0,0,2,1907,12,"Blok Sudirman No. 30, Kel. Sunggal Kec. Medan Baru, Kota Medan",3.606571,98.658823,2,2.24,3,2.1013,3,1.62,1,2.0256,5,2.0706,1,1.4578,1,2.7321,1,2.2752,4,1.7295,21,2,53400000,2
aset-1475,6,0,2,1,461,9,"Jl. Diponegoro No. 28, Kel. Pasar Merah Kec. Medan Marelan, Kota Medan",3.588661,98.647098,0,3.0498,2,2.8053,0,3.0515,1,2.6961,2,1.9871,1,2.108,0,3.3218,0,3.1529,2,0.8778,8,2,5800000,1
aset-1476,6,0,1,1,728,18,"Lingkungan Imam Bonjol No. 30, Kel. Sikambing Kec. Medan Timur, Kota Medan",3.613107,98.674743,4,0.9207,6,1.7254,5,1.4562,1,2.274,5,0.7755,1,2.2854,1,2.5815,1,2.1248,3,2.2525,27,2,116800000,2
aset-1477,6,2,2,0,919,12,"Lingkungan Imam Bonjol No. 15, Kel. Suka Maju Kec. Medan Baru, Kota Medan",3.591178,98.700152,3,1.4042,6,1.1698,5,0.9772,1,1.2929,6,1.207,0,3.9241,1,2.5727,1,2.8089,5,2.0673,28,2,24200000,2
aset-1478,1,0,0,1,1018,23,"Jl. Sisingamangaraja No. 30, Kel. Pasar Merah Kec. Medan Johor, Kota Medan",3.590509,98.6958,3,1.0066,7,0.9503,6,0.6122,2,0.9959,7,0.8909,0,3.4544,1,2.0872,1,2.3408,5,1.5804,32,2,82000000,2
aset-1479,6,0,1,1,3133,15,"Jl. Putri Hijau No. 30, Kel. Aur Kec. Medan Johor, Kota Medan",3.558289,98.690799,0,3.7953,1,2.6775,2,2.7093,1,2.6479,1,2.7586,1,2.8745,0,3.8443,0,4.3408,2,2.02,8,5,9400000,1
aset-1480,3,0,1,2,5987,25,"Jl. Teuku Daud No. 5, Kel. Aur Kec. Medan Kota, Kota Medan",3.587945,98.655994,2,2.4408,4,1.8631,6,2.1797,1,1.7576,3,1.0063,1,1.2706,1,2.3424,1,2.2141,5,0.161,24,2,336100000,2
aset-1481,2,0,0,1,284,26,"Jl. Pemuda No. 28, Kel. Polonia Kec. Medan Petisah, Kota Medan",3.642513,98.68746,1,1.3713,0,4.1717,1,2.59,0,5.0,0,3.6857,0,5.0,0,5.0,0,5.0,0,5.0,2,2,3000000,1
aset-1482,3,0,0,1,6382,6,"Jl. Veteran No. 15, Kel. Polonia Kec. Medan Kota, Kota Medan",3.593479,98.670757,3,0.887,7,0.1479,7,0.7709,2,0.0597,7,0.8101,1,0.6609,1,0.7935,1,0.4744,7,0.3114,36,2,404000000,2
aset-1483,1,2,1,0,590,21,"Jl. Ahmad Yani No. 3, Kel. Sunggal Kec. Medan Area, Kota Medan",3.592455,98.673732,3,0.5428,7,0.1645,7,0.6996,2,0.3092,7,0.8509,1,1.0095,1,0.4539,1,0.2221,7,0.4967,36,2,58900000,2
aset-1484,5,0,2,1,808,7,"Jl. Ahmad Yani No. 15, Kel. Pandan Selamat Kec. Medan Sunggal, Kota Medan",3.609939,98.644558,0,3.8472,0,3.5808,0,3.2285,0,3.4869,0,3.2508,1,2.8117,0,4.2282,0,3.815,1,2.6008,2,3,1600000,0
aset-1485,4,2,1,1,457,6,"Jl. Thamrin No. 36, Kel. Suka Maju Kec. Medan Baru, Kota Medan",3.583189,98.712327,0,3.0025,1,1.9275,1,2.5828,1,2.149,1,2.145,0,5.0,0,3.993,0,4.3134,0,3.2115,4,2,800000,0
aset-1486,3,2,1,1,1440,23,"Jl. Putri Hijau No. 30, Kel. Gaharu Kec. Medan Polonia, Kota Medan",3.560225,98.693311,0,3.7165,1,2.4285,2,2.7414,1,2.4215,1,2.5326,0,3.1769,0,3.7733,0,4.2701,2,1.9561,7,2,2200000,1
aset-1487,1,0,0,0,837,14,"Jl. Gatot Subroto No. 30, Kel. Suka Maju Kec. Medan Labuhan, Kota Medan",3.503748,98.633106,0,5.0,0,5.0,0,5.0,0,5.0,0,5.0,0,5.0,0,5.0,0,5.0,0,5.0,0,2,700000,0
aset-1488,1,0,1,1,5687,16,"Jl. Cut Mutia No. 42, Kel. Aur Kec. Medan Deli, Kota Medan",3.562335,98.687531,0,3.2461,2,2.3385,4,2.2288,2,2.2693,2,2.3767,1,2.5978,0,3.2908,0,3.7857,3,1.4755,14,5,23000000,1
aset-1489,3,2,0,1,1075,8,"Jl. Marelan Raya No. 5, Kel. Jati Kec. Medan Tembung, Kota Medan",3.584826,98.61444,0,5.0,0,5.0,0,5.0,0,5.0,0,5.0,0,5.0,0,5.0,0,5.0,0,4.5251,0,1,700000,0
aset-1490,3,2,2,1,661,19,"Jl. Marelan Raya No. 34, Kel. Merdeka Kec. Medan Area, Kota Medan",3.593629,98.665809,3,1.4044,6,0.6906,7,1.0111,1,0.5803,6,0.5225,1,0.1769,1,1.3058,1,1.0208,7,0.2466,33,2,127300000,2
aset-1491,2,0,1,2,2828,12,"Jl. Ahmad Yani No. 40, Kel. Bantan Kec. Medan Tembung, Kota Medan",3.60886,98.633384,0,5.0,0,4.6342,0,4.3899,0,4.5317,0,4.1458,0,3.8322,0,5.0,0,4.9051,0,3.2606,0,0,8800000,0
aset-1492,5,2,0,2,235,13,"Jl. Diponegoro No. 3, Kel. Padang Bulan Kec. Medan Perjuangan, Kota Medan",3.535814,98.643204,0,3.3786,0,5.0,0,4.427,0,3.111,0,5.0,0,3.2999,0,5.0,0,5.0,0,5.0,0,1,100000,0
aset-1493,3,2,2,1,1685,11,"Jl. KH Wahid Hasyim No. 34, Kel. Pasar Merah Kec. Medan Labuhan, Kota Medan",3.598586,98.710989,1,2.5397,2,2.5592,1,2.1557,1,2.7178,2,1.9654,0,5.0,0,3.8909,0,4.0263,0,3.4654,7,4,500000,1
aset-1494,2,2,0,1,271,21,"Gang Setiabudi No. 42, Kel. Bantan Kec. Medan Selayang, Kota Medan",3.584685,98.692428,3,1.2973,7,0.413,6,1.0924,2,0.3052,6,0.1978,0,3.2528,1,1.8113,1,2.194,6,1.1855,32,2,11800000,2
aset-1495,4,2,0,1,2115,12,"Komplek Sudirman No. 3, Kel. Pandan Selamat Kec. Medan Kota, Kota Medan",3.600664,98.703752,2,1.8049,4,1.8133,1,1.4733,1,2.3939,6,1.1855,0,4.3464,0,3.1969,0,3.2757,2,2.8523,16,2,14400000,1
aset-1496,2,2,0,1,1094,15,"Jl. Thamrin No. 42, Kel. Bantan Kec. Medan Baru, Kota Medan",3.615845,98.658337,1,2.5409,1,2.9583,2,1.8027,1,2.903,1,2.5976,1,2.4329,0,3.5423,0,3.0528,1,2.6552,8,1,800000,1
aset-1497,5,2,2,1,1396,15,"Blok Pemuda No. 16, Kel. Pandan Selamat Kec. Medan Maimun, Kota Medan",3.592646,98.708623,1,2.2792,4,1.9201,1,1.8563,1,2.0994,3,2.0387,0,4.8482,0,3.5217,0,3.7344,0,3.0205,10,2,5800000,1
aset-1498,3,0,0,0,1130,18,"Jl. Yos Sudarso No. 32, Kel. Polonia Kec. Medan Tembung, Kota Medan",3.616936,98.686895,3,1.4987,1,1.3328,3,2.0316,0,3.193,4,1.0113,0,3.4428,0,3.19,1,2.8717,1,2.9148,13,2,15300000,1
aset-1499,3,0,1,1,7827,25,"Jl. Setiabudi No. 20, Kel. Polonia Kec. Medan Labuhan, Kota Medan",3.624981,98.710606,0,3.3768,0,3.3511,0,3.9688,0,5.0,1,2.4885,0,5.0,0,5.0,0,5.0,0,5.0,1,2,7100000,0
aset-1500,2,2,2,1,5337,26,"Jl. Sisingamangaraja No. 14, Kel. Polonia Kec. Medan Polonia, Kota Medan",3.584452,98.707816,1,2.4955,3,1.4481,2,2.0806,1,1.6667,3,1.6521,0,4.8942,0,3.475,0,3.7934,3,2.7695,13,2,24000000,1
aset-1501,4,0,0,2,1229,22,"Lorong Sudirman No. 48, Kel. Pusat Pasar Kec. Medan Maimun, Kota Medan",3.606657,98.637535,0,4.6022,0,4.1153,0,3.8896,0,4.0123,0,3.6256,0,3.3121,0,4.7552,0,4.3895,1,2.7589,1,0,1200000,0
aset-1502,4,0,0,1,342,14,"Gang Sisingamangaraja No. 30, Kel. Pulo Brayan Kec. Medan Labuhan, Kota Medan",3.603103,98.65047,0,3.1825,2,2.6403,1,2.4096,1,2.5403,1,2.2493,1,1.8472,0,3.285,1,2.9043,2,1.6468,9,2,6400000,1
aset-1503,6,0,0,1,955,17,"Jl. Thamrin No. 30, Kel. Suka Maju Kec. Medan Selayang, Kota Medan",3.596831,98.670141,3,1.1557,6,0.4734,6,0.4374,1,0.4366,7,1.041,1,0.6057,1,1.0754,1,0.6244,7,0.3944,33,2,135100000,2
aset-1504,4,2,0,1,1394,10,"Jl. Diponegoro No. 36, Kel. Pasar Merah Kec. Medan Maimun, Kota Medan",3.535843,98.619599,0,5.0,0,5.0,0,5.0,0,5.0,0,5.0,0,5.0,0,5.0,0,5.0,0,5.0,0,1,100000,0
aset-1505,5,0,0,0,752,14,"Jl. Marelan Raya No. 48, Kel. Aur Kec. Medan Marelan, Kota Medan",3.597634,98.701484,3,1.4805,5,1.7059,4,1.1087,1,1.977,6,1.3035,0,4.0594,1,2.8466,1,2.9667,2,2.4644,23,2,37400000,2
aset-1506,3,0,2,1,1802,9,"Jl. Setiabudi No. 14, Kel. Padang Bulan Kec. Medan Deli, Kota Medan",3.597568,98.68062,3,0.88,7,0.8039,6,0.9695,2,1.1822,8,0.1794,1,1.7568,1,0.9325,1,0.7392,7,0.6545,36,2,367400000,2
aset-1507,3,2,0,1,3350,17,"Jl. Putri Hijau No. 40, Kel. Pasar Merah Kec. Medan Tembung, Kota Medan",3.580428,98.698017,2,2.0022,6,0.3777,5,1.7012,1,0.5836,4,0.6259,0,4.0064,1,2.5638,1,2.9669,5,1.5975,25,2,10600000,2
aset-1508,1,2,1,1,1354,26,"Jl. Ahmad Yani No. 32, Kel. Sikambing Kec. Medan Petisah, Kota Medan",3.58255,98.637485,0,3.053,0,4.0027,0,3.8024,0,3.8966,0,3.1366,0,3.3526,0,4.4628,0,4.3536,1,2.0718,1,1,400000,1
aset-1509,1,0,0,1,2817,21,"Jl. Imam Bonjol No. 25, Kel. Sunggal Kec. Medan Johor, Kota Medan",3.578182,98.628218,0,3.5932,0,5.0,0,4.5867,0,4.7125,0,4.2555,0,4.4899,0,5.0,0,5.0,0,3.2064,0,5,4600000,0
aset-1510,2,0,0,1,3128,9,"Jl. Gatot Subroto No. 34, Kel. Petisah Tengah Kec. Medan Maimun, Kota Medan",3.548951,98.712038,0,5.0,0,4.1328,0,5.0,0,4.239,0,4.3357,0,5.0,0,5.0,0,5.0,0,4.2668,0,5,4900000,0
aset-1511,4,2,0,1,1069,11,"Gang Diponegoro No. 28, Kel. Merdeka Kec. Medan Barat, Kota Medan",3.533553,98.703577,0,5.0,0,5.0,0,5.0,0,5.0,0,5.0,0,4.9558,0,5.0,0,5.0,0,5.0,0,1,100000,0
aset-1512,2,0,0,0,964,17,"Jl. Thamrin No. 7, Kel. Pusat Pasar Kec. Medan Perjuangan, Kota Medan",3.61976,98.67699,3,1.4319,1,2.0462,2,0.9608,0,3.049,4,1.173,0,3.0579,0,3.3092,1,2.8729,0,3.0332,11,2,16300000,1
aset-1513,1,2,1,1,479,25,"Lorong Marelan Raya No. 50, Kel. Gaharu Kec. Medan Johor, Kota Medan",3.569924,98.67051,2,1.7052,5,2.3753,5,0.4282,3,1.8336,4,1.6845,2,1.6647,1,2.3456,1,2.7231,7,1.5936,30,2,9900000,2
aset-1514,6,2,1,1,1464,6,"Jl. Diponegoro No. 34, Kel. Padang Bulan Kec. Medan Barat, Kota Medan",3.53216,98.715379,0,5.0,0,5.0,0,5.0,0,5.0,0,5.0,0,5.0,0,5.0,0,5.0,0,5.0,0,5,500000,0
aset-1515,2,2,0,0,335,21,"Jl. Sutomo No. 42, Kel. Jati Kec. Medan Barat, Kota Medan",3.586514,98.703387,2,1.9555,4,1.0575,4,1.5445,1,1.2573,4,1.2172,0,4.3633,1,2.9539,0,3.2584,4,2.3741,20,2,7300000,1
aset-1516,2,0,1,2,3118,14,"Lorong Setiabudi No. 45, Kel. Merdeka Kec. Medan Kota, Kota Medan",3.619379,98.684414,3,1.4536,1,1.6477,3,1.6606,0,3.2893,4,1.1096,0,3.4627,0,3.3688,0,3.0092,0,3.0999,11,2,24900000,1
aset-1517,3,2,0,1,1114,17,"Blok Yos Sudarso No. 4, Kel. Merdeka Kec. Medan Johor, Kota Medan",3.56699,98.685962,1,2.7,5,1.9472,5,1.7153,2,1.8427,3,1.944,1,2.6278,1,2.7451,0,3.2404,5,0.9303,23,2,15400000,2
aset-1518,4,0,0,2,2523,12,"Jl. Balai Kota No. 40, Kel. Titi Kuning Kec. Medan Selayang, Kota Medan",3.590241,98.713154,1,2.8219,1,2.2133,1,2.3949,1,2.4171,2,2.3772,0,5.0,0,4.0124,0,4.2548,0,3.4761,6,2,8600000,1
aset-1519,3,0,2,2,585,11,"Jl. Cut Mutia No. 2, Kel. Kesawan Kec. Medan Area, Kota Medan",3.53905,98.672262,0,3.1681,0,5.0,0,3.1437,1,2.0023,0,5.0,1,2.0498,0,5.0,0,5.0,0,4.2115,2,3,1100000,1
aset-1520,2,0,2,0,1639,24,"Lorong Teuku Cik Ditiro No. 16, Kel. Padang Bulan Kec. Medan Petisah, Kota Medan",3.571003,98.659014,2,0.9232,2,2.7767,5,1.092,2,1.8645,2,2.1086,2,1.7956,1,2.9063,0,3.1123,5,2.0502,21,2,13100000,2
aset-1521,4,0,1,0,79,21,"Jl. Sutomo No. 4, Kel. Jati Kec. Medan Timur, Kota Medan",3.583554,98.705917,1,2.3699,3,1.2238,2,1.9664,1,1.4439,3,1.4348,0,4.7158,0,3.2882,0,3.6223,3,2.538,13,2,1700000,1
aset-1522,6,0,0,1,5784,14,"Jl. Diponegoro No. 34, Kel. Sei Sikambing Kec. Medan Helvetia, Kota Medan",3.607582,98.641632,0,4.1506,0,3.7398,0,3.466,0,3.6402,0,3.3157,1,2.9466,0,4.3849,0,3.9991,1,2.5436,2,0,5600000,0
aset-1523,5,2,0,1,1470,6,"Jl. Iskandar Muda No. 34, Kel. Kesawan Kec. Medan Marelan, Kota Medan",3.578405,98.660351,2,1.7577,5,2.0629,6,1.5261,2,2.0076,3,1.2861,2,1.916,1,2.253,1,2.3769,7,1.3193,29,2,139500000,2
aset-1524,3,2,1,0,686,24,"Jl. Putri Hijau No. 3, Kel. Gaharu Kec. Medan Helvetia, Kota Medan",3.583999,98.700974,2,1.9085,5,0.6993,5,1.5347,1,0.9125,4,0.8919,0,4.1755,1,2.743,0,3.0896,5,2.0444,23,2,30700000,2
aset-1525,3,2,2,1,636,6,"Jl. Diponegoro No. 30, Kel. Suka Maju Kec. Medan Denai, Kota Medan",3.626756,98.718288,0,4.1788,0,4.1412,0,4.6233,0,5.0,0,3.2353,0,5.0,0,5.0,0,5.0,0,5.0,0,4,200000,0
aset-1526,5,0,1,0,7672,6,"Jl. Pemuda No. 10, Kel. Suka Maju Kec. Medan Denai, Kota Medan",3.514942,98.663492,0,5.0,0,5.0,0,5.0,0,4.4432,0,5.0,0,4.5685,0,5.0,0,5.0,0,5.0,0,5,5700000,1
aset-1527,2,0,1,1,553,12,"Jl. Diponegoro No. 1, Kel. Sunggal Kec. Medan Deli, Kota Medan",3.637501,98.688514,1,1.0342,0,3.6144,1,2.3266,0,5.0,0,3.1696,0,5.0,0,5.0,0,5.0,0,5.0,2,0,1300000,0
aset-1528,4,0,0,1,1400,7,"Komplek Thamrin No. 16, Kel. Merdeka Kec. Medan Timur, Kota Medan",3.536012,98.677885,0,3.8054,0,5.0,0,3.6161,1,2.6247,0,5.0,1,2.6428,0,5.0,0,5.0,0,4.3973,2,0,9800000,0
aset-1529,5,2,0,0,747,23,"Lorong Diponegoro No. 10, Kel. Pasar Merah Kec. Medan Johor, Kota Medan",3.59162,98.679972,3,0.2991,7,0.4428,6,0.3107,2,1.0074,8,0.5002,1,1.7035,1,0.3758,1,0.6119,7,0.2069,36,2,146000000,2
aset-1530,4,2,1,1,635,21,"Jl. Katamso No. 40, Kel. Sunggal Kec. Medan Tembung, Kota Medan",3.528613,98.675565,0,4.354,0,5.0,0,4.3502,0,3.2059,0,5.0,0,3.2632,0,5.0,0,5.0,0,5.0,0,1,200000,1
aset-1531,3,2,0,0,1482,7,"Komplek Pemuda No. 15, Kel. Sei Sikambing Kec. Medan Johor, Kota Medan",3.596464,98.617564,0,5.0,0,5.0,0,5.0,0,5.0,0,5.0,0,5.0,0,5.0,0,5.0,0,4.2366,0,4,300000,0
aset-1532,1,0,0,1,15121,24,"Blok Pemuda No. 22, Kel. Pasar Merah Kec. Medan Deli, Kota Medan",3.570286,98.67558,2,2.1961,6,2.1349,5,0.9172,3,2.16,5,1.6836,2,1.9754,1,2.1977,1,2.6376,6,1.0672,31,2,997200000,2
aset-1533,6,0,0,1,519,20,"Jl. Gatot Subroto No. 34, Kel. Suka Maju Kec. Medan Petisah, Kota Medan",3.586208,98.643652,1,2.9646,0,3.2354,0,3.4443,0,3.1276,1,2.3894,1,2.5629,0,3.7248,0,3.5852,2,1.2971,5,2,3100000,1
aset-1534,6,0,0,1,1244,25,"Jl. Sisingamangaraja No. 18, Kel. Pandan Selamat Kec. Medan Baru, Kota Medan",3.578724,98.648395,1,1.9817,0,3.063,2,2.5364,1,2.9687,2,2.1683,1,2.5829,0,3.4131,0,3.4063,2,1.3575,9,2,12200000,1
aset-1535,4,2,2,1,801,7,"Lorong Teuku Daud No. 28, Kel. Sikambing Kec. Medan Polonia, Kota Medan",3.595779,98.666872,3,1.3875,6,0.6476,6,0.7593,1,0.5526,6,0.7819,1,0.2251,1,1.2947,1,0.9235,7,0.2341,32,2,65100000,2
aset-1536,4,0,1,2,489,19,"Jl. HM Yamin No. 12, Kel. Pulo Brayan Kec. Medan Timur, Kota Medan",3.596408,98.718458,0,3.3481,0,3.0568,1,2.9439,0,3.2479,1,2.8059,0,5.0,0,4.6557,0,4.8303,0,4.1791,2,0,600000,0
aset-1537,2,2,0,0,6501,14,"Jl. Jamin Ginting No. 16, Kel. Aur Kec. Medan Timur, Kota Medan",3.519418,98.684646,0,5.0,0,5.0,0,5.0,0,4.5793,0,5.0,0,4.6152,0,5.0,0,5.0,0,5.0,0,1,800000,0
aset-1538,3,0,1,0,807,16,"Jl. Iskandar Muda No. 2, Kel. Jati Kec. Medan Sunggal, Kota Medan",3.57766,98.652008,1,1.7147,2,2.7986,2,2.1342,2,2.7114,2,1.9154,2,2.4076,0,3.0944,0,3.1324,3,1.304,14,2,10100000,1
aset-1539,5,0,0,1,3467,9,"Jl. Imam Bonjol No. 15, Kel. Pasar Merah Kec. Medan Kota, Kota Medan",3.614009,98.681266,4,0.9253,6,1.2498,5,1.7538,1,2.5991,5,0.4467,1,2.7796,1,2.7113,1,2.331,3,2.4488,27,2,310500000,2
aset-1540,3,2,0,1,1409,10,"Jl. Katamso No. 32, Kel. Merdeka Kec. Medan Helvetia, Kota Medan",3.597562,98.686189,3,0.3201,7,0.8511,6,0.7292,2,1.7603,8,0.6015,1,2.3687,1,1.3217,1,1.3034,6,1.0684,35,2,312100000,2
aset-1541,1,2,0,1,1507,16,"Jl. Veteran No. 25, Kel. Titi Kuning Kec. Medan Tembung, Kota Medan",3.60762,98.627977,0,5.0,0,5.0,0,4.9528,0,5.0,0,4.6009,0,4.3417,0,5.0,0,5.0,0,3.6442,0,1,1100000,0
aset-1542,5,2,0,1,1240,11,"Jl. Jamin Ginting No. 34, Kel. Jati Kec. Medan Selayang, Kota Medan",3.608526,98.628579,0,5.0,0,5.0,0,4.9047,0,5.0,0,4.5881,0,4.3126,0,5.0,0,5.0,0,3.6484,0,1,600000,1
aset-1543,1,0,0,1,2052,21,"Jl. Teuku Cik Ditiro No. 3, Kel. Sei Sikambing Kec. Medan Kota, Kota Medan",3.578231,98.623608,0,4.0543,0,5.0,0,5.0,0,5.0,0,4.747,0,4.9575,0,5.0,0,5.0,0,3.6838,0,3,2200000,0
aset-1544,6,2,1,0,1864,17,"Jl. Iskandar Muda No. 3, Kel. Aur Kec. Medan Helvetia, Kota Medan",3.606923,98.64848,0,3.3885,0,3.0347,1,2.712,1,2.9398,1,2.7079,1,2.2624,0,3.6822,0,3.2751,2,2.1203,6,1,700000,1
aset-1545,4,0,0,1,3520,18,"Jl. Iskandar Muda No. 16, Kel. Pandan Selamat Kec. Medan Marelan, Kota Medan",3.550826,98.714096,0,5.0,0,4.0629,0,5.0,0,4.183,0,4.2756,0,5.0,0,5.0,0,5.0,0,4.303,0,0,5900000,0
aset-1546,5,0,2,1,612,17,"Jl. Gatot Subroto No. 32, Kel. Bantan Kec. Medan Baru, Kota Medan",3.566496,98.601812,0,5.0,0,5.0,0,5.0,0,5.0,0,5.0,0,5.0,0,5.0,0,5.0,0,5.0,0,3,700000,0
aset-1547,3,2,0,1,523,8,"Jl. Imam Bonjol No. 4, Kel. Petisah Tengah Kec. Medan Maimun, Kota Medan",3.583445,98.712372,1,2.9939,1,1.9345,1,2.5734,1,2.1558,1,2.1504,0,5.0,0,3.9926,0,4.3103,0,3.2231,5,1,300000,1
aset-1548,5,0,2,2,2355,10,"Jl. Teuku Cik Ditiro No. 15, Kel. Gaharu Kec. Medan Timur, Kota Medan",3.572406,98.673403,2,2.0083,6,2.035,5,0.849,3,2.2245,5,1.4091,2,2.0488,1,1.9967,1,2.4077,7,1.2029,32,2,440200000,2
aset-1549,4,2,1,1,1652,21,"Jl. Sudirman No. 15, Kel. Kesawan Kec. Medan Polonia, Kota Medan",3.583376,98.657127,2,2.266,4,1.9672,6,1.984,1,1.875,3,1.0745,1,1.5602,1,2.3252,1,2.3087,5,0.6684,24,2,51400000,2
aset-1550,5,2,1,0,2235,20,"Jl. Katamso No. 45, Kel. Gaharu Kec. Medan Barat, Kota Medan",3.537285,98.679476,0,3.8091,0,5.0,0,3.5411,1,2.6271,0,5.0,1,2.629,0,5.0,0,5.0,0,4.2334,2,5,4900000,1
aset-1551,3,0,1,1,2262,11,"Jl. Setiabudi No. 42, Kel. Bantan Kec. Medan Deli, Kota Medan",3.604127,98.662662,3,1.8251,6,1.614,5,1.1203,1,1.5451,5,1.702,1,1.0476,1,2.236,1,1.7728,5,1.2724,28,2,240800000,2
aset-1552,3,0,0,1,7849,20,"Jl. Yos Sudarso No. 16, Kel. Pasar Merah Kec. Medan Timur, Kota Medan",3.552016,98.691297,0,4.0186,0,3.3593,0,3.0759,0,3.0795,0,3.4505,1,2.9519,0,4.5118,0,5.0,2,2.6949,3,5,5900000,1
aset-1553,6,2,0,0,1489,23,"Jl. Gatot Subroto No. 32, Kel. Petisah Tengah Kec. Medan Selayang, Kota Medan",3.555898,98.618674,0,4.3043,0,5.0,0,5.0,0,4.9982,0,5.0,0,5.0,0,5.0,0,5.0,0,5.0,0,1,100000,0
aset-1554,4,2,1,1,873,11,"Jl. Iskandar Muda No. 5, Kel. Gaharu Kec. Medan Barat, Kota Medan",3.632514,98.681508,2,0.0803,0,3.1431,1,1.3728,0,4.5459,2,2.5041,0,4.5559,0,4.7538,0,4.3431,0,4.4977,5,5,1300000,1
aset-1555,5,0,1,1,219,7,"Lorong Teuku Daud No. 6, Kel. Jati Kec. Medan Selayang, Kota Medan",3.588547,98.678322,3,0.1576,7,0.4624,7,0.0906,2,0.9515,8,0.7436,1,1.6433,1,0.2182,1,0.7096,7,0.2647,37,2,207600000,2
aset-1556,3,0,0,2,722,25,"Jl. Teuku Daud No. 12, Kel. Pulo Brayan Kec. Medan Marelan, Kota Medan",3.597388,98.687487,3,0.2183,7,0.8483,6,0.595,2,1.8172,8,0.7362,1,2.5096,1,1.4245,1,1.436,6,1.1811,35,2,99200000,2
aset-1557,6,0,1,1,1703,8,"Jl. Ahmad Yani No. 6, Kel. Sikambing Kec. Medan Timur, Kota Medan",3.57401,98.660365,2,1.2866,4,2.4205,5,1.1513,2,2.1569,2,1.7444,2,2.0676,1,2.5631,1,2.753,7,1.77,26,2,142500000,2
aset-1558,1,0,1,0,2261,28,"Jl. Ahmad Yani No. 12, Kel. Polonia Kec. Medan Deli, Kota Medan",3.556649,98.654456,1,0.7526,0,4.3925,1,1.8932,1,1.0442,0,3.7053,1,1.1724,0,4.4735,0,4.7379,0,3.5978,4,0,5700000,1
aset-1559,6,0,1,1,2331,15,"Jl. Balai Kota No. 2, Kel. Sikambing Kec. Medan Denai, Kota Medan",3.606815,98.678842,4,0.0923,6,1.0362,7,1.0494,1,1.7655,7,0.4276,1,2.0212,1,1.8808,1,1.4873,4,1.6266,32,2,246300000,2
aset-1560,2,2,1,1,421,24,"Lingkungan Teuku Daud No. 15, Kel. Titi Kuning Kec. Medan Tembung, Kota Medan",3.597425,98.699603,3,1.2706,6,1.5386,4,0.9042,1,1.8652,6,1.242,0,3.8495,1,2.6408,1,2.7567,4,2.2716,26,2,19700000,2
aset-1561,3,2,0,0,1871,13,"Jl. Iskandar Muda No. 7, Kel. Pulo Brayan Kec. Medan Timur, Kota Medan",3.5936,98.669156,3,1.054,6,0.3226,7,0.8091,2,0.2153,7,0.6888,1,0.4867,1,0.9582,1,0.6501,7,0.1357,35,2,81800000,2
aset-1562,2,0,0,1,2140,28,"Komplek Diponegoro No. 5, Kel. Polonia Kec. Medan Johor, Kota Medan",3.531576,98.696751,0,5.0,0,5.0,0,5.0,0,4.4924,0,5.0,0,4.4489,0,5.0,0,5.0,0,5.0,0,0,2900000,0
aset-1563,4,2,1,1,622,21,"Jl. Setiabudi No. 5, Kel. Pasar Merah Kec. Medan Johor, Kota Medan",3.555087,98.706169,0,4.922,0,3.2392,0,4.0613,0,3.3304,0,3.4307,0,4.5701,0,5.0,0,5.0,0,3.3257,0,4,100000,0
aset-1564,1,0,1,0,858,7,"Jl. Gatot Subroto No. 15, Kel. Padang Bulan Kec. Medan Timur, Kota Medan",3.542612,98.682829,0,3.6721,0,4.5833,0,3.1721,1,2.5246,0,4.6306,1,2.4761,0,5.0,0,5.0,0,3.6144,2,0,4900000,1
aset-1565,3,2,2,2,2743,9,"Jl. Balai Kota No. 16, Kel. Gaharu Kec. Medan Area, Kota Medan",3.539393,98.613862,0,5.0,0,5.0,0,5.0,0,5.0,0,5.0,0,5.0,0,5.0,0,5.0,0,5.0,0,4,200000,1
aset-1566,2,2,2,1,415,8,"Perumahan Gatot Subroto No. 1, Kel. Sikambing Kec. Medan Barat, Kota Medan",3.538582,98.626652,0,4.309,0,5.0,0,5.0,0,4.4943,0,5.0,0,4.6759,0,5.0,0,5.0,0,5.0,0,4,400000,0
aset-1567,3,0,0,1,2105,17,"Jl. Balai Kota No. 36, Kel. Sei Sikambing Kec. Medan Labuhan, Kota Medan",3.582366,98.659988,2,2.1572,5,1.782,6,1.6675,1,1.7005,4,0.9239,2,1.511,1,2.07,1,2.1093,7,0.9223,29,2,326900000,2
aset-1568,5,2,0,0,807,7,"Blok Iskandar Muda No. 7, Kel. Aur Kec. Medan Helvetia, Kota Medan",3.54136,98.696583,0,5.0,0,4.5224,0,4.2651,0,3.9478,0,4.6472,0,3.8647,0,5.0,0,5.0,0,4.0071,0,1,100000,0
aset-1569,2,0,1,0,7071,23,"Jl. Setiabudi No. 15, Kel. Petisah Tengah Kec. Medan Helvetia, Kota Medan",3.608255,98.679064,4,0.2509,6,1.0557,7,1.1819,1,1.9179,7,0.2895,1,2.1467,1,2.0428,1,1.648,4,1.7878,32,2,432100000,2
aset-1570,5,2,0,0,853,6,"Jl. Marelan Raya No. 4, Kel. Pasar Merah Kec. Medan Deli, Kota Medan",3.577033,98.681466,2,1.4845,6,1.2313,7,0.5105,2,1.3941,5,1.281,2,2.7075,1,1.5247,1,2.0185,6,0.3115,32,2,90900000,2
aset-1571,4,2,0,1,2320,6,"Jl. Jamin Ginting No. 30, Kel. Padang Bulan Kec. Medan Maimun, Kota Medan",3.592534,98.636193,0,4.0019,0,3.9741,0,4.0665,0,3.8632,0,3.221,0,3.2087,0,4.5374,0,4.3098,1,2.1239,1,1,200000,0
aset-1572,3,0,1,0,1687,18,"Jl. KH Wahid Hasyim No. 15, Kel. Merdeka Kec. Medan Johor, Kota Medan",3.599,98.688911,3,0.3841,7,0.6748,6,0.6065,2,1.944,8,0.9391,1,2.6905,1,1.6579,1,1.6408,6,1.4087,35,2,254600000,2
aset-1573,1,2,0,1,543,8,"Komplek Imam Bonjol No. 5, Kel. Titi Kuning Kec. Medan Denai, Kota Medan",3.57952,98.68784,2,1.5966,7,0.8411,7,0.7935,2,0.6356,5,0.6911,0,3.0639,1,1.6749,1,2.1501,6,0.5325,31,2,56600000,2
aset-1574,2,0,0,1,1512,6,"Jl. Balai Kota No. 48, Kel. Kesawan Kec. Medan Denai, Kota Medan",3.531633,98.68498,0,4.6847,0,5.0,0,4.3608,0,3.503,0,5.0,0,3.5012,0,5.0,0,5.0,0,4.8348,0,2,2500000,0
aset-1575,6,0,0,1,349,10,"Jl. Jamin Ginting No. 12, Kel. Petisah Tengah Kec. Medan Labuhan, Kota Medan",3.59393,98.702125,3,1.5454,5,1.5443,4,1.1254,1,1.6688,6,1.5819,0,4.1217,1,2.8223,0,3.0102,5,2.3625,25,2,31300000,2
aset-1576,5,2,2,1,1058,26,"Perumahan Ahmad Yani No. 45, Kel. Gaharu Kec. Medan Labuhan, Kota Medan",3.592389,98.705419,1,1.9331,4,1.6345,4,1.5076,1,1.7984,5,1.7291,0,4.495,0,3.1651,0,3.3806,2,2.6672,17,2,7300000,1
aset-1577,1,2,0,1,625,25,"Jl. Jamin Ginting No. 20, Kel. Bantan Kec. Medan Johor, Kota Medan",3.552416,98.631574,0,3.0369,0,5.0,0,4.3557,0,3.576,0,5.0,0,3.731,0,5.0,0,5.0,0,4.8277,0,4,100000,0
aset-1578,4,0,0,1,2867,22,"Jl. Gatot Subroto No. 2, Kel. Pulo Brayan Kec. Medan Kota, Kota Medan",3.568445,98.684524,1,2.4964,5,1.9035,5,1.5141,2,1.7766,3,1.8719,1,2.571,1,2.5381,0,3.0318,5,0.7432,23,2,213400000,2
aset-1579,2,0,2,1,834,20,"Jl. Iskandar Muda No. 40, Kel. Aur Kec. Medan Maimun, Kota Medan",3.584371,98.642544,1,2.8548,0,3.4069,0,3.4223,0,3.3006,1,2.5448,1,2.7582,0,3.8748,0,3.7577,1,1.4751,4,3,900000,1
aset-1580,2,2,1,1,1885,19,"Jl. Sutomo No. 22, Kel. Merdeka Kec. Medan Selayang, Kota Medan",3.616633,98.661386,2,2.2844,1,2.8798,2,1.491,1,2.8362,2,2.2982,1,2.4387,0,3.4311,1,2.9353,1,2.6215,11,2,6600000,1
aset-1581,5,0,0,1,3977,16,"Jl. Ahmad Yani No. 12, Kel. Polonia Kec. Medan Petisah, Kota Medan",3.575839,98.673172,3,1.6492,6,1.6883,7,0.8217,3,1.9234,5,1.0269,2,2.3156,1,1.6309,1,2.0296,7,1.1934,35,2,234200000,2
aset-1582,3,0,1,0,2545,12,"Komplek Cut Mutia No. 48, Kel. Merdeka Kec. Medan Baru, Kota Medan",3.598253,98.664938,3,1.7123,6,0.9775,5,0.8161,1,0.891,6,1.029,1,0.3618,1,1.623,1,1.2127,5,0.5824,29,2,144000000,2
aset-1583,4,0,1,1,2230,24,"Blok Cut Mutia No. 28, Kel. Kesawan Kec. Medan Kota, Kota Medan",3.59364,98.65362,1,2.7264,3,2.041,4,2.17,1,1.9301,2,1.3643,1,1.2719,1,2.626,1,2.373,4,0.5382,18,2,16900000,1
aset-1584,4,2,2,1,486,21,"Komplek KH Wahid Hasyim No. 10, Kel. Suka Maju Kec. Medan Polonia, Kota Medan",3.550738,98.651388,1,1.4899,0,5.0,1,2.5824,1,1.4427,0,4.4437,1,1.62,0,5.0,0,5.0,0,4.2734,4,4,200000,1
aset-1585,5,0,1,1,5158,8,"Jl. Ahmad Yani No. 12, Kel. Sikambing Kec. Medan Baru, Kota Medan",3.587335,98.69375,3,1.1002,7,0.6092,6,0.82,2,0.599,7,0.4892,0,3.3025,1,1.8824,1,2.2089,6,1.3045,33,2,1668200000,2
aset-1586,1,0,1,1,1481,27,"Jl. Pemuda No. 15, Kel. Aur Kec. Medan Johor, Kota Medan",3.563964,98.689935,0,3.1783,3,2.0828,4,2.1975,1,2.0342,2,2.1439,1,2.9056,0,3.2315,0,3.7286,3,1.4079,14,2,30800000,1
aset-1587,2,0,0,1,1698,7,"Jl. Setiabudi No. 30, Kel. Titi Kuning Kec. Medan Deli, Kota Medan",3.521599,98.689263,0,5.0,0,5.0,0,5.0,0,4.6648,0,5.0,0,4.678,0,5.0,0,5.0,0,5.0,0,0,9200000,0
aset-1588,2,2,0,0,247,25,"Jl. Diponegoro No. 1, Kel. Pulo Brayan Kec. Medan Barat, Kota Medan",3.576419,98.672439,3,1.6169,6,1.6305,7,0.785,3,1.8506,5,0.9554,2,2.2249,1,1.5927,1,1.9755,7,1.2804,35,2,55700000,2
aset-1589,1,0,1,1,1511,7,"Jl. Sudirman No. 6, Kel. Gaharu Kec. Medan Helvetia, Kota Medan",3.596715,98.7162,0,3.0987,1,2.8657,1,2.6969,0,3.0506,2,2.569,0,5.0,0,4.4139,0,4.5821,0,3.9461,4,2,4200000,1
aset-1590,3,0,0,1,916,20,"Jl. Sutomo No. 10, Kel. Aur Kec. Medan Labuhan, Kota Medan",3.579172,98.681544,3,1.2596,7,0.9948,7,0.2767,2,1.3096,5,1.0539,1,2.5434,1,1.3054,1,1.8017,6,0.4264,33,2,138000000,2
aset-1591,6,0,0,1,1115,13,"Jl. Katamso No. 2, Kel. Titi Kuning Kec. Medan Maimun, Kota Medan",3.584374,98.702169,2,1.9816,4,0.8382,4,1.5941,1,1.0512,4,1.0289,0,4.2907,1,2.8623,0,3.1994,5,2.1824,21,2,19500000,1
aset-1592,1,2,0,1,5736,7,"Jl. Imam Bonjol No. 45, Kel. Sunggal Kec. Medan Barat, Kota Medan",3.602783,98.698687,3,1.4023,5,1.2113,4,1.1827,1,2.3955,6,0.6523,0,3.8373,1,2.7951,1,2.8042,2,2.5513,23,2,44200000,2
aset-1593,2,0,0,1,895,19,"Lingkungan HM Yamin No. 1, Kel. Gaharu Kec. Medan Denai, Kota Medan",3.611543,98.644438,0,3.8847,0,3.6887,0,3.3043,0,3.5972,0,3.3897,1,2.9309,0,4.3354,0,3.9125,1,2.7671,2,2,5100000,1
aset-1594,1,2,0,1,1020,26,"Jl. Katamso No. 32, Kel. Gaharu Kec. Medan Maimun, Kota Medan",3.592529,98.671957,3,0.7214,7,0.0526,7,0.8641,2,0.1184,7,0.8372,1,0.8195,1,0.6263,1,0.3752,7,0.4686,36,2,79000000,2
aset-1595,5,0,2,1,2568,22,"Jl. Sutomo No. 15, Kel. Jati Kec. Medan Johor, Kota Medan",3.591508,98.688356,3,0.455,7,0.5326,6,0.5236,2,1.1762,8,0.5394,1,2.6209,1,1.2714,1,1.5079,6,0.8654,35,2,802400000,2
aset-1596,2,2,2,1,704,8,"Jl. Veteran No. 42, Kel. Jati Kec. Medan Deli, Kota Medan",3.596474,98.672,3,0.9814,6,0.3863,6,0.4254,2,0.4019,8,1.0002,1,0.7939,1,0.9089,1,0.4319,7,0.5222,35,2,81500000,2
aset-1597,3,0,0,1,1721,16,"Lingkungan Jamin Ginting No. 45, Kel. Merdeka Kec. Medan Perjuangan, Kota Medan",3.600344,98.712226,1,2.7071,2,2.7379,1,2.3368,1,2.9518,2,1.9918,0,5.0,0,4.075,0,4.191,0,3.6679,7,2,12100000,1
aset-1598,4,2,0,0,1294,20,"Jl. Diponegoro No. 50, Kel. Gaharu Kec. Medan Sunggal, Kota Medan",3.524312,98.668939,0,4.5079,0,5.0,0,4.7478,0,3.4506,0,5.0,0,3.5505,0,5.0,0,5.0,0,5.0,0,1,200000,0
aset-1599,1,0,1,2,962,10,"Jl. Pemuda No. 6, Kel. Petisah Tengah Kec. Medan Petisah, Kota Medan",3.620206,98.672669,2,1.6045,1,2.3986,2,0.6704,0,3.0308,4,1.4637,1,2.9291,0,3.393,1,2.9254,1,2.9597,12,2,9700000,1
aset-1600,1,2,1,1,428,8,"Jl. Putri Hijau No. 40, Kel. Titi Kuning Kec. Medan Polonia, Kota Medan",3.618921,98.700916,3,2.6457,1,2.1096,1,2.8901,0,4.1983,3,1.3312,0,4.7918,0,4.1696,0,3.9937,0,3.8965,8,2,500000,1
aset-1601,2,2,0,1,973,12,"Jl. Yos Sudarso No. 34, Kel. Merdeka Kec. Medan Helvetia, Kota Medan",3.636753,98.669404,1,1.3911,0,4.0896,1,1.2088,0,4.8684,0,3.2412,0,4.6684,0,5.0,0,4.7943,0,4.7565,2,4,600000,0
aset-1602,6,0,2,0,1098,9,"Jl. Imam Bonjol No. 50, Kel. Sunggal Kec. Medan Barat, Kota Medan",3.601714,98.683775,3,0.7127,7,0.5944,6,1.2152,2,1.7173,8,0.5883,1,2.2133,1,1.504,1,1.2978,6,1.2256,35,2,557800000,2
aset-1603,2,2,2,1,939,10,"Jl. Pemuda No. 22, Kel. Pusat Pasar Kec. Medan Timur, Kota Medan",3.591644,98.702122,2,1.5957,5,1.3322,4,1.1673,1,1.4747,5,1.396,0,4.1365,1,2.7939,0,3.0213,5,2.292,23,2,15800000,2
aset-1604,4,0,0,0,2976,19,"Jl. Gatot Subroto No. 10, Kel. Gaharu Kec. Medan Kota, Kota Medan",3.621545,98.664232,2,2.1941,0,3.2159,2,0.8997,0,3.2617,2,2.2607,1,2.9529,0,3.7831,0,3.2878,0,3.0913,7,2,7300000,1
aset-1605,6,2,0,1,604,16,"Jl. Teuku Daud No. 4, Kel. Jati Kec. Medan Timur, Kota Medan",3.589072,98.653353,2,2.7257,3,2.115,5,2.4169,1,2.0065,2,1.2926,1,1.4509,1,2.6263,1,2.464,4,0.183,20,2,21800000,1
aset-1606,5,2,1,1,1480,11,"Jl. Diponegoro No. 42, Kel. Bantan Kec. Medan Marelan, Kota Medan",3.584215,98.677422,3,0.6344,7,0.7485,7,0.3009,2,1.2093,7,0.6081,1,1.8272,1,0.645,1,1.1208,7,0.4495,36,2,131200000,2
aset-1607,1,0,0,1,698,22,"Jl. Marelan Raya No. 34, Kel. Petisah Tengah Kec. Medan Helvetia, Kota Medan",3.533129,98.655265,0,3.3258,0,5.0,0,4.0227,1,2.5955,0,5.0,1,2.7631,0,5.0,0,5.0,0,5.0,2,2,3900000,0
aset-1608,5,2,0,1,488,9,"Jl. Balai Kota No. 4, Kel. Pulo Brayan Kec. Medan Helvetia, Kota Medan",3.610619,98.650243,0,3.2323,0,3.1093,2,2.6732,0,3.0239,1,2.9087,1,2.387,0,3.7514,0,3.311,2,2.4612,6,1,2100000,1
aset-1609,2,2,0,1,533,6,"Jl. Katamso No. 8, Kel. Suka Maju Kec. Medan Denai, Kota Medan",3.568687,98.654738,1,0.6725,0,3.2749,2,1.4837,1,1.8274,2,2.5295,1,1.8131,0,3.4234,0,3.6025,1,2.2589,8,2,400000,1
aset-1610,3,2,1,0,526,27,"Jl. Yos Sudarso No. 7, Kel. Titi Kuning Kec. Medan Barat, Kota Medan",3.614584,98.626507,0,5.0,0,5.0,0,5.0,0,5.0,0,5.0,0,4.7948,0,5.0,0,5.0,0,4.2534,0,1,1100000,0
aset-1611,4,2,2,1,821,17,"Komplek Pemuda No. 15, Kel. Gaharu Kec. Medan Baru, Kota Medan",3.624586,98.663029,2,2.1579,0,3.5245,2,0.8984,0,3.6219,1,2.5705,0,3.2971,0,4.1465,0,3.6512,0,3.4454,5,4,600000,1
aset-1612,5,2,2,1,916,11,"Lingkungan Diponegoro No. 20, Kel. Bantan Kec. Medan Denai, Kota Medan",3.520286,98.6976,0,5.0,0,5.0,0,5.0,0,5.0,0,5.0,0,5.0,0,5.0,0,5.0,0,5.0,0,4,200000,0
aset-1613,2,0,0,1,5885,10,"Jl. Balai Kota No. 36, Kel. Suka Maju Kec. Medan Helvetia, Kota Medan",3.618058,98.70999,0,3.4684,1,2.8396,0,3.2936,0,4.4307,1,1.9134,0,5.0,0,4.8101,0,4.7153,0,4.5512,2,2,3600000,1
aset-1614,5,0,1,1,791,6,"Jl. Thamrin No. 42, Kel. Polonia Kec. Medan Kota, Kota Medan",3.528551,98.611471,0,5.0,0,5.0,0,5.0,0,5.0,0,5.0,0,5.0,0,5.0,0,5.0,0,5.0,0,0,1000000,0
aset-1615,2,2,1,0,505,7,"Jl. Setiabudi No. 5, Kel. Aur Kec. Medan Perjuangan, Kota Medan",3.569847,98.703869,0,3.3445,1,1.6718,1,2.8547,1,1.8114,2,1.8958,0,4.5803,0,3.73,0,4.1806,2,2.2918,7,2,1200000,1
aset-1616,2,0,1,2,2912,23,"Jl. Balai Kota No. 45, Kel. Jati Kec. Medan Marelan, Kota Medan",3.562118,98.68997,0,3.3671,2,2.2801,3,2.384,1,2.2362,2,2.3462,1,2.8534,0,3.4181,0,3.915,3,1.5929,12,2,22400000,1
aset-1617,3,2,0,0,346,14,"Lingkungan Ahmad Yani No. 25, Kel. Pasar Merah Kec. Medan Johor, Kota Medan",3.536242,98.668027,0,3.2257,0,5.0,0,3.4201,1,2.1295,0,5.0,1,2.2225,0,5.0,0,5.0,0,4.6661,2,1,100000,1
aset-1618,3,0,1,0,1523,19,"Jl. Gatot Subroto No. 14, Kel. Bantan Kec. Medan Barat, Kota Medan",3.57213,98.664245,2,1.309,5,2.3611,5,0.7064,2,1.9168,3,1.6699,2,1.7955,1,2.4397,1,2.7089,7,2.1381,28,2,195800000,2
aset-1619,2,2,0,1,1341,28,"Jl. Sisingamangaraja No. 48, Kel. Suka Maju Kec. Medan Deli, Kota Medan",3.535493,98.673388,0,3.5699,0,5.0,0,3.5541,1,2.411,0,5.0,1,2.463,0,5.0,0,5.0,0,4.556,2,1,2100000,0
aset-1620,2,2,0,1,1497,18,"Jl. Cut Mutia No. 3, Kel. Sunggal Kec. Medan Area, Kota Medan",3.625919,98.68339,2,0.7263,1,2.3817,1,1.375,0,3.9102,3,1.7899,0,3.9981,0,4.0565,0,3.6693,0,3.7934,7,2,3000000,1
aset-1621,6,0,0,0,1496,23,"Perumahan Thamrin No. 1, Kel. Padang Bulan Kec. Medan Marelan, Kota Medan",3.572562,98.70062,1,2.9038,3,1.2209,3,2.3982,1,1.3478,2,1.4361,0,4.361,0,3.2606,0,3.7104,3,1.8716,13,2,9500000,1
aset-1622,5,0,0,1,1065,15,"Jl. Ahmad Yani No. 36, Kel. Padang Bulan Kec. Medan Area, Kota Medan",3.572323,98.621243,0,4.08,0,5.0,0,5.0,0,5.0,0,5.0,0,5.0,0,5.0,0,5.0,0,4.1802,0,2,4500000,0
aset-1623,3,0,1,1,1456,8,"Gang Sudirman No. 42, Kel. Sikambing Kec. Medan Barat, Kota Medan",3.554549,98.695463,0,4.3876,0,3.0529,0,3.3476,0,3.0647,0,3.1754,0,3.3846,0,4.4427,0,4.9397,2,2.6209,2,2,2200000,0
aset-1624,3,0,0,1,4614,22,"Jl. Teuku Daud No. 6, Kel. Kesawan Kec. Medan Perjuangan, Kota Medan",3.607553,98.66482,3,1.5831,6,1.8037,5,1.1337,1,1.7575,5,1.8161,1,1.3959,1,2.3741,1,1.8834,5,1.5477,28,2,311700000,2
aset-1625,5,0,1,1,969,8,"Lingkungan Thamrin No. 22, Kel. Jati Kec. Medan Maimun, Kota Medan",3.60907,98.67246,4,0.802,6,1.7829,6,0.9765,1,1.7943,7,0.9533,1,1.7701,1,2.1795,1,1.6993,5,1.7473,32,2,89400000,2
aset-1626,6,2,1,1,1336,25,"Perumahan Sutomo No. 7, Kel. Pandan Selamat Kec. Medan Marelan, Kota Medan",3.624925,98.703818,1,2.6515,1,2.8267,0,3.6284,0,4.9217,2,2.0723,0,5.0,0,4.8927,0,4.696,0,4.6177,4,2,1100000,1
aset-1627,2,2,0,1,3194,25,"Blok Pemuda No. 20, Kel. Gaharu Kec. Medan Baru, Kota Medan",3.519882,98.660331,0,4.8105,0,5.0,0,5.0,0,3.9117,0,5.0,0,4.0494,0,5.0,0,5.0,0,5.0,0,1,600000,0
aset-1628,1,0,0,1,812,25,"Jl. Marelan Raya No. 32, Kel. Aur Kec. Medan Selayang, Kota Medan",3.556848,98.605429,0,5.0,0,5.0,0,5.0,0,5.0,0,5.0,0,5.0,0,5.0,0,5.0,0,5.0,0,2,2000000,0
aset-1629,1,0,0,1,13022,10,"Jl. Jamin Ginting No. 15, Kel. Kesawan Kec. Medan Helvetia, Kota Medan",3.590907,98.682512,3,0.5239,7,0.2275,6,0.4437,2,1.2985,8,0.4252,1,1.996,1,0.6199,1,0.9018,6,0.4382,35,2,1011000000,2
aset-1630,6,2,0,1,1313,25,"Jl. Yos Sudarso No. 30, Kel. Bantan Kec. Medan Denai, Kota Medan",3.608691,98.693244,4,1.5556,7,0.7122,4,1.584,1,2.968,6,0.3153,0,3.4846,1,2.7512,1,2.6015,3,2.4799,27,2,72100000,2
aset-1631,4,2,0,0,1225,27,"Gang Iskandar Muda No. 34, Kel. Pandan Selamat Kec. Medan Perjuangan, Kota Medan",3.545132,98.705189,0,5.0,0,4.2526,0,4.7903,0,4.3169,0,4.4227,0,4.6211,0,5.0,0,5.0,0,4.0849,0,1,100000,0
aset-1632,6,2,1,1,1933,18,"Jl. Veteran No. 1, Kel. Titi Kuning Kec. Medan Marelan, Kota Medan",3.581225,98.704684,1,2.421,3,1.0782,4,2.0397,1,1.2996,2,1.3117,0,4.6628,0,3.2236,0,3.5875,3,2.3358,14,2,10400000,1
aset-1633,2,0,0,0,2913,6,"Jl. Iskandar Muda No. 34, Kel. Pulo Brayan Kec. Medan Timur, Kota Medan",3.543408,98.697822,0,5.0,0,4.3027,0,4.2232,0,3.9967,0,4.4348,0,3.9024,0,5.0,0,5.0,0,3.8478,0,2,3700000,0
aset-1634,2,2,2,1,767,20,"Jl. Putri Hijau No. 10, Kel. Petisah Tengah Kec. Medan Perjuangan, Kota Medan",3.583097,98.722064,0,3.9966,0,3.006,0,3.5692,0,3.2278,0,3.2255,0,5.0,0,5.0,0,5.0,0,4.2676,0,4,300000,0
aset-1635,2,2,0,1,271,16,"Jl. Teuku Cik Ditiro No. 2, Kel. Petisah Tengah Kec. Medan Baru, Kota Medan",3.63726,98.671434,1,1.2119,0,4.0307,1,1.2529,0,4.9217,0,3.2116,0,4.753,0,5.0,0,4.8265,0,4.8253,2,1,200000,1
aset-1636,3,0,0,1,5075,21,"Jl. Setiabudi No. 3, Kel. Polonia Kec. Medan Tembung, Kota Medan",3.573876,98.676348,3,1.7901,6,1.7354,7,1.0021,3,2.057,5,1.3278,2,2.3531,1,1.7944,1,2.2427,7,0.8491,35,2,514900000,2
aset-1637,3,2,0,1,513,10,"Jl. Balai Kota No. 12, Kel. Merdeka Kec. Medan Denai, Kota Medan",3.55141,98.69463,0,4.3917,0,3.4017,0,3.4263,0,3.4062,0,3.5173,0,3.3277,0,4.716,0,5.0,1,2.8908,1,1,200000,0
aset-1638,3,2,0,1,3169,7,"Jl. Putri Hijau No. 25, Kel. Pasar Merah Kec. Medan Perjuangan, Kota Medan",3.547603,98.63615,1,2.8606,0,5.0,0,4.1408,0,3.1633,0,5.0,0,3.3351,0,5.0,0,5.0,0,5.0,1,1,300000,1
aset-1639,4,2,0,2,1133,14,"Blok Marelan Raya No. 16, Kel. Polonia Kec. Medan Barat, Kota Medan",3.635147,98.701561,1,2.3084,0,3.6745,0,3.5407,0,5.0,0,3.081,0,5.0,0,5.0,0,5.0,0,5.0,1,1,600000,1
aset-1640,6,0,0,0,333,27,"Jl. KH Wahid Hasyim No. 1, Kel. Sunggal Kec. Medan Maimun, Kota Medan",3.57083,98.611446,0,5.0,0,5.0,0,5.0,0,5.0,0,5.0,0,5.0,0,5.0,0,5.0,0,5.0,0,3,1400000,0
aset-1641,2,0,1,0,1328,19,"Jl. Marelan Raya No. 7, Kel. Gaharu Kec. Medan Timur, Kota Medan",3.610563,98.658672,1,2.3122,3,2.4498,2,1.8681,1,2.3844,4,2.4786,1,1.8676,0,3.0602,1,2.5836,3,2.1127,16,2,13100000,1
aset-1642,1,2,1,0,1044,16,"Blok Teuku Cik Ditiro No. 5, Kel. Titi Kuning Kec. Medan Timur, Kota Medan",3.590666,98.681092,3,0.3643,7,0.3478,6,0.297,2,1.1496,8,0.5253,1,1.8497,1,0.4601,1,0.771,7,0.3634,36,2,131000000,2
aset-1643,3,0,0,1,850,16,"Jl. Pemuda No. 2, Kel. Suka Maju Kec. Medan Kota, Kota Medan",3.565774,98.660446,1,0.5088,0,3.1829,3,0.8494,1,1.2619,2,2.4929,1,1.1986,0,3.2606,0,3.5298,3,2.6524,11,5,12300000,1
aset-1644,5,2,1,1,2524,24,"Jl. Thamrin No. 5, Kel. Pandan Selamat Kec. Medan Barat, Kota Medan",3.601089,98.630452,0,5.0,0,4.6977,0,4.6116,0,4.5888,0,4.0628,0,3.8933,0,5.0,0,5.0,0,3.0378,0,1,400000,0
aset-1645,4,2,1,1,4229,14,"Jl. Katamso No. 7, Kel. Merdeka Kec. Medan Deli, Kota Medan",3.546845,98.697578,0,4.869,0,3.9195,0,3.9746,0,3.865,0,4.0522,0,3.7561,0,5.0,0,5.0,0,3.4893,0,1,800000,0
aset-1646,5,0,2,1,1118,28,"Jl. Teuku Cik Ditiro No. 3, Kel. Titi Kuning Kec. Medan Labuhan, Kota Medan",3.580965,98.655787,2,2.0008,3,2.2424,6,2.0612,1,2.1543,2,1.3578,2,1.8657,1,2.5596,1,2.5782,5,0.8977,23,2,19400000,2
aset-1647,2,0,0,0,2133,10,"Jl. Thamrin No. 16, Kel. Kesawan Kec. Medan Deli, Kota Medan",3.596723,98.690591,3,0.2832,7,0.9643,6,0.2925,2,1.6588,8,1.0674,1,2.8464,1,1.6834,1,1.7565,6,1.4415,35,2,461800000,2
aset-1648,2,0,2,0,1879,16,"Jl. Pemuda No. 32, Kel. Jati Kec. Medan Selayang, Kota Medan",3.611495,98.659008,1,2.3012,3,2.5116,2,1.9048,1,2.4496,4,2.4462,1,1.951,0,3.1144,1,2.6332,2,2.1864,15,2,46000000,1
aset-1649,5,2,1,1,323,12,"Jl. Imam Bonjol No. 8, Kel. Aur Kec. Medan Polonia, Kota Medan",3.533042,98.629542,0,4.4998,0,5.0,0,5.0,0,4.5032,0,5.0,0,4.6907,0,5.0,0,5.0,0,5.0,0,4,200000,0
aset-1650,1,2,1,0,1397,23,"Jl. Marelan Raya No. 40, Kel. Jati Kec. Medan Tembung, Kota Medan",3.630446,98.692705,1,1.3104,1,2.8773,1,2.4589,0,4.8104,3,2.5225,0,4.9988,0,4.8233,0,4.5038,0,4.5472,6,2,2100000,1
aset-1651,1,0,0,1,2598,15,"Jl. Katamso No. 16, Kel. Polonia Kec. Medan Selayang, Kota Medan",3.538978,98.671137,0,3.1091,0,5.0,0,3.1353,1,1.9534,0,5.0,1,2.0115,0,5.0,0,5.0,0,4.259,2,1,1300000,0
aset-1652,1,0,0,0,1389,21,"Jl. Jamin Ginting No. 12, Kel. Pandan Selamat Kec. Medan Area, Kota Medan",3.632975,98.599648,0,5.0,0,5.0,0,5.0,0,5.0,0,5.0,0,5.0,0,5.0,0,5.0,0,5.0,0,3,1600000,0
aset-1653,6,0,1,0,9117,17,"Jl. Sudirman No. 50, Kel. Gaharu Kec. Medan Barat, Kota Medan",3.544616,98.708786,0,5.0,0,4.4295,0,5.0,0,4.511,0,4.6137,0,5.0,0,5.0,0,5.0,0,4.3724,0,2,5000000,0
aset-1654,6,2,2,1,263,17,"Jl. Ahmad Yani No. 2, Kel. Pusat Pasar Kec. Medan Helvetia, Kota Medan",3.523753,98.675058,0,4.8115,0,5.0,0,4.8722,0,3.6856,0,5.0,0,3.7554,0,5.0,0,5.0,0,5.0,0,4,100000,0
aset-1655,6,0,0,1,3836,20,"Jl. Jamin Ginting No. 16, Kel. Sikambing Kec. Medan Helvetia, Kota Medan",3.602694,98.702998,2,1.8119,4,1.6841,1,1.5231,1,2.5546,6,0.9753,0,4.3028,0,3.212,0,3.254,2,2.9113,16,2,109900000,1
aset-1656,6,0,2,1,639,20,"Jl. KH Wahid Hasyim No. 24, Kel. Aur Kec. Medan Sunggal, Kota Medan",3.614868,98.632772,0,5.0,0,4.9864,0,4.4192,0,4.8898,0,4.5897,0,4.2038,0,5.0,0,5.0,0,3.7893,0,3,300000,0
aset-1657,5,2,0,2,1845,11,"Jl. Sisingamangaraja No. 28, Kel. Bantan Kec. Medan Perjuangan, Kota Medan",3.589926,98.678596,3,0.0773,7,0.369,7,0.1123,2,0.9096,8,0.7262,1,1.6108,1,0.1773,1,0.6037,7,0.2567,37,2,170900000,2
aset-1658,2,0,0,2,2713,9,"Jl. Thamrin No. 25, Kel. Bantan Kec. Medan Barat, Kota Medan",3.533691,98.634756,0,4.0752,0,5.0,0,5.0,0,3.9851,0,5.0,0,4.1738,0,5.0,0,5.0,0,5.0,0,5,1200000,0
aset-1659,6,2,2,1,603,13,"Jl. Yos Sudarso No. 40, Kel. Suka Maju Kec. Medan Sunggal, Kota Medan",3.607229,98.676946,4,0.2658,6,1.2515,7,0.946,1,1.7143,7,0.5453,1,1.8991,1,1.9158,1,1.4868,4,1.677,32,2,42500000,2
aset-1660,1,0,2,0,3821,17,"Jl. Teuku Daud No. 25, Kel. Titi Kuning Kec. Medan Tembung, Kota Medan",3.617978,98.673389,3,1.4703,3,2.1706,2,0.9306,1,2.79,4,1.2249,1,2.7194,0,3.1367,1,2.6722,2,2.7325,17,2,85800000,1
aset-1661,6,2,1,2,805,25,"Lorong Veteran No. 4, Kel. Merdeka Kec. Medan Sunggal, Kota Medan",3.604395,98.6433,0,3.9659,0,3.4278,0,3.2174,0,3.3249,1,2.9546,1,2.625,0,4.068,0,3.703,2,2.1486,4,1,700000,1
aset-1662,2,2,0,1,814,23,"Jl. Balai Kota No. 50, Kel. Titi Kuning Kec. Medan Labuhan, Kota Medan",3.569104,98.690748,2,2.7167,3,1.5097,6,1.761,1,1.4556,3,1.5653,0,3.2075,1,2.7797,0,3.2739,5,1.011,21,5,3600000,1
aset-1663,5,0,0,2,1253,22,"Blok Jamin Ginting No. 5, Kel. Suka Maju Kec. Medan Barat, Kota Medan",3.588519,98.692912,3,0.9391,7,0.761,6,0.6727,2,0.7249,7,0.6137,0,3.1803,1,1.7735,1,2.0791,6,1.2227,33,2,460900000,2
aset-1664,5,2,0,1,918,10,"Lingkungan Marelan Raya No. 45, Kel. Padang Bulan Kec. Medan Barat, Kota Medan",3.577826,98.658053,2,1.6544,4,2.2897,6,1.6333,2,2.2162,2,1.4623,2,2.0595,1,2.5008,1,2.6023,7,1.2879,27,2,35400000,2
aset-1665,1,2,2,1,1372,10,"Lorong Putri Hijau No. 14, Kel. Aur Kec. Medan Labuhan, Kota Medan",3.614372,98.69513,3,2.0176,1,1.3084,2,2.2368,0,3.5803,4,0.715,0,3.9775,0,3.3752,0,3.1815,0,3.0997,10,4,4500000,1
aset-1666,2,2,0,0,1412,15,"Jl. Yos Sudarso No. 32, Kel. Pandan Selamat Kec. Medan Polonia, Kota Medan",3.621426,98.721111,0,4.6039,0,4.1034,0,4.4046,0,5.0,0,3.1614,0,5.0,0,5.0,0,5.0,0,5.0,0,1,500000,0
aset-1667,6,0,0,1,4370,12,"Jl. Sisingamangaraja No. 22, Kel. Pulo Brayan Kec. Medan Marelan, Kota Medan",3.587023,98.669155,3,1.0219,7,0.6962,7,0.788,2,0.6954,7,0.3877,1,0.9997,1,0.9314,1,1.0113,7,0.7674,36,2,633700000,2
aset-1668,1,0,2,1,168,17,"Jl. Ahmad Yani No. 48, Kel. Pusat Pasar Kec. Medan Labuhan, Kota Medan",3.609413,98.635652,0,4.8254,0,4.4273,0,4.159,0,4.3265,0,3.9698,0,3.6298,0,5.0,0,4.6909,0,3.1244,0,3,300000,0
aset-1669,5,0,1,0,6900,23,"Jl. Yos Sudarso No. 28, Kel. Titi Kuning Kec. Medan Selayang, Kota Medan",3.613978,98.666338,3,1.6618,4,2.4158,2,1.4334,1,2.3893,4,1.6862,1,2.1155,1,2.917,1,2.4205,2,2.2291,19,2,55900000,2
aset-1670,2,0,2,1,7108,7,"Jl. Sisingamangaraja No. 25, Kel. Sikambing Kec. Medan Polonia, Kota Medan",3.539815,98.626907,0,4.2015,0,5.0,0,5.0,0,4.4145,0,5.0,0,4.5948,0,5.0,0,5.0,0,5.0,0,3,3700000,1
aset-1671,2,0,2,0,1521,19,"Jl. Sisingamangaraja No. 18, Kel. Sunggal Kec. Medan Area, Kota Medan",3.612551,98.641679,0,4.2053,0,4.0061,0,3.5811,0,3.9133,0,3.6818,0,3.2414,0,4.6532,0,4.2342,0,3.0072,0,3,2200000,0
aset-1672,4,0,1,2,2695,22,"Lingkungan Balai Kota No. 1, Kel. Pulo Brayan Kec. Medan Marelan, Kota Medan",3.539148,98.667666,1,2.9135,0,5.0,0,3.0972,1,1.806,0,5.0,1,1.8971,0,5.0,0,5.0,0,4.3849,3,0,9700000,0
aset-1673,3,2,1,1,868,19,"Jl. Iskandar Muda No. 36, Kel. Petisah Tengah Kec. Medan Sunggal, Kota Medan",3.5711,98.705378,0,3.3187,1,1.672,2,2.9466,1,1.832,2,1.9074,0,4.7854,0,3.7862,0,4.2249,2,2.4231,8,1,1300000,1
aset-1674,5,0,0,1,3109,26,"Jl. Ahmad Yani No. 1, Kel. Pulo Brayan Kec. Medan Sunggal, Kota Medan",3.509463,98.683911,0,5.0,0,5.0,0,5.0,0,5.0,0,5.0,0,5.0,0,5.0,0,5.0,0,5.0,0,2,8000000,0
aset-1675,2,2,0,1,2506,28,"Jl. Cut Mutia No. 12, Kel. Kesawan Kec. Medan Barat, Kota Medan",3.545246,98.695721,0,4.7493,0,4.0876,0,3.9136,0,3.7124,0,4.2089,0,3.6131,0,5.0,0,5.0,0,3.5694,0,1,2100000,0
aset-1676,5,2,2,0,1639,15,"Jl. Putri Hijau No. 16, Kel. Sei Sikambing Kec. Medan Selayang, Kota Medan",3.525822,98.648092,0,4.2455,0,5.0,0,5.0,0,3.6681,0,5.0,0,3.8447,0,5.0,0,5.0,0,5.0,0,4,200000,0
aset-1677,3,0,1,1,2907,28,"Jl. Katamso No. 25, Kel. Sikambing Kec. Medan Petisah, Kota Medan",3.58661,98.673153,3,0.6413,7,0.4971,7,0.4508,2,0.7496,7,0.2201,1,1.2996,1,0.5695,1,0.8469,7,0.3517,36,2,1052700000,2
aset-1678,4,2,2,0,8990,24,"Jl. Setiabudi No. 1, Kel. Merdeka Kec. Medan Johor, Kota Medan",3.578183,98.682432,2,1.3966,6,1.0934,7,0.4119,2,1.2472,5,1.1282,1,2.6906,1,1.4457,1,1.9426,6,0.2789,31,2,240000000,2
aset-1679,2,0,2,0,3754,22,"Jl. Sisingamangaraja No. 5, Kel. Gaharu Kec. Medan Timur, Kota Medan",3.510616,98.631273,0,5.0,0,5.0,0,5.0,0,5.0,0,5.0,0,5.0,0,5.0,0,5.0,0,5.0,0,3,1700000,0
aset-1680,5,0,0,1,5341,12,"Lingkungan Veteran No. 20, Kel. Pulo Brayan Kec. Medan Labuhan, Kota Medan",3.585531,98.643684,1,2.8975,0,3.2504,0,3.3953,0,3.1432,1,2.3969,1,2.5894,0,3.7306,0,3.6007,2,1.3138,5,2,9600000,1
aset-1681,3,0,2,1,1362,20,"Jl. Jamin Ginting No. 30, Kel. Padang Bulan Kec. Medan Denai, Kota Medan",3.571022,98.675928,2,2.1106,6,2.0445,5,0.987,3,2.2484,5,1.6143,2,2.0642,1,2.1136,1,2.5572,6,0.9942,31,2,144800000,2
aset-1682,3,2,2,0,1077,28,"Jl. Sisingamangaraja No. 3, Kel. Gaharu Kec. Medan Denai, Kota Medan",3.570157,98.662456,2,1.0135,3,2.6482,5,0.7084,2,1.7021,2,1.9611,2,1.5993,1,2.7338,1,2.9945,6,2.2527,24,2,8800000,2
aset-1683,2,2,1,1,390,7,"Jl. Pemuda No. 3, Kel. Sunggal Kec. Medan Maimun, Kota Medan",3.610608,98.655033,1,2.7086,1,2.7164,2,2.2044,1,2.6407,2,2.6451,1,2.0581,0,3.3457,1,2.8845,2,2.3412,11,2,1300000,1
aset-1684,6,2,0,1,2357,28,"Lingkungan Putri Hijau No. 16, Kel. Aur Kec. Medan Deli, Kota Medan",3.586032,98.689607,3,1.0738,7,0.7321,6,0.9783,2,0.5855,8,0.5054,1,2.9072,1,1.467,1,1.8474,6,0.8511,35,2,469100000,2
aset-1685,6,0,1,0,5489,13,"Jl. Yos Sudarso No. 1, Kel. Pulo Brayan Kec. Medan Perjuangan, Kota Medan",3.514944,98.631337,0,5.0,0,5.0,0,5.0,0,5.0,0,5.0,0,5.0,0,5.0,0,5.0,0,5.0,0,5,5200000,0
aset-1686,6,0,1,1,2047,28,"Jl. Sudirman No. 28, Kel. Petisah Tengah Kec. Medan Petisah, Kota Medan",3.601144,98.611011,0,5.0,0,5.0,0,5.0,0,5.0,0,5.0,0,5.0,0,5.0,0,5.0,0,5.0,0,0,3300000,0
aset-1687,4,2,1,1,619,15,"Gang Diponegoro No. 40, Kel. Aur Kec. Medan Labuhan, Kota Medan",3.584673,98.705682,1,2.2798,4,1.2221,4,1.8707,1,1.4384,3,1.4196,0,4.6585,0,3.2377,0,3.5594,3,2.5553,16,2,22100000,1
aset-1688,2,0,0,1,3341,20,"Komplek Gatot Subroto No. 5, Kel. Pulo Brayan Kec. Medan Polonia, Kota Medan",3.578617,98.65871,2,1.7494,4,2.1755,6,1.6528,2,2.1019,2,1.3491,2,1.9508,1,2.3921,1,2.4888,7,1.2257,27,2,233500000,2
aset-1689,2,0,0,1,6360,11,"Lorong Balai Kota No. 34, Kel. Pasar Merah Kec. Medan Denai, Kota Medan",3.506242,98.622207,0,5.0,0,5.0,0,5.0,0,5.0,0,5.0,0,5.0,0,5.0,0,5.0,0,5.0,0,0,3400000,0
aset-1690,5,0,0,1,2395,8,"Lorong Diponegoro No. 5, Kel. Bantan Kec. Medan Helvetia, Kota Medan",3.586658,98.639625,0,3.2486,0,3.6614,0,3.8333,0,3.5526,1,2.828,1,2.9649,0,4.1644,0,4.0098,1,1.726,3,2,2200000,1
aset-1691,3,0,2,1,2491,21,"Jl. Veteran No. 24, Kel. Pasar Merah Kec. Medan Baru, Kota Medan",3.618882,98.651218,0,3.3996,0,3.688,1,2.3336,0,3.6196,0,3.4494,0,3.0645,0,4.3012,0,3.8236,0,3.3351,1,3,900000,0
aset-1692,1,2,0,1,1672,14,"Jl. Imam Bonjol No. 16, Kel. Petisah Tengah Kec. Medan Tembung, Kota Medan",3.517247,98.667537,0,5.0,0,5.0,0,5.0,0,4.2085,0,5.0,0,4.3184,0,5.0,0,5.0,0,5.0,0,1,1300000,0
aset-1693,6,0,0,1,2378,8,"Jl. Sutomo No. 32, Kel. Pusat Pasar Kec. Medan Polonia, Kota Medan",3.621717,98.623798,0,5.0,0,5.0,0,5.0,0,5.0,0,5.0,0,5.0,0,5.0,0,5.0,0,5.0,0,0,1600000,0
aset-1694,6,0,1,2,4607,18,"Jl. Thamrin No. 30, Kel. Jati Kec. Medan Helvetia, Kota Medan",3.59247,98.691506,3,0.4977,7,0.8961,6,0.2322,2,1.176,8,0.8766,1,2.955,1,1.6331,1,1.8397,6,1.2178,35,2,852800000,2
aset-1695,2,2,2,0,1354,20,"Jl. Veteran No. 28, Kel. Pusat Pasar Kec. Medan Sunggal, Kota Medan",3.579651,98.669936,3,1.4422,6,1.3401,7,0.6742,3,1.489,5,0.6374,2,1.7924,1,1.3924,1,1.6916,7,1.1466,35,2,67900000,2
aset-1696,2,2,0,0,1423,23,"Lingkungan Diponegoro No. 6, Kel. Sikambing Kec. Medan Johor, Kota Medan",3.558192,98.700524,0,4.3283,1,2.7173,0,3.3866,1,2.7758,1,2.8821,0,3.95,0,4.396,0,4.8864,2,2.634,5,2,800000,1
aset-1697,5,2,0,0,1680,23,"Jl. Cut Mutia No. 50, Kel. Suka Maju Kec. Medan Maimun, Kota Medan",3.583883,98.674221,3,0.7837,7,0.7917,7,0.1308,2,1.0749,7,0.276,1,1.6048,1,0.7468,1,1.1282,7,0.4985,36,2,392200000,2
aset-1698,1,2,2,2,925,13,"Jl. Setiabudi No. 28, Kel. Suka Maju Kec. Medan Kota, Kota Medan",3.598163,98.680104,3,0.8801,7,0.8228,6,0.9302,2,1.162,8,0.2602,1,1.7126,1,0.9708,1,0.7315,7,0.6959,36,2,50900000,2
aset-1699,1,0,0,0,994,15,"Jl. Pemuda No. 4, Kel. Gaharu Kec. Medan Tembung, Kota Medan",3.576306,98.687501,2,1.8493,6,1.0457,6,0.9311,2,0.8794,5,0.9625,0,3.249,1,1.9174,1,2.4074,6,0.3664,29,2,74700000,2
aset-1700,4,0,0,1,1350,20,"Lingkungan Thamrin No. 42, Kel. Aur Kec. Medan Polonia, Kota Medan",3.584898,98.712019,1,2.8888,1,1.9161,1,2.4649,1,2.1352,1,2.1212,0,5.0,0,3.9275,0,4.2311,0,3.2287,5,0,5900000,1
aset-1701,5,0,0,1,884,8,"Jl. KH Wahid Hasyim No. 16, Kel. Pusat Pasar Kec. Medan Labuhan, Kota Medan",3.50557,98.67719,0,5.0,0,5.0,0,5.0,0,5.0,0,5.0,0,5.0,0,5.0,0,5.0,0,5.0,0,0,1500000,1
aset-1702,6,0,1,1,777,14,"Blok Thamrin No. 42, Kel. Gaharu Kec. Medan Tembung, Kota Medan",3.594971,98.666751,3,1.3597,6,0.6224,6,0.831,1,0.52,6,0.6917,1,0.1943,1,1.2646,1,0.9218,7,0.1757,32,2,185000000,2
aset-1703,3,0,1,0,10906,26,"Jl. Gatot Subroto No. 1, Kel. Gaharu Kec. Medan Petisah, Kota Medan",3.582794,98.63999,1,2.8852,0,3.7292,0,3.5703,0,3.6237,1,2.86,0,3.0896,0,4.1847,0,4.0802,1,1.803,3,0,6200000,1
aset-1704,4,0,1,0,1789,13,"Jl. Katamso No. 32, Kel. Suka Maju Kec. Medan Helvetia, Kota Medan",3.589792,98.714369,1,2.9642,1,2.3176,1,2.537,1,2.5248,2,2.4888,0,5.0,0,4.1471,0,4.394,0,3.6056,6,2,19100000,1
aset-1705,3,0,1,1,4949,27,"Jl. KH Wahid Hasyim No. 28, Kel. Bantan Kec. Medan Denai, Kota Medan",3.561965,98.669029,1,1.3621,0,3.2753,3,0.5714,1,0.9833,1,2.5825,1,0.7999,0,3.2404,0,3.6232,3,2.2038,10,5,21400000,1
aset-1706,1,0,0,1,203,26,"Lingkungan Teuku Daud No. 18, Kel. Pandan Selamat Kec. Medan Johor, Kota Medan",3.601049,98.69598,3,1.0458,7,0.9886,5,0.8518,2,2.1439,6,0.7729,0,3.5032,1,2.4385,1,2.4567,3,2.2017,28,2,166600000,2
aset-1707,6,0,0,1,2254,15,"Jl. Yos Sudarso No. 42, Kel. Pandan Selamat Kec. Medan Denai, Kota Medan",3.631799,98.703734,1,2.523,0,3.4538,0,3.6894,0,5.0,1,2.782,0,5.0,0,5.0,0,5.0,0,5.0,2,2,3900000,1
aset-1708,3,0,0,0,497,28,"Jl. Yos Sudarso No. 12, Kel. Sunggal Kec. Medan Area, Kota Medan",3.578921,98.659067,2,1.7881,4,2.1239,6,1.6553,2,2.0505,2,1.2998,2,1.9053,1,2.3406,1,2.4368,7,1.2082,27,2,68700000,2
aset-1709,1,0,1,1,2806,19,"Jl. Iskandar Muda No. 2, Kel. Pusat Pasar Kec. Medan Deli, Kota Medan",3.629098,98.709391,0,3.167,0,3.5799,0,4.2742,0,5.0,1,2.7771,0,5.0,0,5.0,0,5.0,0,5.0,1,2,4400000,0
aset-1710,1,0,0,1,682,20,"Jl. Ahmad Yani No. 28, Kel. Merdeka Kec. Medan Selayang, Kota Medan",3.542587,98.696568,0,4.963,0,4.386,0,4.1739,0,3.8962,0,4.5112,0,3.8077,0,5.0,0,5.0,0,3.8791,0,3,1400000,0
aset-1711,3,2,0,1,3996,13,"Jl. HM Yamin No. 32, Kel. Pandan Selamat Kec. Medan Area, Kota Medan",3.573261,98.711974,0,3.6157,1,2.1197,0,3.239,1,2.3191,1,2.3679,0,5.0,0,4.3046,0,4.7069,0,3.1021,3,1,3200000,1
aset-1712,6,2,0,1,201,9,"Jl. Veteran No. 36, Kel. Kesawan Kec. Medan Polonia, Kota Medan",3.512896,98.628708,0,5.0,0,5.0,0,5.0,0,5.0,0,5.0,0,5.0,0,5.0,0,5.0,0,5.0,0,1,200000,0
aset-1713,2,0,2,1,438,20,"Jl. Veteran No. 1, Kel. Kesawan Kec. Medan Maimun, Kota Medan",3.574347,98.600857,0,5.0,0,5.0,0,5.0,0,5.0,0,5.0,0,5.0,0,5.0,0,5.0,0,5.0,0,3,500000,0
aset-1714,3,0,2,1,1069,9,"Jl. Ahmad Yani No. 6, Kel. Pandan Selamat Kec. Medan Perjuangan, Kota Medan",3.568257,98.670477,2,1.6265,5,2.5589,5,0.3084,3,1.6648,4,1.8694,1,1.4923,1,2.5237,1,2.9062,7,1.6728,29,2,157400000,2
aset-1715,6,2,1,2,424,27,"Lorong Sisingamangaraja No. 25, Kel. Kesawan Kec. Medan Kota, Kota Medan",3.543396,98.66287,1,2.2815,0,5.0,1,2.6857,1,1.2825,0,4.7358,1,1.4213,0,5.0,0,5.0,0,4.2279,4,2,1700000,1
aset-1716,3,0,2,0,7445,23,"Jl. Putri Hijau No. 2, Kel. Bantan Kec. Medan Helvetia, Kota Medan",3.531692,98.642173,0,3.8412,0,5.0,0,4.8611,0,3.5168,0,5.0,0,3.7046,0,5.0,0,5.0,0,5.0,0,3,4600000,1
aset-1717,2,2,0,1,1252,12,"Jl. Sutomo No. 34, Kel. Polonia Kec. Medan Maimun, Kota Medan",3.588031,98.679265,3,0.2572,7,0.4145,7,0.0761,2,1.0708,8,0.6365,1,1.7625,1,0.3333,1,0.8152,7,0.3245,37,2,234400000,2
aset-1718,2,2,1,1,643,21,"Jl. Balai Kota No. 42, Kel. Gaharu Kec. Medan Area, Kota Medan",3.578738,98.687244,2,1.6173,7,0.9341,7,0.7625,2,0.7346,5,0.7954,0,3.06,1,1.6913,1,2.174,6,0.4262,31,2,42900000,2
aset-1719,6,0,0,2,3954,22,"Jl. Balai Kota No. 50, Kel. Pulo Brayan Kec. Medan Barat, Kota Medan",3.579225,98.703118,1,2.4535,3,0.9523,4,2.0994,1,1.1645,2,1.1988,0,4.5795,0,3.1364,0,3.5266,3,2.1229,14,2,15200000,1
aset-1720,4,0,1,1,1048,16,"Jl. Sutomo No. 6, Kel. Kesawan Kec. Medan Deli, Kota Medan",3.628911,98.678112,2,0.4698,1,2.8763,1,0.853,0,4.0703,2,2.127,0,4.0417,0,4.3284,0,3.8972,0,4.0408,6,2,5500000,1
aset-1721,4,0,1,0,508,10,"Perumahan Pemuda No. 50, Kel. Aur Kec. Medan Denai, Kota Medan",3.538269,98.71379,0,5.0,0,5.0,0,5.0,0,5.0,0,5.0,0,5.0,0,5.0,0,5.0,0,5.0,0,0,500000,0
aset-1722,3,2,2,0,732,14,"Jl. Teuku Cik Ditiro No. 32, Kel. Aur Kec. Medan Deli, Kota Medan",3.618784,98.630252,0,5.0,0,5.0,0,4.5926,0,5.0,0,5.0,0,4.6759,0,5.0,0,5.0,0,4.3025,0,4,200000,0
aset-1723,3,2,0,1,1030,26,"Jl. Balai Kota No. 16, Kel. Suka Maju Kec. Medan Perjuangan, Kota Medan",3.559753,98.703127,0,4.3123,1,2.633,0,3.4542,1,2.7171,1,2.8187,0,4.2519,0,4.4406,0,4.9239,2,2.7322,5,1,900000,1
aset-1724,2,0,0,1,2585,22,"Jl. Sudirman No. 6, Kel. Suka Maju Kec. Medan Maimun, Kota Medan",3.626458,98.712876,0,3.5906,0,3.6488,0,4.242,0,5.0,1,2.7784,0,5.0,0,5.0,0,5.0,0,5.0,1,2,6800000,0
aset-1725,2,0,1,1,6355,7,"Jl. Katamso No. 7, Kel. Sei Sikambing Kec. Medan Sunggal, Kota Medan",3.595604,98.683606,3,0.5209,7,0.6802,6,0.8948,2,1.4286,8,0.2925,1,2.0659,1,0.9622,1,0.9716,6,0.7094,35,2,703100000,2
aset-1726,2,0,1,1,2442,12,"Jl. Setiabudi No. 25, Kel. Sei Sikambing Kec. Medan Sunggal, Kota Medan",3.581772,98.684117,3,1.137,7,0.7036,7,0.3464,2,0.9862,6,0.6995,1,2.5815,1,1.2087,1,1.6948,6,0.5974,34,2,663500000,2
aset-1727,1,0,1,1,2550,27,"Jl. Setiabudi No. 32, Kel. Jati Kec. Medan Selayang, Kota Medan",3.530586,98.621053,0,5.0,0,5.0,0,5.0,0,5.0,0,5.0,0,5.0,0,5.0,0,5.0,0,5.0,0,2,2900000,0
aset-1728,3,2,0,1,1160,21,"Jl. HM Yamin No. 14, Kel. Polonia Kec. Medan Deli, Kota Medan",3.616399,98.603641,0,5.0,0,5.0,0,5.0,0,5.0,0,5.0,0,5.0,0,5.0,0,5.0,0,5.0,0,1,200000,0
aset-1729,5,2,0,1,1089,10,"Jl. Katamso No. 30, Kel. Titi Kuning Kec. Medan Perjuangan, Kota Medan",3.571115,98.661005,2,1.0159,3,2.6398,5,0.9011,2,1.8277,2,1.9679,2,1.7382,1,2.7496,1,2.9812,6,2.0974,24,2,14400000,2
aset-1730,3,0,0,0,2269,24,"Jl. Teuku Cik Ditiro No. 1, Kel. Sunggal Kec. Medan Petisah, Kota Medan",3.585357,98.680578,3,0.5861,7,0.3982,7,0.2869,2,1.361,7,0.572,1,2.0344,1,0.6513,1,1.1432,7,0.2414,36,2,508100000,2
aset-1731,6,0,1,1,2368,26,"Jl. Marelan Raya No. 28, Kel. Merdeka Kec. Medan Barat, Kota Medan",3.614917,98.684919,4,1.1894,5,1.1545,4,1.976,1,2.8853,5,0.6986,0,3.1291,1,2.9067,1,2.5732,2,2.6338,23,2,28400000,2
aset-1732,5,0,0,1,1897,10,"Jl. Katamso No. 34, Kel. Pasar Merah Kec. Medan Perjuangan, Kota Medan",3.597278,98.643413,0,3.9142,0,3.2079,0,3.1902,0,3.0982,1,2.5664,1,2.409,0,3.8142,0,3.5243,2,1.5814,4,2,4500000,1
aset-1733,4,2,0,1,4753,15,"Jl. Marelan Raya No. 42, Kel. Padang Bulan Kec. Medan Perjuangan, Kota Medan",3.566842,98.657538,1,0.435,0,3.2486,2,1.1612,1,1.4936,2,2.5793,1,1.4626,0,3.3609,0,3.5881,1,2.4799,8,1,2400000,1
aset-1734,5,0,0,0,4381,12,"Jl. Katamso No. 45, Kel. Suka Maju Kec. Medan Area, Kota Medan",3.583459,98.667099,4,1.3963,5,1.1356,6,0.8783,2,1.1458,5,0.5702,1,1.3043,1,1.3177,1,1.4638,7,1.1094,32,2,900400000,2
aset-1735,2,2,0,1,631,8,"Blok Balai Kota No. 24, Kel. Jati Kec. Medan Petisah, Kota Medan",3.611568,98.655094,1,2.7243,1,2.7898,2,2.2561,1,2.7164,2,2.7397,1,2.1454,0,3.4149,1,2.9489,2,2.4223,11,2,2300000,1
aset-1736,6,0,0,1,5883,23,"Jl. KH Wahid Hasyim No. 10, Kel. Pandan Selamat Kec. Medan Barat, Kota Medan",3.585627,98.690177,3,1.1284,7,0.6702,6,1.0072,2,0.5107,8,0.4283,1,2.9821,1,1.5411,1,1.9245,6,0.9202,35,2,489700000,2
aset-1737,5,2,1,1,844,15,"Gang Veteran No. 15, Kel. Gaharu Kec. Medan Sunggal, Kota Medan",3.578383,98.698226,2,2.2087,4,0.5384,5,1.9207,1,0.7058,3,0.7745,0,4.1244,1,2.6865,0,3.1079,5,1.5722,21,2,4400000,2
aset-1738,5,0,1,1,1778,13,"Jl. Teuku Cik Ditiro No. 14, Kel. Titi Kuning Kec. Medan Petisah, Kota Medan",3.622311,98.711352,0,3.5364,0,3.2282,0,3.765,0,4.9234,1,2.3313,0,5.0,0,5.0,0,5.0,0,4.9745,1,5,3200000,0
aset-1739,3,0,2,0,636,15,"Lorong Diponegoro No. 10, Kel. Aur Kec. Medan Denai, Kota Medan",3.580255,98.639856,1,2.6865,0,3.8384,0,3.4537,0,3.7355,1,2.955,0,3.2364,0,4.2622,0,4.1889,1,1.9417,3,3,2500000,0
aset-1740,4,2,0,1,906,16,"Jl. Pemuda No. 10, Kel. Pulo Brayan Kec. Medan Sunggal, Kota Medan",3.550644,98.66945,1,1.9643,0,4.4176,1,1.8258,1,0.7945,0,3.8307,1,0.7737,0,4.4557,0,4.8602,0,3.157,4,1,200000,1
aset-1741,2,0,0,1,2151,9,"Jl. Sutomo No. 1, Kel. Merdeka Kec. Medan Baru, Kota Medan",3.538692,98.628731,0,4.1243,0,5.0,0,5.0,0,4.279,0,5.0,0,4.4617,0,5.0,0,5.0,0,5.0,0,0,6400000,0
aset-1742,3,0,0,1,553,24,"Jl. Cut Mutia No. 28, Kel. Pusat Pasar Kec. Medan Barat, Kota Medan",3.545291,98.690562,0,4.2329,0,4.1114,0,3.478,0,3.1669,0,4.2017,0,3.0767,0,5.0,0,5.0,0,3.396,0,1,400000,0
aset-1743,1,0,1,0,7596,27,"Jl. KH Wahid Hasyim No. 36, Kel. Petisah Tengah Kec. Medan Baru, Kota Medan",3.592304,98.714595,1,2.941,1,2.4579,1,2.5194,1,2.6563,2,2.6103,0,5.0,0,4.18,0,4.3982,0,3.665,6,2,23700000,1
aset-1744,5,0,1,0,507,19,"Jl. Gatot Subroto No. 1, Kel. Pulo Brayan Kec. Medan Johor, Kota Medan",3.592145,98.679966,3,0.3389,7,0.4404,6,0.3657,2,0.9996,8,0.4438,1,1.691,1,0.4065,1,0.5885,7,0.1961,36,2,360200000,2
aset-1745,5,0,0,2,3735,23,"Jl. Cut Mutia No. 28, Kel. Suka Maju Kec. Medan Helvetia, Kota Medan",3.535929,98.668202,0,3.2653,0,5.0,0,3.455,1,2.1678,0,5.0,1,2.2599,0,5.0,0,5.0,0,4.6911,2,2,11400000,1
aset-1746,3,2,0,1,745,22,"Jl. Putri Hijau No. 5, Kel. Suka Maju Kec. Medan Area, Kota Medan",3.58841,98.668112,3,1.0988,6,0.6684,7,0.9727,2,0.6027,7,0.3515,1,0.8101,1,1.0021,1,0.9853,7,0.6218,35,2,88500000,2
aset-1747,3,2,0,2,1651,8,"Jl. Teuku Daud No. 15, Kel. Polonia Kec. Medan Baru, Kota Medan",3.591397,98.694024,3,0.7886,7,1.0505,6,0.4117,2,1.0511,7,0.9406,0,3.2458,1,1.8956,1,2.131,6,1.4212,33,2,188900000,2
aset-1748,3,2,0,0,2501,22,"Jl. Yos Sudarso No. 3, Kel. Pulo Brayan Kec. Medan Barat, Kota Medan",3.608812,98.652714,1,2.9338,1,2.7698,2,2.3402,1,2.685,1,2.5908,1,2.0537,0,3.4117,1,2.9714,2,2.2176,10,2,4900000,1
aset-1749,6,2,0,0,761,16,"Jl. KH Wahid Hasyim No. 25, Kel. Kesawan Kec. Medan Kota, Kota Medan",3.612128,98.679612,4,0.6848,6,1.2226,5,1.5632,1,2.3318,5,0.2824,1,2.5014,1,2.4776,1,2.0797,4,2.2215,28,2,25500000,2
aset-1750,5,2,1,2,576,17,"Perumahan Cut Mutia No. 8, Kel. Pasar Merah Kec. Medan Johor, Kota Medan",3.561279,98.688513,0,3.3935,1,2.4139,3,2.3638,2,2.3572,2,2.466,1,2.6748,0,3.4397,0,3.9353,3,1.6198,12,4,300000,1
aset-1751,6,0,1,1,4247,24,"Komplek Iskandar Muda No. 5, Kel. Suka Maju Kec. Medan Barat, Kota Medan",3.577525,98.666375,2,1.8786,5,1.7208,6,1.1343,3,1.7956,4,1.0395,2,1.9491,1,1.8206,1,2.0669,7,1.5804,31,2,410900000,2
aset-1752,4,0,1,1,3137,19,"Komplek Sisingamangaraja No. 45, Kel. Gaharu Kec. Medan Sunggal, Kota Medan",3.578149,98.668946,3,1.6416,6,1.5351,6,0.8616,3,1.667,5,0.8338,2,1.9243,1,1.5923,1,1.8863,7,1.3464,34,2,417100000,2
aset-1753,3,2,0,1,349,24,"Jl. Yos Sudarso No. 5, Kel. Sikambing Kec. Medan Sunggal, Kota Medan",3.596383,98.680212,3,0.7652,7,0.6753,6,0.8319,2,1.0893,8,0.0973,1,1.6951,1,0.7942,1,0.6362,7,0.5159,36,2,115100000,2
aset-1754,5,0,1,1,21661,17,"Jl. Putri Hijau No. 34, Kel. Sei Sikambing Kec. Medan Selayang, Kota Medan",3.523062,98.653962,0,4.4521,0,5.0,0,5.0,0,3.7015,0,5.0,0,3.862,0,5.0,0,5.0,0,5.0,0,0,9700000,0
aset-1755,6,0,0,1,1268,26,"Jl. Iskandar Muda No. 7, Kel. Kesawan Kec. Medan Helvetia, Kota Medan",3.584852,98.68733,3,1.1876,7,0.5946,7,0.7901,2,0.7046,8,0.4352,1,2.723,1,1.2814,1,1.7051,6,0.638,36,2,153900000,2
aset-1756,5,0,2,1,1684,28,"Jl. Teuku Cik Ditiro No. 16, Kel. Sikambing Kec. Medan Helvetia, Kota Medan",3.580938,98.689855,2,1.6394,7,0.5831,7,0.9854,2,0.3685,6,0.4176,0,3.1707,1,1.7466,1,2.1971,6,0.8052,32,2,1566600000,2
aset-1757,4,0,0,1,2009,12,"Jl. Marelan Raya No. 32, Kel. Bantan Kec. Medan Tembung, Kota Medan",3.594627,98.700956,3,1.4087,5,1.5519,4,0.994,1,1.6586,6,1.5656,0,3.9905,1,2.7079,1,2.8814,5,2.2682,26,2,484500000,2
aset-1758,3,0,0,1,15119,15,"Lingkungan Sudirman No. 5, Kel. Polonia Kec. Medan Sunggal, Kota Medan",3.560067,98.619623,0,4.1388,0,5.0,0,5.0,0,4.9254,0,5.0,0,5.0,0,5.0,0,5.0,0,5.0,0,0,50800000,0
aset-1759,3,2,0,1,785,22,"Perumahan Imam Bonjol No. 4, Kel. Petisah Tengah Kec. Medan Johor, Kota Medan",3.521464,98.630351,0,5.0,0,5.0,0,5.0,0,5.0,0,5.0,0,5.0,0,5.0,0,5.0,0,5.0,0,1,200000,0
aset-1760,3,0,2,1,584,12,"Jl. Diponegoro No. 30, Kel. Pasar Merah Kec. Medan Kota, Kota Medan",3.585715,98.656565,2,2.413,4,1.8948,6,2.068,1,1.7951,3,1.0048,1,1.3936,1,2.3173,1,2.2437,5,0.4045,24,2,33300000,2
aset-1761,6,0,1,0,7167,24,"Jl. Setiabudi No. 36, Kel. Pusat Pasar Kec. Medan Sunggal, Kota Medan",3.594246,98.698368,3,1.1274,7,1.412,5,0.7072,1,1.4863,6,1.3851,0,3.704,1,2.4178,1,2.5934,5,1.9871,29,2,362600000,2
aset-1762,5,2,2,1,302,12,"Gang Teuku Cik Ditiro No. 2, Kel. Kesawan Kec. Medan Maimun, Kota Medan",3.614329,98.690116,3,1.5425,3,1.0635,3,2.2147,0,3.182,5,0.96,0,3.5196,0,3.0719,1,2.8149,1,2.7934,16,2,1200000,1
aset-1763,2,2,0,0,1264,27,"Jl. Pemuda No. 28, Kel. Polonia Kec. Medan Selayang, Kota Medan",3.616877,98.625929,0,5.0,0,5.0,0,5.0,0,5.0,0,5.0,0,4.9717,0,5.0,0,5.0,0,4.474,0,1,100000,0
aset-1764,3,2,2,1,1848,12,"Jl. Teuku Cik Ditiro No. 50, Kel. Bantan Kec. Medan Perjuangan, Kota Medan",3.604413,98.641535,0,4.1614,0,3.6112,0,3.4117,0,3.5075,0,3.1174,1,2.8065,0,4.2496,0,3.8901,1,2.2738,2,4,1700000,0
aset-1765,5,0,0,1,820,11,"Jl. Teuku Daud No. 25, Kel. Merdeka Kec. Medan Petisah, Kota Medan",3.577408,98.625441,0,3.8312,0,5.0,0,4.8628,0,4.9287,0,4.5754,0,4.8062,0,5.0,0,5.0,0,3.5245,0,0,4600000,0
aset-1766,2,0,0,1,2147,22,"Jl. Yos Sudarso No. 16, Kel. Petisah Tengah Kec. Medan Marelan, Kota Medan",3.573318,98.614184,0,4.8667,0,5.0,0,5.0,0,5.0,0,5.0,0,5.0,0,5.0,0,5.0,0,4.8537,0,5,1600000,0
aset-1767,4,0,0,1,4493,27,"Lorong Imam Bonjol No. 25, Kel. Suka Maju Kec. Medan Maimun, Kota Medan",3.629791,98.677888,2,0.4237,1,2.9763,1,0.873,0,4.1618,2,2.2276,0,4.1246,0,4.4257,0,3.9927,0,4.1283,6,2,42400000,1
aset-1768,6,2,0,0,1094,15,"Jl. Gatot Subroto No. 4, Kel. Jati Kec. Medan Polonia, Kota Medan",3.559216,98.596403,0,5.0,0,5.0,0,5.0,0,5.0,0,5.0,0,5.0,0,5.0,0,5.0,0,5.0,0,1,500000,0
aset-1769,3,2,0,1,4957,17,"Jl. Cut Mutia No. 22, Kel. Kesawan Kec. Medan Denai, Kota Medan",3.597603,98.696905,3,0.9806,7,1.2857,6,0.6445,2,1.7883,6,1.1604,0,3.5525,1,2.3652,1,2.4637,5,2.0313,31,2,159500000,2
aset-1770,2,0,2,1,1371,6,"Jl. Putri Hijau No. 30, Kel. Pandan Selamat Kec. Medan Denai, Kota Medan",3.588416,98.644075,0,3.1593,0,3.1407,0,3.369,0,3.0312,1,2.3231,1,2.4348,0,3.6581,0,3.4877,2,1.2141,4,3,2500000,1
aset-1771,5,2,1,1,1622,8,"Jl. Cut Mutia No. 5, Kel. Padang Bulan Kec. Medan Kota, Kota Medan",3.600312,98.688816,3,0.5271,7,0.5291,6,0.7365,2,2.0885,8,0.9158,1,2.7082,1,1.7419,1,1.6863,6,1.4838,35,2,936100000,2
aset-1772,2,2,0,2,612,15,"Blok Thamrin No. 14, Kel. Merdeka Kec. Medan Baru, Kota Medan",3.534958,98.648591,0,3.2485,0,5.0,0,4.1634,1,2.7801,0,5.0,1,2.965,0,5.0,0,5.0,0,5.0,2,1,300000,1
aset-1773,4,0,0,0,876,20,"Lorong Imam Bonjol No. 18, Kel. Jati Kec. Medan Petisah, Kota Medan",3.545754,98.634714,0,3.1122,0,5.0,0,4.385,0,3.3739,0,5.0,0,3.5491,0,5.0,0,5.0,0,5.0,0,5,1900000,1
aset-1774,4,2,0,1,1456,11,"Jl. Balai Kota No. 24, Kel. Merdeka Kec. Medan Area, Kota Medan",3.577892,98.666373,2,1.8491,5,1.6855,6,1.1132,3,1.7567,4,1.0073,2,1.9085,1,1.7898,1,2.031,7,1.5507,31,2,18400000,2
aset-1775,3,2,1,0,229,25,"Jl. Balai Kota No. 48, Kel. Pulo Brayan Kec. Medan Baru, Kota Medan",3.62851,98.685583,2,0.6397,1,2.6279,1,1.6422,0,4.2673,3,2.1201,0,4.3705,0,4.3868,0,4.013,0,4.1198,7,2,800000,1
aset-1776,4,0,0,1,1338,11,"Jl. Sisingamangaraja No. 28, Kel. Pusat Pasar Kec. Medan Maimun, Kota Medan",3.568652,98.702144,0,3.3674,1,1.6828,1,2.7531,1,1.798,2,1.8909,0,4.3557,0,3.6636,0,4.1254,2,2.1479,7,2,18000000,1
aset-1777,4,2,0,0,650,18,"Jl. Diponegoro No. 36, Kel. Jati Kec. Medan Sunggal, Kota Medan",3.598415,98.664345,3,1.7774,6,1.0413,5,0.875,1,0.9529,6,1.0494,1,0.3866,1,1.6876,1,1.2803,5,0.6368,29,2,12000000,2
aset-1778,1,2,0,1,667,17,"Jl. Putri Hijau No. 3, Kel. Gaharu Kec. Medan Tembung, Kota Medan",3.54616,98.651865,1,1.9509,0,5.0,1,2.9285,1,1.6339,0,4.8626,1,1.8226,0,5.0,0,5.0,0,4.7762,4,1,300000,0
aset-1779,1,2,0,1,275,16,"Jl. HM Yamin No. 28, Kel. Padang Bulan Kec. Medan Marelan, Kota Medan",3.573199,98.719029,0,4.223,1,2.8405,0,3.8219,0,3.0499,0,3.0873,0,5.0,0,5.0,0,5.0,0,3.8816,1,1,100000,0
aset-1780,3,0,0,1,2569,13,"Jl. Veteran No. 18, Kel. Polonia Kec. Medan Perjuangan, Kota Medan",3.542597,98.609177,0,5.0,0,5.0,0,5.0,0,5.0,0,5.0,0,5.0,0,5.0,0,5.0,0,5.0,0,0,2100000,0
aset-1781,1,2,1,1,754,6,"Jl. Ahmad Yani No. 12, Kel. Pulo Brayan Kec. Medan Perjuangan, Kota Medan",3.584799,98.693621,3,1.3383,7,0.3468,6,1.0936,2,0.3188,6,0.2116,0,3.3727,1,1.9331,1,2.3059,5,1.3127,31,2,71800000,2
aset-1782,4,2,1,1,451,6,"Jl. Thamrin No. 48, Kel. Sikambing Kec. Medan Petisah, Kota Medan",3.623496,98.622832,0,5.0,0,5.0,0,5.0,0,5.0,0,5.0,0,5.0,0,5.0,0,5.0,0,5.0,0,1,100000,0
aset-1783,6,2,1,2,121,13,"Jl. Pemuda No. 8, Kel. Sikambing Kec. Medan Area, Kota Medan",3.514908,98.61042,0,5.0,0,5.0,0,5.0,0,5.0,0,5.0,0,5.0,0,5.0,0,5.0,0,5.0,0,1,100000,0
aset-1784,4,2,0,1,1607,19,"Jl. Thamrin No. 6, Kel. Padang Bulan Kec. Medan Tembung, Kota Medan",3.57792,98.70562,1,2.7495,3,1.2629,2,2.3841,1,1.4722,2,1.5102,0,4.8917,0,3.4485,0,3.8398,3,2.3831,12,1,1100000,1
aset-1785,6,2,0,2,828,21,"Jl. Marelan Raya No. 20, Kel. Pandan Selamat Kec. Medan Perjuangan, Kota Medan",3.552888,98.687737,0,3.6128,0,3.3359,1,2.6945,1,2.677,0,3.3989,1,2.547,0,4.2952,0,4.785,2,2.5063,5,1,400000,1
aset-1786,6,2,1,1,2259,22,"Jl. Iskandar Muda No. 3, Kel. Titi Kuning Kec. Medan Johor, Kota Medan",3.600692,98.664384,3,1.7261,6,1.2024,6,0.8463,1,1.1272,6,1.3019,1,0.6366,1,1.8367,1,1.3934,5,0.8454,30,2,143500000,2
aset-1787,3,0,0,2,1485,24,"Jl. Iskandar Muda No. 22, Kel. Pulo Brayan Kec. Medan Helvetia, Kota Medan",3.592001,98.668878,3,1.0282,6,0.3639,7,0.9857,2,0.2604,7,0.5445,1,0.5444,1,0.9284,1,0.7149,7,0.2427,35,2,641900000,2
aset-1788,4,0,1,1,1231,14,"Jl. Thamrin No. 32, Kel. Sikambing Kec. Medan Polonia, Kota Medan",3.586308,98.696844,3,1.4023,7,0.5209,5,1.0577,2,0.6414,6,0.5632,0,3.6637,1,2.2401,1,2.5706,5,1.6491,30,2,95300000,2
aset-1789,6,0,1,0,8858,28,"Jl. Sisingamangaraja No. 1, Kel. Aur Kec. Medan Labuhan, Kota Medan",3.605812,98.658674,2,2.2558,3,2.0534,3,1.6008,1,1.975,5,1.9969,1,1.3922,1,2.6884,1,2.2378,4,1.6722,21,2,167400000,2
aset-1790,2,0,1,1,3864,17,"Jl. HM Yamin No. 25, Kel. Suka Maju Kec. Medan Marelan, Kota Medan",3.580711,98.716837,0,3.5736,1,2.4276,0,3.1541,1,2.6492,1,2.6576,0,5.0,0,4.54,0,4.8724,0,3.6536,3,0,18300000,1
aset-1791,5,2,0,1,418,18,"Perumahan HM Yamin No. 20, Kel. Petisah Tengah Kec. Medan Sunggal, Kota Medan",3.612183,98.607209,0,5.0,0,5.0,0,5.0,0,5.0,0,5.0,0,5.0,0,5.0,0,5.0,0,5.0,0,1,500000,0
aset-1792,6,0,2,0,9234,6,"Blok Setiabudi No. 20, Kel. Bantan Kec. Medan Perjuangan, Kota Medan",3.588039,98.718747,0,3.4819,1,2.7196,0,3.054,1,2.9352,1,2.9118,0,5.0,0,4.6381,0,4.8999,0,4.0465,3,3,8000000,1
aset-1793,4,2,0,1,167,25,"Jl. KH Wahid Hasyim No. 12, Kel. Petisah Tengah Kec. Medan Polonia, Kota Medan",3.509716,98.627031,0,5.0,0,5.0,0,5.0,0,5.0,0,5.0,0,5.0,0,5.0,0,5.0,0,5.0,0,1,100000,0
aset-1794,4,0,0,1,2116,25,"Jl. Veteran No. 32, Kel. Suka Maju Kec. Medan Labuhan, Kota Medan",3.561117,98.657199,1,0.214,0,3.8102,1,1.3656,1,0.9992,0,3.1226,1,1.036,0,3.8915,0,4.156,0,3.1101,4,5,5000000,1
aset-1795,1,2,0,1,543,26,"Gang Setiabudi No. 34, Kel. Pulo Brayan Kec. Medan Barat, Kota Medan",3.592501,98.690176,3,0.4026,7,0.7623,6,0.3006,2,1.209,8,0.7619,1,2.8077,1,1.4885,1,1.6924,6,1.0943,35,2,23200000,2
aset-1796,4,0,0,1,1920,21,"Perumahan Teuku Daud No. 30, Kel. Gaharu Kec. Medan Helvetia, Kota Medan",3.621447,98.678658,2,1.2018,1,2.1022,2,0.9892,0,3.2754,4,1.2991,0,3.3084,0,3.5016,0,3.0789,0,3.2525,9,2,9800000,1
aset-1797,5,2,0,0,837,26,"Perumahan Balai Kota No. 22, Kel. Titi Kuning Kec. Medan Deli, Kota Medan",3.560482,98.715703,0,4.9495,0,3.3172,0,4.5107,0,3.4746,0,3.5521,0,5.0,0,5.0,0,5.0,0,3.8858,0,4,600000,0
aset-1798,6,0,0,2,1768,7,"Jl. Iskandar Muda No. 10, Kel. Pandan Selamat Kec. Medan Baru, Kota Medan",3.592316,98.688364,3,0.3652,7,0.5767,6,0.4709,2,1.2572,8,0.608,1,2.61,1,1.2872,1,1.4949,6,0.921,35,2,190300000,2
aset-1799,5,0,1,1,1921,12,"Jl. Sudirman No. 50, Kel. Pasar Merah Kec. Medan Petisah, Kota Medan",3.572497,98.658946,2,1.0825,3,2.6503,5,1.1761,2,2.0266,2,1.9542,2,1.9535,1,2.7932,1,2.9818,5,1.8866,23,2,99500000,2
aset-1800,5,2,0,0,390,22,"Jl. Veteran No. 18, Kel. Titi Kuning Kec. Medan Johor, Kota Medan",3.538459,98.688523,0,4.4544,0,4.8946,0,3.9064,0,3.3063,0,4.9776,0,3.2588,0,5.0,0,5.0,0,4.1065,0,1,300000,0
aset-1801,3,0,2,2,6849,27,"Lingkungan Katamso No. 2, Kel. Padang Bulan Kec. Medan Barat, Kota Medan",3.587763,98.660269,3,1.971,5,1.4262,6,1.7185,1,1.3257,4,0.5428,1,0.9609,1,1.8734,1,1.7758,7,0.6007,29,2,462000000,2
aset-1802,3,2,0,1,1323,17,"Jl. Pemuda No. 30, Kel. Jati Kec. Medan Perjuangan, Kota Medan",3.589123,98.674486,3,0.3886,7,0.2156,7,0.5011,2,0.5792,7,0.5351,1,1.2391,1,0.2955,1,0.5453,7,0.2093,36,2,257000000,2
aset-1803,5,0,1,0,1458,6,"Jl. Iskandar Muda No. 45, Kel. Pulo Brayan Kec. Medan Deli, Kota Medan",3.554812,98.636458,1,2.4342,0,5.0,0,3.7537,0,3.0233,0,4.9483,0,3.1704,0,5.0,0,5.0,0,4.3228,1,0,1400000,0
aset-1804,1,2,0,1,1143,8,"Jl. Teuku Cik Ditiro No. 25, Kel. Petisah Tengah Kec. Medan Helvetia, Kota Medan",3.540407,98.69108,0,4.559,0,4.6453,0,3.9121,0,3.4396,0,4.7409,0,3.374,0,5.0,0,5.0,0,3.9391,0,1,300000,0
aset-1805,1,0,0,1,4738,22,"Jl. HM Yamin No. 20, Kel. Titi Kuning Kec. Medan Kota, Kota Medan",3.61498,98.664741,2,1.8711,4,2.5734,2,1.4086,1,2.5408,4,1.8874,1,2.2218,0,3.0929,1,2.5958,2,2.3607,17,2,33000000,1
aset-1806,3,2,1,1,932,8,"Gang Teuku Cik Ditiro No. 50, Kel. Padang Bulan Kec. Medan Maimun, Kota Medan",3.626147,98.704414,1,2.6786,1,2.9744,0,3.7081,0,5.0,1,2.2234,0,5.0,0,5.0,0,4.8407,0,4.7656,3,4,600000,1
aset-1807,3,0,0,1,1380,22,"Jl. Jamin Ginting No. 4, Kel. Bantan Kec. Medan Johor, Kota Medan",3.544047,98.657947,1,2.1113,0,5.0,1,2.7854,1,1.3653,0,4.8134,1,1.5425,0,5.0,0,5.0,0,4.4965,4,5,2900000,1
aset-1808,5,0,0,0,2841,23,"Jl. Setiabudi No. 5, Kel. Aur Kec. Medan Selayang, Kota Medan",3.591381,98.713521,1,2.838,1,2.305,1,2.4134,1,2.5049,2,2.4607,0,5.0,0,4.0559,0,4.2849,0,3.5319,6,2,19600000,1
aset-1809,1,2,0,1,572,25,"Gang Sutomo No. 24, Kel. Pusat Pasar Kec. Medan Baru, Kota Medan",3.582715,98.655473,2,2.1971,3,2.1615,6,2.1673,1,2.0682,2,1.2674,1,1.7274,1,2.5226,1,2.5042,5,0.7009,22,2,8100000,1
aset-1810,2,2,1,1,1445,20,"Jl. Cut Mutia No. 36, Kel. Polonia Kec. Medan Perjuangan, Kota Medan",3.546071,98.665394,1,2.1102,0,5.0,1,2.3451,1,0.9996,0,4.3904,1,1.1049,0,5.0,0,5.0,0,3.8259,4,1,400000,1
aset-1811,3,0,1,1,688,25,"Jl. Sisingamangaraja No. 12, Kel. Pasar Merah Kec. Medan Barat, Kota Medan",3.634511,98.668235,1,1.4438,0,3.9471,1,0.9949,0,4.626,0,3.0717,0,4.4081,0,5.0,0,4.5668,0,4.5047,2,3,3000000,0
aset-1812,6,2,1,0,806,24,"Jl. Gatot Subroto No. 14, Kel. Pulo Brayan Kec. Medan Deli, Kota Medan",3.565631,98.663468,1,0.7957,0,3.0535,4,0.5255,1,1.1935,2,2.3527,1,1.0843,0,3.0981,0,3.4043,4,2.5001,13,5,4900000,1
aset-1813,5,0,1,0,439,10,"Jl. Cut Mutia No. 15, Kel. Suka Maju Kec. Medan Sunggal, Kota Medan",3.633297,98.700842,1,2.2066,0,3.4542,0,3.4096,0,5.0,1,2.8638,0,5.0,0,5.0,0,5.0,0,5.0,2,2,2400000,0
aset-1814,6,0,1,0,1062,23,"Jl. Teuku Daud No. 18, Kel. Kesawan Kec. Medan Barat, Kota Medan",3.553337,98.690301,0,3.8701,0,3.2295,1,2.904,1,2.9573,0,3.3119,1,2.8235,0,4.3357,0,4.8298,2,2.522,5,0,20400000,1
aset-1815,6,2,0,1,5015,19,"Jl. Jamin Ginting No. 45, Kel. Pusat Pasar Kec. Medan Petisah, Kota Medan",3.564728,98.695092,0,3.3874,2,1.9206,1,2.4424,1,1.9345,2,2.0449,0,3.4777,0,3.4537,0,3.9454,3,1.6949,9,2,2800000,1
aset-1816,6,0,0,0,1687,16,"Jl. Diponegoro No. 8, Kel. Jati Kec. Medan Marelan, Kota Medan",3.526429,98.659526,0,4.0778,0,5.0,0,4.6083,0,3.1996,0,5.0,0,3.3438,0,5.0,0,5.0,0,5.0,0,3,3300000,0
aset-1817,5,2,1,0,2854,22,"Jl. HM Yamin No. 25, Kel. Pusat Pasar Kec. Medan Polonia, Kota Medan",3.596067,98.698642,3,1.1489,7,1.5432,6,0.7574,1,1.6848,6,1.3589,0,3.7353,1,2.4947,1,2.6337,5,2.1041,30,2,142600000,2
aset-1818,2,0,0,0,5009,13,"Jl. Marelan Raya No. 34, Kel. Gaharu Kec. Medan Marelan, Kota Medan",3.54479,98.63053,0,3.5496,0,5.0,0,4.8365,0,3.8491,0,5.0,0,4.0235,0,5.0,0,5.0,0,5.0,0,1,2100000,0
aset-1819,5,2,0,1,3087,25,"Jl. Katamso No. 42, Kel. Bantan Kec. Medan Helvetia, Kota Medan",3.578503,98.689127,2,1.7772,7,0.759,6,0.9654,2,0.5796,5,0.6594,0,3.2456,1,1.8562,1,2.3296,6,0.5947,30,2,66400000,2
aset-1820,3,2,2,1,1689,15,"Jl. Teuku Cik Ditiro No. 10, Kel. Bantan Kec. Medan Selayang, Kota Medan",3.545779,98.644686,1,2.3397,0,5.0,0,3.5018,1,2.3413,0,5.0,1,2.5248,0,5.0,0,5.0,0,4.9404,3,4,600000,0
aset-1821,3,2,0,1,3513,21,"Jl. Yos Sudarso No. 34, Kel. Merdeka Kec. Medan Tembung, Kota Medan",3.570796,98.678678,3,2.126,6,1.9722,5,1.2287,3,2.0195,5,1.7446,1,2.2385,1,2.1435,1,2.6122,6,0.7516,31,2,49800000,2
aset-1822,3,2,0,1,557,27,"Jl. Yos Sudarso No. 30, Kel. Sunggal Kec. Medan Timur, Kota Medan",3.559355,98.697409,0,4.0279,1,2.5322,0,3.0716,1,2.5652,1,2.6744,0,3.616,0,4.0917,0,4.5854,2,2.305,5,1,500000,1
aset-1823,3,2,1,1,1132,14,"Jl. Pemuda No. 28, Kel. Aur Kec. Medan Helvetia, Kota Medan",3.572238,98.693871,2,2.6454,4,1.0927,6,1.7675,1,1.0897,3,1.2005,0,3.6778,1,2.7214,0,3.2002,5,1.1514,22,2,22600000,1
aset-1824,5,0,0,1,3085,10,"Jl. Thamrin No. 5, Kel. Jati Kec. Medan Marelan, Kota Medan",3.519069,98.692552,0,5.0,0,5.0,0,5.0,0,5.0,0,5.0,0,5.0,0,5.0,0,5.0,0,5.0,0,0,5600000,0
aset-1825,1,0,0,0,1714,14,"Jl. Sutomo No. 36, Kel. Sunggal Kec. Medan Tembung, Kota Medan",3.538918,98.647233,1,2.8806,0,5.0,0,3.881,1,2.5491,0,5.0,1,2.7378,0,5.0,0,5.0,0,5.0,3,2,6600000,1
aset-1826,3,0,1,1,741,16,"Jl. Katamso No. 48, Kel. Titi Kuning Kec. Medan Helvetia, Kota Medan",3.629988,98.704905,1,2.6622,0,3.3526,0,3.7886,0,5.0,1,2.6371,0,5.0,0,5.0,0,5.0,0,5.0,2,2,5500000,0
aset-1827,1,2,2,1,1460,18,"Jl. Diponegoro No. 18, Kel. Pulo Brayan Kec. Medan Deli, Kota Medan",3.539553,98.683063,0,3.9106,0,4.9022,0,3.4798,1,2.7441,0,4.9553,1,2.7135,0,5.0,0,5.0,0,3.9537,2,4,200000,0
aset-1828,1,0,0,1,955,14,"Jl. Yos Sudarso No. 20, Kel. Kesawan Kec. Medan Denai, Kota Medan",3.596372,98.705436,1,1.9036,4,1.9736,1,1.5055,1,2.1115,5,1.6639,0,4.49,0,3.2343,0,3.3879,1,2.8018,13,2,33600000,1
aset-1829,3,0,0,1,2275,27,"Blok Iskandar Muda No. 14, Kel. Merdeka Kec. Medan Polonia, Kota Medan",3.627259,98.66806,2,1.5297,0,3.32,1,0.355,0,3.8234,2,2.3969,0,3.6031,0,4.2601,0,3.7776,0,3.6982,5,0,6800000,1
aset-1830,2,0,2,1,3441,21,"Jl. Iskandar Muda No. 36, Kel. Aur Kec. Medan Kota, Kota Medan",3.54906,98.655579,1,1.5559,0,5.0,1,2.4247,1,1.1108,0,4.3922,1,1.2994,0,5.0,0,5.0,0,4.2735,4,5,9700000,1
aset-1831,1,0,0,0,2184,21,"Jl. Setiabudi No. 48, Kel. Pasar Merah Kec. Medan Barat, Kota Medan",3.554103,98.696424,0,4.4799,0,3.106,0,3.4651,0,3.1252,0,3.2356,0,3.4938,0,4.5364,0,5.0,2,2.7171,2,0,8400000,1
aset-1832,1,2,0,0,1150,9,"Jl. Gatot Subroto No. 50, Kel. Pandan Selamat Kec. Medan Tembung, Kota Medan",3.585029,98.639223,0,3.1314,0,3.744,0,3.7708,0,3.6362,1,2.8946,0,3.068,0,4.2287,0,4.0939,1,1.8058,2,1,300000,0
aset-1833,1,0,0,0,2073,16,"Jl. Iskandar Muda No. 5, Kel. Pasar Merah Kec. Medan Timur, Kota Medan",3.578805,98.652408,1,1.8237,2,2.6868,2,2.1719,2,2.5978,2,1.7994,2,2.2794,1,2.9997,0,3.0234,3,1.1696,15,2,27400000,1
aset-1834,4,2,0,1,461,17,"Jl. Sutomo No. 14, Kel. Sei Sikambing Kec. Medan Barat, Kota Medan",3.58933,98.710908,1,2.604,2,1.9444,1,2.1756,1,2.148,3,2.1083,0,5.0,0,3.7637,0,4.0186,0,3.2185,8,2,500000,1
aset-1835,3,0,0,0,1666,7,"Jl. Gatot Subroto No. 4, Kel. Sei Sikambing Kec. Medan Denai, Kota Medan",3.598436,98.662901,3,1.9162,6,1.1769,5,1.0308,1,1.0832,6,1.0748,1,0.4475,1,1.8243,1,1.4305,5,0.7507,29,2,192500000,2
aset-1836,1,0,0,0,1690,8,"Jl. Teuku Daud No. 7, Kel. Gaharu Kec. Medan Denai, Kota Medan",3.59919,98.60868,0,5.0,0,5.0,0,5.0,0,5.0,0,5.0,0,5.0,0,5.0,0,5.0,0,5.0,0,2,5400000,0
aset-1837,2,2,1,2,615,24,"Lorong Ahmad Yani No. 28, Kel. Suka Maju Kec. Medan Kota, Kota Medan",3.525029,98.662482,0,4.269,0,5.0,0,4.707,0,3.3242,0,5.0,0,3.4551,0,5.0,0,5.0,0,5.0,0,4,100000,0
aset-1838,2,2,0,1,759,22,"Komplek KH Wahid Hasyim No. 12, Kel. Pusat Pasar Kec. Medan Johor, Kota Medan",3.554242,98.65419,1,1.016,0,4.641,1,2.0884,1,1.0579,0,3.9501,1,1.2155,0,4.7135,0,4.9877,0,3.8659,4,1,400000,0
aset-1839,1,0,1,0,2207,18,"Lorong Imam Bonjol No. 36, Kel. Pasar Merah Kec. Medan Perjuangan, Kota Medan",3.554108,98.620332,0,4.1663,0,5.0,0,5.0,0,4.8139,0,5.0,0,4.9618,0,5.0,0,5.0,0,5.0,0,0,1600000,0
aset-1840,1,2,0,1,1400,20,"Jl. Thamrin No. 40, Kel. Sikambing Kec. Medan Baru, Kota Medan",3.545019,98.711484,0,5.0,0,4.5007,0,5.0,0,4.5954,0,4.6951,0,5.0,0,5.0,0,5.0,0,4.5343,0,1,600000,0
aset-1841,3,2,1,1,1511,12,"Jl. Imam Bonjol No. 25, Kel. Jati Kec. Medan Labuhan, Kota Medan",3.606489,98.698276,3,1.6407,5,1.1523,3,1.5041,1,2.7853,6,0.3033,0,3.9076,1,2.9894,1,2.9327,2,2.7365,22,2,9800000,2
aset-1842,5,0,0,0,2474,13,"Gang Imam Bonjol No. 40, Kel. Pusat Pasar Kec. Medan Helvetia, Kota Medan",3.558201,98.640554,1,1.8802,0,5.0,0,3.1992,1,2.5948,0,4.369,1,2.724,0,5.0,0,5.0,0,3.7813,3,0,6800000,1
aset-1843,2,2,0,1,884,18,"Jl. Imam Bonjol No. 16, Kel. Pasar Merah Kec. Medan Denai, Kota Medan",3.604871,98.694738,3,1.2543,7,0.7479,4,1.1926,2,2.5504,6,0.3751,0,3.4779,1,2.5709,1,2.5018,3,2.3138,27,2,26100000,2
aset-1844,3,2,1,2,766,21,"Komplek Sisingamangaraja No. 22, Kel. Sunggal Kec. Medan Barat, Kota Medan",3.594354,98.652883,1,2.8201,3,2.1269,4,2.2222,1,2.0162,2,1.4706,1,1.3466,1,2.7199,1,2.4548,4,0.64,18,2,12800000,1
aset-1845,6,2,0,0,1134,6,"Jl. Cut Mutia No. 3, Kel. Merdeka Kec. Medan Barat, Kota Medan",3.619562,98.655706,1,2.9927,0,3.4631,2,1.842,0,3.4065,0,3.0016,1,2.9194,0,4.0484,0,3.5586,0,3.1528,4,2,700000,0
aset-1846,1,2,1,0,7379,13,"Blok Setiabudi No. 3, Kel. Sikambing Kec. Medan Baru, Kota Medan",3.603213,98.614967,0,5.0,0,5.0,0,5.0,0,5.0,0,5.0,0,5.0,0,5.0,0,5.0,0,4.7155,0,1,300000,0
aset-1847,2,2,0,1,1371,20,"Jl. Pemuda No. 36, Kel. Titi Kuning Kec. Medan Kota, Kota Medan",3.613542,98.604931,0,5.0,0,5.0,0,5.0,0,5.0,0,5.0,0,5.0,0,5.0,0,5.0,0,5.0,0,1,800000,0
aset-1848,3,0,0,1,1768,16,"Jl. Teuku Cik Ditiro No. 6, Kel. Petisah Tengah Kec. Medan Denai, Kota Medan",3.545045,98.679392,0,3.2051,0,4.4594,1,2.7493,1,2.0577,0,4.4825,1,2.0088,0,5.0,0,5.0,0,3.3792,3,2,4100000,1
aset-1849,3,2,0,1,1705,27,"Lorong Cut Mutia No. 15, Kel. Bantan Kec. Medan Deli, Kota Medan",3.621281,98.702982,1,2.715,1,2.458,0,3.2177,0,4.5062,3,1.6677,0,5.0,0,4.518,0,4.3411,0,4.245,5,2,1700000,1
aset-1850,6,2,0,1,399,23,"Jl. Katamso No. 22, Kel. Gaharu Kec. Medan Denai, Kota Medan",3.599419,98.696093,3,0.9634,7,1.0917,6,0.7109,2,1.967,6,0.9543,0,3.4853,1,2.3635,1,2.4171,4,2.0863,30,2,27100000,2
aset-1851,6,2,1,1,972,13,"Komplek KH Wahid Hasyim No. 48, Kel. Suka Maju Kec. Medan Baru, Kota Medan",3.586503,98.661884,3,1.8171,5,1.335,6,1.5068,1,1.2431,4,0.4434,1,1.0061,1,1.722,1,1.6773,7,0.8129,29,2,40700000,2
aset-1852,4,2,1,0,681,24,"Jl. Setiabudi No. 7, Kel. Pusat Pasar Kec. Medan Timur, Kota Medan",3.612982,98.625425,0,5.0,0,5.0,0,5.0,0,5.0,0,5.0,0,4.8256,0,5.0,0,5.0,0,4.2289,0,1,300000,0
aset-1853,2,0,0,1,1983,21,"Blok Thamrin No. 34, Kel. Merdeka Kec. Medan Tembung, Kota Medan",3.57977,98.695626,2,1.9389,6,0.2575,5,1.6359,1,0.3826,4,0.4625,0,3.7973,1,2.3594,1,2.7827,5,1.3222,25,2,188700000,2
aset-1854,1,0,0,1,645,24,"Jl. Jamin Ginting No. 5, Kel. Gaharu Kec. Medan Polonia, Kota Medan",3.612278,98.681312,4,0.7437,6,1.0981,5,1.6857,1,2.4299,5,0.2556,1,2.6396,1,2.5229,1,2.1497,4,2.2591,28,2,123400000,2
aset-1855,5,2,0,2,1603,20,"Jl. Veteran No. 22, Kel. Pusat Pasar Kec. Medan Deli, Kota Medan",3.591996,98.715274,0,3.0201,1,2.5095,1,2.5978,1,2.7103,2,2.6666,0,5.0,0,4.2533,0,4.475,0,3.7342,5,2,1000000,1
aset-1856,2,0,1,0,2367,13,"Jl. Katamso No. 5, Kel. Pulo Brayan Kec. Medan Baru, Kota Medan",3.575241,98.631175,0,3.1528,0,4.9423,0,4.1883,0,4.2597,0,4.0536,0,4.3208,0,5.0,0,5.0,0,3.0548,0,0,3200000,0
aset-1857,1,0,1,0,4759,20,"Jl. Sisingamangaraja No. 18, Kel. Jati Kec. Medan Deli, Kota Medan",3.569534,98.696353,0,3.0331,3,1.3943,5,2.1687,1,1.4353,2,1.5429,0,3.7911,0,3.1292,0,3.6079,3,1.5143,14,2,31300000,1
aset-1858,5,2,0,0,1015,24,"Perumahan Veteran No. 50, Kel. Pandan Selamat Kec. Medan Sunggal, Kota Medan",3.58415,98.668572,4,1.2167,6,0.9711,7,0.7247,2,1.0203,5,0.392,1,1.2699,1,1.1393,1,1.3071,7,0.9289,34,2,214600000,2
aset-1859,3,0,1,0,1915,25,"Jl. Setiabudi No. 50, Kel. Gaharu Kec. Medan Denai, Kota Medan",3.578014,98.69048,2,1.9225,6,0.6694,6,1.1251,2,0.5241,4,0.6209,0,3.4005,1,2.0036,1,2.472,5,0.7197,27,2,544300000,2
aset-1860,3,2,0,1,908,9,"Jl. KH Wahid Hasyim No. 32, Kel. Bantan Kec. Medan Selayang, Kota Medan",3.552528,98.68447,0,3.2842,0,3.4793,1,2.4353,1,2.3201,0,3.5181,1,2.195,0,4.2484,0,4.7297,2,2.5107,5,1,700000,1
aset-1861,3,0,1,1,1128,11,"Jl. Yos Sudarso No. 30, Kel. Pulo Brayan Kec. Medan Kota, Kota Medan",3.60724,98.647012,0,3.5525,0,3.1933,1,2.8784,0,3.0974,1,2.8458,1,2.416,0,3.8406,0,3.4372,2,2.2135,5,2,6400000,1
aset-1862,1,2,0,1,1342,15,"Jl. Thamrin No. 48, Kel. Pandan Selamat Kec. Medan Baru, Kota Medan",3.578427,98.661292,2,1.7864,5,1.9858,6,1.4727,2,1.9459,4,1.2456,2,1.8882,1,2.1667,1,2.3049,7,1.3674,30,2,152700000,2
aset-1863,2,0,2,1,3067,9,"Jl. Teuku Daud No. 1, Kel. Pulo Brayan Kec. Medan Selayang, Kota Medan",3.57697,98.639781,1,2.4455,0,3.9953,0,3.3221,0,3.6151,0,3.102,0,3.4428,0,4.3773,0,4.3431,1,2.1546,2,3,1300000,0
aset-1864,3,0,0,1,1342,8,"Lorong Gatot Subroto No. 15, Kel. Polonia Kec. Medan Labuhan, Kota Medan",3.55861,98.705275,0,4.524,1,2.8398,0,3.7138,1,2.936,0,3.0349,0,4.4791,0,4.6935,0,5.0,1,2.9982,3,0,6600000,1
aset-1865,5,2,1,0,2487,20,"Gang Ahmad Yani No. 6, Kel. Pulo Brayan Kec. Medan Area, Kota Medan",3.523013,98.653246,0,4.4638,0,5.0,0,5.0,0,3.7307,0,5.0,0,3.893,0,5.0,0,5.0,0,5.0,0,1,300000,0
aset-1866,1,2,1,0,491,25,"Jl. Yos Sudarso No. 15, Kel. Jati Kec. Medan Perjuangan, Kota Medan",3.590064,98.704023,2,1.8502,4,1.3441,4,1.4225,1,1.5167,5,1.4537,0,4.3652,1,2.9989,0,3.2504,4,2.4676,21,2,12100000,2
aset-1867,2,0,0,0,895,10,"Jl. Sutomo No. 24, Kel. Jati Kec. Medan Helvetia, Kota Medan",3.62638,98.694475,2,1.6207,1,2.4836,1,2.6055,0,4.5347,3,2.0508,0,4.7828,0,4.4861,0,4.1994,0,4.208,7,2,5400000,1
aset-1868,5,2,0,1,435,25,"Jl. Ahmad Yani No. 18, Kel. Aur Kec. Medan Maimun, Kota Medan",3.59537,98.647813,0,3.3939,2,2.6971,1,2.7396,1,2.5867,2,2.0346,1,1.9078,0,3.2936,0,3.0209,2,1.0667,9,2,800000,1
aset-1869,2,0,1,1,669,10,"Jl. Teuku Daud No. 12, Kel. Merdeka Kec. Medan Sunggal, Kota Medan",3.537224,98.657142,1,2.8665,0,5.0,0,3.5235,1,2.096,0,5.0,1,2.2627,0,5.0,0,5.0,0,5.0,3,2,2200000,1
aset-1870,2,2,2,1,2075,18,"Perumahan Thamrin No. 48, Kel. Pulo Brayan Kec. Medan Timur, Kota Medan",3.524996,98.67781,0,4.8265,0,5.0,0,4.7959,0,3.6755,0,5.0,0,3.7291,0,5.0,0,5.0,0,5.0,0,4,500000,0
aset-1871,1,0,1,1,3572,26,"Jl. Yos Sudarso No. 18, Kel. Jati Kec. Medan Tembung, Kota Medan",3.590533,98.672953,3,0.5535,7,0.1272,7,0.6924,2,0.3496,7,0.6243,1,1.0128,1,0.453,1,0.4474,7,0.4401,36,2,779400000,2
aset-1872,5,0,1,1,1784,8,"Perumahan Iskandar Muda No. 36, Kel. Padang Bulan Kec. Medan Polonia, Kota Medan",3.593522,98.684453,3,0.4854,7,0.45,6,0.7868,2,1.4941,8,0.472,1,2.1651,1,0.9152,1,1.0504,6,0.7094,35,2,356000000,2
aset-1873,5,2,1,1,1811,20,"Lingkungan Marelan Raya No. 45, Kel. Merdeka Kec. Medan Perjuangan, Kota Medan",3.578057,98.655409,2,1.6814,3,2.4801,5,1.8612,2,2.3989,2,1.6166,2,2.1638,1,2.7395,1,2.8053,4,1.2176,22,2,13400000,2
aset-1874,4,0,1,2,2746,23,"Jl. Jamin Ginting No. 24, Kel. Suka Maju Kec. Medan Helvetia, Kota Medan",3.575823,98.668187,2,1.9006,5,1.8067,6,0.9813,3,1.9354,5,1.1047,2,2.1615,1,1.8552,1,2.158,7,1.6079,32,2,738900000,2
aset-1875,6,2,0,1,998,6,"Lorong Setiabudi No. 42, Kel. Gaharu Kec. Medan Polonia, Kota Medan",3.498162,98.692893,0,5.0,0,5.0,0,5.0,0,5.0,0,5.0,0,5.0,0,5.0,0,5.0,0,5.0,0,1,300000,0
aset-1876,3,2,1,0,374,24,"Jl. Imam Bonjol No. 2, Kel. Sei Sikambing Kec. Medan Tembung, Kota Medan",3.582623,98.616547,0,4.9716,0,5.0,0,5.0,0,5.0,0,5.0,0,5.0,0,5.0,0,5.0,0,4.3259,0,1,100000,0
aset-1877,3,0,0,1,2430,25,"Jl. Teuku Cik Ditiro No. 18, Kel. Pusat Pasar Kec. Medan Timur, Kota Medan",3.573054,98.665331,2,1.465,5,2.2153,5,0.7354,2,2.0267,3,1.5206,2,1.8967,1,2.2864,1,2.5644,7,2.0406,28,2,145100000,2
aset-1878,3,2,2,1,1911,23,"Jl. HM Yamin No. 4, Kel. Suka Maju Kec. Medan Baru, Kota Medan",3.554511,98.640545,1,2.0361,0,5.0,0,3.3485,1,2.5701,0,4.6982,1,2.7191,0,5.0,0,5.0,0,4.1571,3,4,900000,1
aset-1879,3,2,0,1,292,9,"Jl. Marelan Raya No. 4, Kel. Gaharu Kec. Medan Barat, Kota Medan",3.587262,98.615447,0,5.0,0,5.0,0,5.0,0,5.0,0,5.0,0,5.0,0,5.0,0,5.0,0,4.3937,0,1,300000,0
aset-1880,3,0,1,0,14006,14,"Jl. Yos Sudarso No. 18, Kel. Pandan Selamat Kec. Medan Labuhan, Kota Medan",3.591857,98.615822,0,5.0,0,5.0,0,5.0,0,5.0,0,5.0,0,5.0,0,5.0,0,5.0,0,4.3594,0,5,12100000,0
aset-1881,1,2,2,0,344,20,"Jl. Ahmad Yani No. 15, Kel. Sikambing Kec. Medan Johor, Kota Medan",3.570491,98.706581,0,3.4513,1,1.8137,0,3.0961,1,1.9772,1,2.0509,0,4.8879,0,3.9348,0,4.3723,2,2.5688,5,4,200000,0
aset-1882,1,2,0,0,615,21,"Komplek Sisingamangaraja No. 1, Kel. Titi Kuning Kec. Medan Helvetia, Kota Medan",3.633357,98.672231,1,0.9847,0,3.6062,1,0.8294,0,4.4895,1,2.7735,0,4.3399,0,4.85,0,4.387,0,4.4014,3,1,100000,0
aset-1883,1,2,1,1,3756,6,"Jl. Sisingamangaraja No. 12, Kel. Padang Bulan Kec. Medan Polonia, Kota Medan",3.608284,98.635738,0,4.8076,0,4.3683,0,4.1209,0,4.2663,0,3.8914,0,3.5675,0,5.0,0,4.6375,0,3.0277,0,1,500000,0
aset-1884,2,2,0,0,455,23,"Jl. Sisingamangaraja No. 22, Kel. Sikambing Kec. Medan Perjuangan, Kota Medan",3.584933,98.685613,3,1.0187,7,0.4477,7,0.632,2,0.8823,8,0.3478,1,2.5468,1,1.1096,1,1.5504,6,0.4622,36,2,88300000,2
aset-1885,3,2,1,1,603,6,"Jl. Cut Mutia No. 5, Kel. Petisah Tengah Kec. Medan Barat, Kota Medan",3.506726,98.651962,0,5.0,0,5.0,0,5.0,0,5.0,0,5.0,0,5.0,0,5.0,0,5.0,0,5.0,0,1,200000,0
aset-1886,1,0,1,1,1514,26,"Jl. Teuku Cik Ditiro No. 12, Kel. Petisah Tengah Kec. Medan Tembung, Kota Medan",3.599473,98.650888,0,3.1811,3,2.451,1,2.3448,1,2.3452,2,1.9517,1,1.6432,0,3.0834,1,2.7442,2,1.2508,11,2,5100000,1
aset-1887,2,2,1,1,447,28,"Jl. Putri Hijau No. 42, Kel. Merdeka Kec. Medan Marelan, Kota Medan",3.609342,98.669087,4,1.1611,6,1.8456,4,1.0561,1,1.8295,7,1.324,1,1.658,1,2.3231,1,1.8278,5,1.7102,30,2,32600000,2
aset-1888,4,2,0,1,799,8,"Jl. Jamin Ginting No. 25, Kel. Gaharu Kec. Medan Deli, Kota Medan",3.574542,98.691985,2,2.3152,5,0.8943,6,1.4499,1,0.8369,4,0.9472,0,3.6359,1,2.3917,1,2.8696,5,0.8884,25,2,28500000,2
aset-1889,1,2,0,1,378,24,"Lingkungan Katamso No. 45, Kel. Gaharu Kec. Medan Sunggal, Kota Medan",3.591669,98.682004,3,0.4961,7,0.3275,6,0.4463,2,1.2301,8,0.4943,1,1.923,1,0.5855,1,0.8193,6,0.4262,35,2,159400000,2
aset-1890,6,0,0,2,2206,15,"Jl. Sutomo No. 14, Kel. Sunggal Kec. Medan Perjuangan, Kota Medan",3.606786,98.702218,2,1.9832,4,1.5903,1,1.7755,1,2.9399,6,0.7031,0,4.3333,0,3.364,0,3.3385,0,3.1201,14,2,33600000,1
aset-1891,5,0,1,0,1481,17,"Jl. Jamin Ginting No. 34, Kel. Sunggal Kec. Medan Sunggal, Kota Medan",3.56919,98.636654,1,2.3394,0,4.7325,0,3.4873,0,3.3963,0,3.8404,0,3.471,0,5.0,0,5.0,1,2.9996,2,0,4800000,0
aset-1892,2,2,0,1,653,27,"Jl. Diponegoro No. 42, Kel. Sunggal Kec. Medan Sunggal, Kota Medan",3.62531,98.694458,2,1.6685,1,2.3694,1,2.6044,0,4.4367,3,1.9324,0,4.6953,0,4.3783,0,4.0968,0,4.1,7,2,900000,1
aset-1893,1,2,0,2,944,19,"Jl. Setiabudi No. 6, Kel. Polonia Kec. Medan Maimun, Kota Medan",3.565871,98.704393,0,3.7573,1,2.0744,0,3.1303,1,2.1944,1,2.2861,0,4.5075,0,4.0547,0,4.5193,2,2.4951,5,1,100000,1
aset-1894,4,2,1,1,2099,21,"Jl. Marelan Raya No. 15, Kel. Pandan Selamat Kec. Medan Marelan, Kota Medan",3.622363,98.700584,1,2.4231,1,2.3827,0,3.2413,0,4.5663,3,1.6761,0,4.9851,0,4.4496,0,4.2435,0,4.1736,5,2,3000000,1
aset-1895,3,2,0,1,1000,8,"Jl. Veteran No. 48, Kel. Petisah Tengah Kec. Medan Sunggal, Kota Medan",3.541791,98.690071,0,4.3813,0,4.5044,0,3.7225,0,3.2696,0,4.5937,0,3.1997,0,5.0,0,5.0,0,3.7666,0,1,400000,0
aset-1896,4,0,0,1,7966,20,"Jl. Diponegoro No. 12, Kel. Sei Sikambing Kec. Medan Deli, Kota Medan",3.569107,98.61017,0,5.0,0,5.0,0,5.0,0,5.0,0,5.0,0,5.0,0,5.0,0,5.0,0,5.0,0,0,6900000,0
aset-1897,4,0,1,1,2346,21,"Jl. Thamrin No. 2, Kel. Gaharu Kec. Medan Labuhan, Kota Medan",3.597434,98.662772,3,1.8762,6,1.1365,5,1.0725,1,1.0377,6,0.9698,1,0.3665,1,1.7822,1,1.4097,5,0.6945,29,2,146900000,2
aset-1898,4,2,1,1,901,10,"Jl. Marelan Raya No. 4, Kel. Suka Maju Kec. Medan Baru, Kota Medan",3.537288,98.672323,0,3.338,0,5.0,0,3.3385,1,2.1797,0,5.0,1,2.2338,0,5.0,0,5.0,0,4.3964,2,1,200000,1
aset-1899,3,0,0,0,8785,9,"Jl. Diponegoro No. 1, Kel. Aur Kec. Medan Timur, Kota Medan",3.567899,98.694142,0,3.0387,3,1.5708,6,2.109,1,1.573,2,1.6839,0,3.4944,0,3.1078,0,3.5966,3,1.3903,15,5,17700000,1
aset-1900,6,0,1,1,1011,15,"Komplek Marelan Raya No. 32, Kel. Polonia Kec. Medan Perjuangan, Kota Medan",3.597175,98.714845,1,2.951,1,2.7744,1,2.5526,1,2.9536,2,2.413,0,5.0,0,4.2749,0,4.4359,0,3.8165,6,3,2100000,1
aset-1901,3,0,0,1,10053,6,"Komplek Teuku Cik Ditiro No. 15, Kel. Pulo Brayan Kec. Medan Polonia, Kota Medan",3.638947,98.692465,1,1.4884,0,3.8071,1,2.7832,0,5.0,0,3.4611,0,5.0,0,5.0,0,5.0,0,5.0,2,0,6200000,1
aset-1902,6,0,2,1,361,12,"Jl. Sudirman No. 34, Kel. Pasar Merah Kec. Medan Sunggal, Kota Medan",3.558361,98.613314,0,4.8536,0,5.0,0,5.0,0,5.0,0,5.0,0,5.0,0,5.0,0,5.0,0,5.0,0,3,500000,0
aset-1903,6,0,0,1,3760,20,"Lingkungan Imam Bonjol No. 30, Kel. Petisah Tengah Kec. Medan Marelan, Kota Medan",3.59523,98.659612,2,2.1143,5,1.3969,5,1.4858,1,1.2878,5,0.9151,1,0.5984,1,2.0153,1,1.7131,5,0.8614,26,2,380600000,2
aset-1904,5,0,1,1,1332,12,"Perumahan Setiabudi No. 34, Kel. Sunggal Kec. Medan Area, Kota Medan",3.548892,98.637492,1,2.6557,0,5.0,0,3.9393,1,2.9844,0,5.0,0,3.1536,0,5.0,0,5.0,0,4.8647,2,0,4400000,1
aset-1905,3,0,0,1,193,28,"Jl. Thamrin No. 15, Kel. Pasar Merah Kec. Medan Kota, Kota Medan",3.593643,98.610396,0,5.0,0,5.0,0,5.0,0,5.0,0,5.0,0,5.0,0,5.0,0,5.0,0,4.9769,0,3,1100000,0
aset-1906,6,0,1,1,1733,14,"Jl. Balai Kota No. 2, Kel. Sei Sikambing Kec. Medan Helvetia, Kota Medan",3.520621,98.664532,0,4.7898,0,5.0,0,5.0,0,3.8128,0,5.0,0,3.9343,0,5.0,0,5.0,0,5.0,0,2,7000000,0
aset-1907,5,0,2,1,1954,27,"Jl. Sisingamangaraja No. 48, Kel. Padang Bulan Kec. Medan Selayang, Kota Medan",3.548236,98.613367,0,5.0,0,5.0,0,5.0,0,5.0,0,5.0,0,5.0,0,5.0,0,5.0,0,5.0,0,3,600000,0
aset-1908,1,0,0,0,787,17,"Jl. Diponegoro No. 30, Kel. Polonia Kec. Medan Sunggal, Kota Medan",3.603748,98.619511,0,5.0,0,5.0,0,5.0,0,5.0,0,5.0,0,5.0,0,5.0,0,5.0,0,4.2662,0,0,2400000,0
aset-1909,5,0,0,2,8460,15,"Jl. Marelan Raya No. 8, Kel. Pasar Merah Kec. Medan Timur, Kota Medan",3.558053,98.685333,0,3.214,1,2.8707,2,2.1657,2,2.4263,1,2.9015,1,2.2681,0,3.6707,0,4.1583,2,1.9022,9,2,33900000,1
aset-1910,5,2,0,1,353,17,"Jl. Balai Kota No. 28, Kel. Aur Kec. Medan Johor, Kota Medan",3.600878,98.683989,3,0.7572,7,0.639,6,1.1373,2,1.6867,8,0.6358,1,2.2063,1,1.4368,1,1.2569,6,1.1592,35,2,63200000,2
aset-1911,6,2,2,1,652,22,"Jl. Marelan Raya No. 34, Kel. Polonia Kec. Medan Deli, Kota Medan",3.575913,98.706973,0,3.0144,3,1.4912,2,2.6519,1,1.692,2,1.7394,0,5.0,0,3.6767,0,4.0786,2,2.5279,10,4,800000,1
aset-1912,2,0,2,2,1104,10,"Jl. Iskandar Muda No. 10, Kel. Aur Kec. Medan Helvetia, Kota Medan",3.545663,98.635641,0,3.0382,0,5.0,0,4.3042,0,3.2791,0,5.0,0,3.4552,0,5.0,0,5.0,0,5.0,0,3,1700000,0
aset-1913,1,2,0,1,634,9,"Jl. Teuku Daud No. 30, Kel. Petisah Tengah Kec. Medan Tembung, Kota Medan",3.573717,98.680373,3,1.8203,6,1.6148,6,0.8794,3,1.677,5,1.5613,2,2.606,1,1.8489,1,2.3329,6,0.4206,33,2,40900000,2
aset-1914,3,2,1,0,2787,28,"Jl. Putri Hijau No. 7, Kel. Suka Maju Kec. Medan Johor, Kota Medan",3.598265,98.673673,3,1.0417,7,0.6142,6,0.2927,2,0.6563,8,0.8512,1,1.0287,1,0.9904,1,0.4966,7,0.7882,36,2,99700000,2
aset-1915,2,0,1,2,1404,10,"Gang Iskandar Muda No. 4, Kel. Sei Sikambing Kec. Medan Kota, Kota Medan",3.599418,98.609444,0,5.0,0,5.0,0,5.0,0,5.0,0,5.0,0,5.0,0,5.0,0,5.0,0,5.0,0,0,1300000,0
aset-1916,4,0,1,0,505,14,"Jl. Sudirman No. 45, Kel. Suka Maju Kec. Medan Tembung, Kota Medan",3.613266,98.61856,0,5.0,0,5.0,0,5.0,0,5.0,0,5.0,0,5.0,0,5.0,0,5.0,0,4.8615,0,2,3600000,0
aset-1917,3,0,0,0,2224,8,"Jl. Diponegoro No. 7, Kel. Sikambing Kec. Medan Deli, Kota Medan",3.590057,98.698073,3,1.2474,7,0.9586,5,0.8356,1,1.0581,7,0.9657,0,3.7112,1,2.3386,1,2.5978,5,1.8158,30,2,149600000,2
aset-1918,2,0,1,2,4123,8,"Jl. Imam Bonjol No. 34, Kel. Sei Sikambing Kec. Medan Labuhan, Kota Medan",3.56376,98.687553,0,3.0978,3,2.1901,5,2.1129,2,2.1164,3,2.2232,1,2.6475,0,3.1441,0,3.6398,4,1.3246,18,2,101700000,1
aset-1919,6,0,0,1,1709,23,"Jl. Thamrin No. 42, Kel. Padang Bulan Kec. Medan Area, Kota Medan",3.584517,98.656118,2,2.3938,3,1.999,6,2.1022,1,1.9019,2,1.1045,1,1.5265,1,2.3962,1,2.3458,5,0.5137,22,5,80600000,2
aset-1920,6,2,1,1,1312,12,"Jl. Cut Mutia No. 15, Kel. Sikambing Kec. Medan Denai, Kota Medan",3.602221,98.658,2,2.368,3,1.8615,4,1.5682,1,1.7699,5,1.6627,1,1.1172,1,2.5085,1,2.0964,4,1.4378,22,2,21500000,1
aset-1921,1,2,0,0,2112,23,"Jl. Teuku Daud No. 1, Kel. Aur Kec. Medan Maimun, Kota Medan",3.61698,98.68056,3,1.2331,4,1.5672,3,1.46,1,2.8698,4,0.7777,1,2.9925,0,3.0259,1,2.6287,2,2.7678,19,2,4700000,1
aset-1922,1,2,0,1,692,22,"Gang Cut Mutia No. 28, Kel. Pasar Merah Kec. Medan Johor, Kota Medan",3.551355,98.621241,0,4.1533,0,5.0,0,5.0,0,4.7286,0,5.0,0,4.8838,0,5.0,0,5.0,0,5.0,0,1,100000,0
aset-1923,4,0,0,0,1487,18,"Lingkungan Iskandar Muda No. 5, Kel. Pasar Merah Kec. Medan Timur, Kota Medan",3.528053,98.677556,0,4.5174,0,5.0,0,4.4587,0,3.358,0,5.0,0,3.4057,0,5.0,0,5.0,0,5.0,0,1,900000,0
aset-1924,6,0,0,0,4641,18,"Jl. Jamin Ginting No. 7, Kel. Pasar Merah Kec. Medan Maimun, Kota Medan",3.531775,98.642309,0,3.8264,0,5.0,0,4.8447,0,3.4997,0,5.0,0,3.6875,0,5.0,0,5.0,0,5.0,0,1,1100000,0
aset-1925,6,2,1,1,1109,27,"Jl. Sisingamangaraja No. 15, Kel. Sunggal Kec. Medan Deli, Kota Medan",3.574664,98.681973,2,1.7534,6,1.4873,6,0.7788,3,1.4707,5,1.5205,2,2.8027,1,1.7924,1,2.2851,6,0.2193,32,2,141300000,2
aset-1926,1,2,0,1,2370,10,"Jl. Putri Hijau No. 25, Kel. Sunggal Kec. Medan Perjuangan, Kota Medan",3.639589,98.701749,1,2.4523,0,4.1377,0,3.7319,0,5.0,0,3.57,0,5.0,0,5.0,0,5.0,0,5.0,1,1,400000,0
aset-1927,1,0,2,1,1557,27,"Jl. Sisingamangaraja No. 20, Kel. Sei Sikambing Kec. Medan Sunggal, Kota Medan",3.541076,98.640586,0,3.03,0,5.0,0,4.1912,1,2.9905,0,5.0,0,3.1773,0,5.0,0,5.0,0,5.0,1,3,6500000,0
aset-1928,1,0,0,1,1498,22,"Jl. Teuku Cik Ditiro No. 28, Kel. Petisah Tengah Kec. Medan Timur, Kota Medan",3.568316,98.71133,0,3.967,1,2.3664,0,3.6165,1,2.5404,1,2.6085,0,5.0,0,4.5088,0,4.9409,0,3.1363,3,2,6800000,1
aset-1929,2,0,2,1,712,21,"Jl. Marelan Raya No. 20, Kel. Titi Kuning Kec. Medan Denai, Kota Medan",3.617109,98.640954,0,4.3991,0,4.3654,0,3.4777,0,4.2784,0,4.1098,0,3.6283,0,5.0,0,4.5692,0,3.4927,0,3,900000,0
aset-1930,2,0,0,1,1203,6,"Jl. Sisingamangaraja No. 45, Kel. Suka Maju Kec. Medan Barat, Kota Medan",3.533698,98.676818,0,3.9436,0,5.0,0,3.8302,1,2.7709,0,5.0,1,2.8054,0,5.0,0,5.0,0,4.6704,2,2,14400000,0
aset-1931,2,0,0,2,244,13,"Jl. Thamrin No. 25, Kel. Sikambing Kec. Medan Deli, Kota Medan",3.581581,98.658266,2,2.0725,5,1.9838,6,1.8638,1,1.8998,3,1.1131,2,1.6688,1,2.2801,1,2.3143,7,0.9011,28,2,101500000,2
aset-1932,1,2,0,0,580,14,"Jl. Marelan Raya No. 3, Kel. Pandan Selamat Kec. Medan Selayang, Kota Medan",3.600005,98.633519,0,4.8587,0,4.3409,0,4.2706,0,4.2318,0,3.7018,0,3.5377,0,4.9519,0,4.6516,1,2.6796,1,1,800000,0
aset-1933,5,0,0,1,7207,18,"Jl. Yos Sudarso No. 22, Kel. Pandan Selamat Kec. Medan Selayang, Kota Medan",3.637109,98.710612,0,3.3349,0,4.364,0,4.5661,0,5.0,0,3.6202,0,5.0,0,5.0,0,5.0,0,5.0,0,1,3500000,0
aset-1934,3,2,2,1,826,10,"Jl. Setiabudi No. 8, Kel. Pusat Pasar Kec. Medan Sunggal, Kota Medan",3.573395,98.676907,3,1.8386,6,1.7592,6,1.0192,3,2.0262,5,1.4007,2,2.3425,1,1.8465,1,2.301,7,0.7989,34,2,106000000,2
aset-1935,5,2,0,1,642,27,"Jl. Sutomo No. 48, Kel. Pulo Brayan Kec. Medan Maimun, Kota Medan",3.543655,98.635602,0,3.1877,0,5.0,0,4.4347,0,3.3597,0,5.0,0,3.5396,0,5.0,0,5.0,0,5.0,0,1,300000,0
aset-1936,1,2,0,1,216,15,"Jl. KH Wahid Hasyim No. 22, Kel. Padang Bulan Kec. Medan Sunggal, Kota Medan",3.534764,98.642027,0,3.542,0,5.0,0,4.5997,0,3.2861,0,5.0,0,3.4751,0,5.0,0,5.0,0,5.0,0,1,100000,0
aset-1937,4,2,1,1,1285,24,"Jl. Marelan Raya No. 22, Kel. Sikambing Kec. Medan Helvetia, Kota Medan",3.620507,98.696683,3,2.1591,1,1.9753,2,2.9148,0,4.1808,3,1.3928,0,4.5174,0,4.0347,0,3.8049,0,3.7569,9,2,2900000,1
aset-1938,6,2,0,1,388,6,"Jl. Teuku Daud No. 14, Kel. Pusat Pasar Kec. Medan Tembung, Kota Medan",3.586172,98.609772,0,5.0,0,5.0,0,5.0,0,5.0,0,5.0,0,5.0,0,5.0,0,5.0,0,5.0,0,1,100000,0
aset-1939,5,0,1,1,2011,22,"Komplek Yos Sudarso No. 34, Kel. Merdeka Kec. Medan Denai, Kota Medan",3.59181,98.647893,0,3.3368,2,2.6786,1,2.837,1,2.5677,2,1.924,1,1.9313,0,3.2364,0,3.0181,2,0.8483,9,2,13300000,1
aset-1940,5,0,0,1,1539,26,"Lorong Balai Kota No. 50, Kel. Suka Maju Kec. Medan Baru, Kota Medan",3.547223,98.716778,0,5.0,0,4.5602,0,5.0,0,4.6817,0,4.7739,0,5.0,0,5.0,0,5.0,0,4.7878,0,0,9800000,0
aset-1941,1,0,0,0,190,8,"Jl. Sisingamangaraja No. 24, Kel. Sunggal Kec. Medan Johor, Kota Medan",3.594481,98.650972,0,3.0315,3,2.3394,2,2.4216,1,2.2287,2,1.6718,1,1.5578,1,2.9311,1,2.6671,3,0.7558,14,2,7300000,1
aset-1942,3,0,0,1,746,16,"Jl. HM Yamin No. 24, Kel. Sunggal Kec. Medan Polonia, Kota Medan",3.631534,98.602532,0,5.0,0,5.0,0,5.0,0,5.0,0,5.0,0,5.0,0,5.0,0,5.0,0,5.0,0,2,3900000,0
aset-1943,5,2,0,1,1191,13,"Jl. HM Yamin No. 34, Kel. Merdeka Kec. Medan Denai, Kota Medan",3.554276,98.635249,1,2.581,0,5.0,0,3.9004,0,3.1583,0,5.0,0,3.3073,0,5.0,0,5.0,0,4.4399,1,1,700000,0
aset-1944,3,0,0,1,4755,27,"Lingkungan Teuku Cik Ditiro No. 18, Kel. Aur Kec. Medan Barat, Kota Medan",3.61366,98.60472,0,5.0,0,5.0,0,5.0,0,5.0,0,5.0,0,5.0,0,5.0,0,5.0,0,5.0,0,0,3300000,0
aset-1945,4,0,0,2,2274,27,"Jl. Katamso No. 28, Kel. Suka Maju Kec. Medan Barat, Kota Medan",3.58724,98.69109,3,0.9798,7,0.7265,6,0.8136,2,0.62,8,0.5169,0,3.0213,1,1.5935,1,1.9374,6,1.0092,34,2,1002100000,2
aset-1946,5,2,2,0,1031,25,"Jl. Katamso No. 34, Kel. Pulo Brayan Kec. Medan Maimun, Kota Medan",3.560512,98.691187,0,3.5851,1,2.4266,2,2.6032,1,2.3979,1,2.5087,1,2.9493,0,3.6374,0,4.1344,2,1.8126,8,4,1000000,1
aset-1947,3,0,1,1,13952,18,"Komplek Sudirman No. 16, Kel. Bantan Kec. Medan Barat, Kota Medan",3.607425,98.68057,4,0.2355,6,0.8675,7,1.2378,1,1.9237,7,0.2903,1,2.2123,1,1.9776,1,1.6157,4,1.7132,32,2,830200000,2
aset-1948,2,2,1,2,622,15,"Jl. Diponegoro No. 1, Kel. Petisah Tengah Kec. Medan Tembung, Kota Medan",3.566555,98.696394,0,3.3092,3,1.7243,2,2.3911,1,1.7582,2,1.867,0,3.6765,0,3.3806,0,3.8665,3,1.6809,11,2,2800000,1
aset-1949,5,0,1,1,715,11,"Gang Gatot Subroto No. 15, Kel. Suka Maju Kec. Medan Timur, Kota Medan",3.542595,98.650615,1,2.3705,0,5.0,0,3.3297,1,1.9952,0,5.0,1,2.1841,0,5.0,0,5.0,0,5.0,3,0,6000000,1
aset-1950,5,0,1,1,2460,10,"Jl. Veteran No. 20, Kel. Kesawan Kec. Medan Marelan, Kota Medan",3.511267,98.654282,0,5.0,0,5.0,0,5.0,0,4.963,0,5.0,0,5.0,0,5.0,0,5.0,0,5.0,0,5,3600000,0
aset-1951,3,0,1,0,1719,13,"Jl. Diponegoro No. 22, Kel. Sunggal Kec. Medan Johor, Kota Medan",3.630673,98.652335,0,3.1844,0,4.7234,1,2.1355,0,4.6731,0,3.9247,0,4.2083,0,5.0,0,4.7911,0,4.4329,1,0,2400000,1
aset-1952,1,2,0,2,479,19,"Jl. Putri Hijau No. 5, Kel. Aur Kec. Medan Area, Kota Medan",3.546035,98.621116,0,4.3866,0,5.0,0,5.0,0,4.8277,0,5.0,0,4.9947,0,5.0,0,5.0,0,5.0,0,1,200000,0
aset-1953,2,2,2,1,577,7,"Jl. Teuku Daud No. 24, Kel. Pasar Merah Kec. Medan Deli, Kota Medan",3.591969,98.683828,3,0.6398,7,0.2752,6,0.6294,2,1.4282,8,0.4601,1,2.1165,1,0.7888,1,1.0054,6,0.5886,35,2,29500000,2
aset-1954,6,0,2,1,6531,25,"Jl. Putri Hijau No. 15, Kel. Gaharu Kec. Medan Denai, Kota Medan",3.511708,98.676644,0,5.0,0,5.0,0,5.0,0,5.0,0,5.0,0,5.0,0,5.0,0,5.0,0,5.0,0,3,2600000,0
aset-1955,1,0,2,1,1242,11,"Jl. Gatot Subroto No. 2, Kel. Aur Kec. Medan Sunggal, Kota Medan",3.554157,98.652555,1,1.0903,0,4.7379,1,2.231,1,1.2396,0,4.052,1,1.3963,0,4.8212,0,5.0,0,3.8839,4,3,1200000,1
aset-1956,2,0,0,1,1057,24,"Jl. Gatot Subroto No. 36, Kel. Petisah Tengah Kec. Medan Deli, Kota Medan",3.528528,98.662015,0,3.8765,0,5.0,0,4.3291,1,2.9384,0,5.0,0,3.0726,0,5.0,0,5.0,0,5.0,1,0,5700000,1
aset-1957,4,0,0,1,1071,7,"Jl. Iskandar Muda No. 4, Kel. Suka Maju Kec. Medan Perjuangan, Kota Medan",3.59313,98.632626,0,4.2921,0,4.3696,0,4.4416,0,4.2586,0,3.6219,0,3.5987,0,4.9367,0,4.7034,1,2.5251,1,5,1200000,1
aset-1958,2,2,0,0,699,10,"Jl. Pemuda No. 12, Kel. Padang Bulan Kec. Medan Marelan, Kota Medan",3.569492,98.681955,3,2.3134,6,2.0075,6,1.3505,3,1.8538,5,1.9387,1,2.4066,1,2.3457,1,2.8323,5,0.6598,31,2,188500000,2
aset-1959,2,0,1,1,1696,15,"Jl. Marelan Raya No. 32, Kel. Bantan Kec. Medan Labuhan, Kota Medan",3.574908,98.67308,3,1.7508,6,1.7923,6,0.9247,3,2.025,5,1.1286,2,2.2857,1,1.7336,1,2.1336,7,1.2009,34,2,483300000,2
aset-1960,1,2,0,1,1374,20,"Jl. Veteran No. 4, Kel. Jati Kec. Medan Helvetia, Kota Medan",3.5971,98.688964,3,0.1823,7,0.8849,6,0.444,2,1.7378,8,0.8922,1,2.6696,1,1.5447,1,1.5875,6,1.3129,35,2,117800000,2
aset-1961,5,2,0,1,632,7,"Jl. Teuku Cik Ditiro No. 14, Kel. Pulo Brayan Kec. Medan Helvetia, Kota Medan",3.603511,98.634529,0,4.943,0,4.3195,0,4.1737,0,4.2128,0,3.7468,0,3.5115,0,4.9469,0,4.6142,1,2.7865,1,1,700000,0
aset-1962,6,0,0,0,1029,24,"Jl. Thamrin No. 2, Kel. Pusat Pasar Kec. Medan Selayang, Kota Medan",3.577393,98.678283,3,1.3913,6,1.2904,7,0.5565,3,1.7117,5,1.0962,2,2.4507,1,1.409,1,1.8822,7,0.6659,35,2,253500000,2
aset-1963,3,2,0,0,328,10,"Jl. HM Yamin No. 34, Kel. Polonia Kec. Medan Area, Kota Medan",3.599781,98.669436,3,1.2668,6,0.8059,7,0.2904,1,0.7737,6,1.2959,1,0.7245,1,1.3739,1,0.8913,5,0.6622,31,2,23200000,2
aset-1964,1,2,0,2,1995,23,"Jl. Iskandar Muda No. 30, Kel. Merdeka Kec. Medan Deli, Kota Medan",3.589701,98.714729,0,3.0055,1,2.351,1,2.5782,1,2.559,2,2.524,0,5.0,0,4.1872,0,4.4349,0,3.6446,5,1,500000,1
aset-1965,6,2,2,1,898,25,"Jl. Pemuda No. 16, Kel. Pasar Merah Kec. Medan Marelan, Kota Medan",3.647355,98.65697,0,3.1664,0,5.0,1,2.8395,0,5.0,0,4.9361,0,5.0,0,5.0,0,5.0,0,5.0,1,4,400000,0
aset-1966,6,0,1,1,2082,22,"Jl. Jamin Ginting No. 14, Kel. Pulo Brayan Kec. Medan Johor, Kota Medan",3.561349,98.622012,0,3.8652,0,5.0,0,5.0,0,4.6818,0,5.0,0,4.8078,0,5.0,0,5.0,0,4.7808,0,3,800000,1
aset-1967,5,0,0,0,858,10,"Jl. Ahmad Yani No. 32, Kel. Bantan Kec. Medan Marelan, Kota Medan",3.581133,98.706895,1,2.6165,3,1.3236,2,2.2229,1,1.545,2,1.5559,0,4.8984,0,3.461,0,3.8178,3,2.573,12,2,4200000,1
aset-1968,4,2,2,1,644,27,"Jl. Imam Bonjol No. 2, Kel. Kesawan Kec. Medan Selayang, Kota Medan",3.579269,98.658946,2,1.8247,4,2.1048,6,1.6944,2,2.03,2,1.2737,2,1.8738,1,2.332,1,2.4202,7,1.1673,27,2,40100000,2
aset-1969,4,2,0,0,667,11,"Jl. Teuku Daud No. 30, Kel. Aur Kec. Medan Sunggal, Kota Medan",3.580909,98.680636,3,1.0448,7,0.831,7,0.0868,2,1.3775,6,0.9254,1,2.3379,1,1.0884,1,1.5843,7,0.6386,35,2,73800000,2
aset-1970,3,2,2,1,2604,26,"Jl. KH Wahid Hasyim No. 45, Kel. Gaharu Kec. Medan Selayang, Kota Medan",3.598884,98.641419,0,4.17,0,3.4563,0,3.3974,0,3.3474,1,2.8384,1,2.6524,0,4.0704,0,3.7661,2,1.8654,4,4,2100000,1
aset-1971,5,0,2,0,11261,23,"Jl. Teuku Cik Ditiro No. 3, Kel. Suka Maju Kec. Medan Tembung, Kota Medan",3.584663,98.687501,3,1.2142,7,0.6222,7,0.7978,2,0.6784,8,0.4633,1,2.7489,1,1.3077,1,1.7328,6,0.6635,36,2,1416300000,2
aset-1972,2,2,1,1,1350,27,"Jl. Teuku Daud No. 15, Kel. Sei Sikambing Kec. Medan Petisah, Kota Medan",3.52634,98.701,0,5.0,0,5.0,0,5.0,0,5.0,0,5.0,0,5.0,0,5.0,0,5.0,0,5.0,0,4,500000,0
aset-1973,5,0,0,0,794,18,"Jl. Teuku Daud No. 3, Kel. Pandan Selamat Kec. Medan Baru, Kota Medan",3.600755,98.630398,0,5.0,0,4.6966,0,4.6171,0,4.5876,0,4.0563,0,3.8929,0,5.0,0,5.0,0,3.027,0,3,900000,0
aset-1974,5,0,1,1,850,6,"Jl. Yos Sudarso No. 28, Kel. Sei Sikambing Kec. Medan Petisah, Kota Medan",3.520468,98.647608,0,4.8382,0,5.0,0,5.0,0,4.2247,0,5.0,0,4.3973,0,5.0,0,5.0,0,5.0,0,0,2700000,0
aset-1975,6,2,1,2,718,12,"Jl. Sutomo No. 45, Kel. Pandan Selamat Kec. Medan Maimun, Kota Medan",3.573799,98.675238,3,1.8146,6,1.7988,7,1.0235,3,2.172,5,1.2963,2,2.2821,1,1.8121,1,2.2464,7,0.9722,35,2,66200000,2
aset-1976,3,2,0,1,824,20,"Jl. Teuku Daud No. 25, Kel. Petisah Tengah Kec. Medan Sunggal, Kota Medan",3.597243,98.663943,3,1.751,6,1.011,5,0.9566,1,0.9143,6,0.9241,1,0.2756,1,1.6578,1,1.279,5,0.5769,29,2,33900000,2
aset-1977,2,0,1,1,2240,23,"Jl. Cut Mutia No. 6, Kel. Jati Kec. Medan Petisah, Kota Medan",3.585225,98.701652,2,1.8779,5,0.8207,5,1.487,1,1.025,4,0.9915,0,4.2103,1,2.7869,0,3.1146,5,2.1712,23,2,74500000,2
aset-1978,5,0,2,0,1216,13,"Jl. Iskandar Muda No. 32, Kel. Pulo Brayan Kec. Medan Polonia, Kota Medan",3.573462,98.684645,2,1.9752,6,1.4906,6,0.9913,2,1.3271,5,1.4088,1,2.9195,1,2.0253,1,2.5222,6,0.2001,30,2,160500000,2
aset-1979,4,0,0,1,905,12,"Jl. Cut Mutia No. 24, Kel. Kesawan Kec. Medan Barat, Kota Medan",3.556704,98.624223,0,3.6825,0,5.0,0,4.9914,0,4.3857,0,5.0,0,4.5261,0,5.0,0,5.0,0,4.956,0,3,2400000,0
aset-1980,6,2,0,1,651,22,"Komplek Jamin Ginting No. 30, Kel. Pasar Merah Kec. Medan Polonia, Kota Medan",3.525738,98.604362,0,5.0,0,5.0,0,5.0,0,5.0,0,5.0,0,5.0,0,5.0,0,5.0,0,5.0,0,1,100000,0
aset-1981,3,2,0,1,405,17,"Jl. Sudirman No. 20, Kel. Sunggal Kec. Medan Petisah, Kota Medan",3.602457,98.690345,3,0.7955,7,0.3843,6,0.9037,2,2.2937,7,0.8666,1,2.9324,1,2.0278,1,1.9453,5,1.7656,33,2,45400000,2
aset-1982,3,0,0,1,5959,13,"Lingkungan Diponegoro No. 40, Kel. Sei Sikambing Kec. Medan Deli, Kota Medan",3.617781,98.71385,0,3.758,0,3.2014,0,3.547,0,4.6025,1,2.2598,0,5.0,0,5.0,0,5.0,0,4.8726,1,2,7000000,0
aset-1983,3,0,1,1,1841,28,"Jl. Diponegoro No. 20, Kel. Polonia Kec. Medan Marelan, Kota Medan",3.539583,98.684166,0,4.0005,0,4.8674,0,3.5373,1,2.8389,0,4.9263,1,2.803,0,5.0,0,5.0,0,3.9494,2,3,1000000,1
aset-1984,1,2,1,1,2218,8,"Jl. Marelan Raya No. 3, Kel. Pandan Selamat Kec. Medan Sunggal, Kota Medan",3.530485,98.669659,0,3.887,0,5.0,0,4.0645,1,2.7942,0,5.0,1,2.8839,0,5.0,0,5.0,0,5.0,2,1,700000,1
aset-1985,6,2,0,0,680,20,"Gang Iskandar Muda No. 48, Kel. Sikambing Kec. Medan Petisah, Kota Medan",3.593539,98.665133,3,1.4734,6,0.7644,7,1.0704,1,0.6538,6,0.505,1,0.1631,1,1.3745,1,1.0962,7,0.3222,33,2,138200000,2
aset-1986,5,2,1,2,1044,9,"Jl. Yos Sudarso No. 14, Kel. Bantan Kec. Medan Tembung, Kota Medan",3.553881,98.626736,0,3.4872,0,5.0,0,4.8062,0,4.1039,0,5.0,0,4.2531,0,5.0,0,5.0,0,5.0,0,1,300000,0
aset-1987,4,0,2,1,1280,18,"Jl. KH Wahid Hasyim No. 14, Kel. Pandan Selamat Kec. Medan Deli, Kota Medan",3.588282,98.67486,3,0.3824,7,0.317,7,0.4664,2,0.6773,7,0.4836,1,1.3249,1,0.3048,1,0.636,7,0.1304,36,2,519100000,2
aset-1988,2,0,1,1,4973,22,"Blok Setiabudi No. 15, Kel. Pulo Brayan Kec. Medan Marelan, Kota Medan",3.571764,98.698464,1,2.8805,3,1.2014,5,2.2254,1,1.2896,2,1.3888,0,4.1067,0,3.1282,0,3.5908,3,1.6583,15,5,33700000,1
aset-1989,5,0,0,0,3424,20,"Jl. Marelan Raya No. 22, Kel. Sei Sikambing Kec. Medan Area, Kota Medan",3.596732,98.717829,0,3.2794,0,3.0169,1,2.8771,0,3.2056,1,2.7273,0,5.0,0,4.5924,0,4.7626,0,4.1208,2,5,7700000,1
aset-1990,5,0,0,1,2475,25,"Jl. Jamin Ginting No. 8, Kel. Merdeka Kec. Medan Timur, Kota Medan",3.600481,98.686001,3,0.5998,7,0.5493,6,0.9411,2,1.861,8,0.7458,1,2.4089,1,1.5349,1,1.4177,6,1.2639,35,2,335700000,2
aset-1991,4,2,1,1,1699,23,"Jl. Diponegoro No. 14, Kel. Gaharu Kec. Medan Selayang, Kota Medan",3.591033,98.661639,2,1.809,5,1.1705,6,1.544,1,1.0616,4,0.4362,1,0.5777,1,1.7086,1,1.519,6,0.7706,27,2,99300000,2
aset-1992,6,2,0,1,788,14,"Jl. Yos Sudarso No. 10, Kel. Sunggal Kec. Medan Area, Kota Medan",3.579487,98.661015,2,1.892,5,1.9275,6,1.5902,2,1.867,4,1.1465,2,1.7807,1,2.1245,1,2.239,7,1.2508,30,2,63100000,2
aset-1993,2,0,1,1,601,12,"Lingkungan HM Yamin No. 12, Kel. Aur Kec. Medan Selayang, Kota Medan",3.571175,98.661531,2,1.0498,3,2.6028,5,0.855,2,1.8257,2,1.9269,2,1.7308,1,2.7072,1,2.9455,7,2.1104,25,2,29800000,2
aset-1994,1,0,0,1,2124,24,"Jl. Teuku Daud No. 12, Kel. Pasar Merah Kec. Medan Helvetia, Kota Medan",3.616749,98.671512,2,1.4557,4,2.2483,2,1.0302,1,2.6414,4,1.293,1,2.5241,0,3.0361,1,2.5591,2,2.5595,17,2,59900000,1
aset-1995,3,0,0,1,904,25,"Jl. Teuku Daud No. 20, Kel. Aur Kec. Medan Deli, Kota Medan",3.611427,98.636902,0,4.7106,0,4.4011,0,4.0868,0,4.3032,0,3.9927,0,3.6138,0,5.0,0,4.6508,0,3.202,0,1,1500000,0
aset-1996,6,0,2,1,4624,26,"Jl. Imam Bonjol No. 10, Kel. Pusat Pasar Kec. Medan Labuhan, Kota Medan",3.528433,98.650794,0,3.901,0,5.0,0,4.6944,0,3.273,0,5.0,0,3.447,0,5.0,0,5.0,0,5.0,0,3,5100000,0
aset-1997,4,2,2,0,1208,16,"Jl. Sutomo No. 1, Kel. Pusat Pasar Kec. Medan Kota, Kota Medan",3.560535,98.620212,0,4.0698,0,5.0,0,5.0,0,4.8669,0,5.0,0,4.9961,0,5.0,0,5.0,0,4.9924,0,4,300000,0
aset-1998,3,0,2,0,1641,18,"Jl. Balai Kota No. 32, Kel. Sei Sikambing Kec. Medan Barat, Kota Medan",3.587651,98.659977,3,2.0047,5,1.4608,6,1.7455,1,1.3602,4,0.5772,1,0.9892,1,1.9071,1,1.8105,7,0.5724,29,2,478700000,2
aset-1999,5,2,0,1,303,26,"Komplek Veteran No. 24, Kel. Petisah Tengah Kec. Medan Helvetia, Kota Medan",3.554588,98.624078,0,3.7501,0,5.0,0,5.0,0,4.3975,0,5.0,0,4.5443,0,5.0,0,5.0,0,5.0,0,1,100000,0
aset-2000,1,0,1,1,388,9,"Jl. Thamrin No. 1, Kel. Petisah Tengah Kec. Medan Area, Kota Medan",3.579923,98.662542,2,1.9867,5,1.7703,6,1.4243,2,1.7308,4,1.0456,2,1.6986,1,1.9571,1,2.0885,7,1.3112,30,2,93900000,2
aset-2001,5,0,0,1,7757,13,"Jl. Putri Hijau No. 36, Kel. Merdeka Kec. Medan Selayang, Kota Medan",3.540946,98.686036,0,4.0671,0,4.6721,0,3.5213,1,2.9245,0,4.7396,1,2.8727,0,5.0,0,5.0,0,3.8051,2,0,3000000,0
aset-2002,4,0,1,1,4800,20,"Gang Thamrin No. 5, Kel. Jati Kec. Medan Petisah, Kota Medan",3.595672,98.66529,3,1.5395,6,0.8017,6,0.9051,1,0.6998,6,0.7426,1,0.0814,1,1.4445,1,1.0935,6,0.3536,31,2,570900000,2
aset-2003,4,0,0,1,1968,28,"Jl. Putri Hijau No. 36, Kel. Aur Kec. Medan Deli, Kota Medan",3.581888,98.682769,3,1.042,7,0.6801,7,0.199,2,1.1354,6,0.7233,1,2.4524,1,1.1062,1,1.5991,6,0.5748,34,2,298700000,2
aset-2004,6,2,0,1,1054,13,"Jl. HM Yamin No. 50, Kel. Jati Kec. Medan Deli, Kota Medan",3.567824,98.703917,0,3.5416,1,1.8612,1,2.969,1,1.9881,1,2.0774,0,4.5147,0,3.8735,0,4.3325,2,2.3642,6,1,200000,1
aset-2005,3,0,1,0,1390,14,"Komplek Sudirman No. 8, Kel. Bantan Kec. Medan Petisah, Kota Medan",3.584346,98.685875,3,1.0792,7,0.5166,7,0.6212,2,0.8326,8,0.4178,1,2.602,1,1.1685,1,1.6152,6,0.5216,36,2,542500000,2
aset-2006,5,0,1,1,6261,6,"Jl. Sudirman No. 22, Kel. Pusat Pasar Kec. Medan Area, Kota Medan",3.610869,98.675846,4,0.6447,6,1.4984,5,1.2503,1,2.0584,7,0.5801,1,2.1359,1,2.324,1,1.8781,4,2.0679,30,2,246100000,2
aset-2007,5,0,0,1,2703,26,"Jl. Iskandar Muda No. 12, Kel. Titi Kuning Kec. Medan Denai, Kota Medan",3.587741,98.716019,0,3.1979,1,2.4184,1,2.7695,1,2.6331,1,2.6084,0,5.0,0,4.3375,0,4.6051,0,3.7496,4,0,10500000,0
aset-2008,3,2,0,0,510,13,"Jl. Marelan Raya No. 18, Kel. Padang Bulan Kec. Medan Johor, Kota Medan",3.595681,98.684739,3,0.3953,7,0.6921,6,0.8164,2,1.5536,8,0.4165,1,2.1919,1,1.0661,1,1.0968,6,0.8224,35,2,56000000,2
aset-2009,4,2,2,1,97,10,"Jl. Katamso No. 18, Kel. Petisah Tengah Kec. Medan Polonia, Kota Medan",3.587595,98.678341,3,0.2609,7,0.519,7,0.0763,2,1.0124,8,0.7404,1,1.6941,1,0.306,1,0.8029,7,0.2636,37,2,92400000,2
aset-2010,2,2,2,1,1206,11,"Blok Veteran No. 16, Kel. Aur Kec. Medan Baru, Kota Medan",3.590671,98.696504,3,1.0627,7,0.9785,6,0.6566,2,1.0396,7,0.9374,0,3.5292,1,2.1657,1,2.4149,5,1.6605,32,2,122700000,2
aset-2011,2,0,1,1,2651,16,"Jl. Diponegoro No. 14, Kel. Merdeka Kec. Medan Johor, Kota Medan",3.610072,98.664257,2,1.6976,4,2.0837,3,1.3853,1,2.0405,5,1.8581,1,1.6779,1,2.6422,1,2.1483,4,1.8347,22,2,159100000,2
aset-2012,2,2,1,1,837,16,"Gang Sutomo No. 2, Kel. Padang Bulan Kec. Medan Kota, Kota Medan",3.591084,98.698347,3,1.2228,7,1.0762,5,0.8002,1,1.1715,6,1.0771,0,3.7262,1,2.3721,1,2.6112,5,1.8701,29,2,59700000,2
aset-2013,2,0,0,1,451,21,"Jl. HM Yamin No. 30, Kel. Suka Maju Kec. Medan Labuhan, Kota Medan",3.565997,98.66513,1,0.9827,1,2.9493,5,0.3375,1,1.2441,2,2.2464,1,1.1117,1,2.9764,0,3.3008,5,2.316,17,0,23600000,1
aset-2014,6,0,2,0,3311,22,"Jl. Balai Kota No. 50, Kel. Petisah Tengah Kec. Medan Area, Kota Medan",3.543287,98.698443,0,5.0,0,4.3216,0,4.2857,0,4.0663,0,4.457,0,3.9716,0,5.0,0,5.0,0,3.8882,0,3,1500000,0
aset-2015,2,2,0,1,963,11,"Jl. Veteran No. 18, Kel. Sikambing Kec. Medan Deli, Kota Medan",3.540582,98.688606,0,4.3213,0,4.6599,0,3.7228,0,3.1898,0,4.7419,0,3.1309,0,5.0,0,5.0,0,3.8736,0,1,600000,0
aset-2016,4,0,0,2,1341,15,"Jl. Yos Sudarso No. 45, Kel. Aur Kec. Medan Perjuangan, Kota Medan",3.590553,98.663587,3,1.5901,5,0.9725,6,1.4305,1,0.8665,6,0.2333,1,0.5187,1,1.4898,1,1.3233,7,0.6219,31,2,419600000,2
aset-2017,6,2,0,2,285,24,"Lingkungan HM Yamin No. 8, Kel. Pusat Pasar Kec. Medan Perjuangan, Kota Medan",3.589752,98.679413,3,0.1688,7,0.4431,7,0.0953,2,1.0011,8,0.6498,1,1.7027,1,0.2693,1,0.6805,7,0.3037,37,2,22600000,2
aset-2018,1,2,0,1,374,6,"Jl. Katamso No. 16, Kel. Pasar Merah Kec. Medan Maimun, Kota Medan",3.58188,98.706395,1,2.5219,3,1.2647,2,2.1263,1,1.4866,2,1.4918,0,4.82,0,3.3848,0,3.7357,3,2.5375,12,2,800000,1
aset-2019,1,2,1,1,1856,11,"Gang Teuku Cik Ditiro No. 34, Kel. Sikambing Kec. Medan Deli, Kota Medan",3.54646,98.692201,0,4.338,0,3.964,0,3.5257,0,3.2994,0,4.064,0,3.1998,0,5.0,0,5.0,0,3.3152,0,5,1900000,0
aset-2020,5,0,0,1,1080,11,"Jl. HM Yamin No. 30, Kel. Sikambing Kec. Medan Deli, Kota Medan",3.582355,98.658103,2,2.157,5,1.9441,6,1.8765,1,1.8573,3,1.0639,1,1.6009,1,2.2628,1,2.2788,7,0.8152,27,2,108300000,2
aset-2021,5,0,0,1,7988,28,"Jl. Putri Hijau No. 14, Kel. Pusat Pasar Kec. Medan Sunggal, Kota Medan",3.596308,98.696818,3,0.9486,7,1.3754,6,0.5713,2,1.6465,6,1.3032,0,3.534,1,2.3085,1,2.4349,5,1.9431,31,2,510800000,2
aset-2022,4,2,1,1,651,16,"Perumahan Sutomo No. 50, Kel. Jati Kec. Medan Tembung, Kota Medan",3.520635,98.655794,0,4.712,0,5.0,0,5.0,0,3.9098,0,5.0,0,4.0629,0,5.0,0,5.0,0,5.0,0,1,200000,1
aset-2023,3,0,0,0,358,21,"Jl. Putri Hijau No. 2, Kel. Gaharu Kec. Medan Barat, Kota Medan",3.605396,98.667196,3,1.3117,6,1.4779,5,0.778,1,1.4416,6,1.6152,1,1.1814,1,2.0285,1,1.5349,5,1.2703,29,2,127500000,2
aset-2024,6,0,2,2,2488,28,"Jl. Yos Sudarso No. 10, Kel. Bantan Kec. Medan Baru, Kota Medan",3.57692,98.665877,2,1.8468,5,1.8066,6,1.1279,2,1.8762,4,1.1265,2,2.0128,1,1.9077,1,2.1522,7,1.6673,30,2,206700000,2
aset-2025,1,0,0,1,4528,10,"Jl. Imam Bonjol No. 22, Kel. Pasar Merah Kec. Medan Area, Kota Medan",3.549428,98.633456,1,2.9983,0,5.0,0,4.3029,0,3.4112,0,5.0,0,3.5763,0,5.0,0,5.0,0,5.0,1,0,6400000,1
aset-2026,6,2,2,1,3214,21,"Jl. Sutomo No. 16, Kel. Titi Kuning Kec. Medan Polonia, Kota Medan",3.603542,98.675192,3,0.5033,6,1.2246,7,0.5054,1,1.2612,7,0.9649,1,1.477,1,1.5191,1,1.0613,5,1.3046,32,2,304100000,2
aset-2027,4,0,0,1,8979,8,"Jl. Diponegoro No. 18, Kel. Jati Kec. Medan Sunggal, Kota Medan",3.633255,98.673671,1,0.8251,0,3.5213,1,0.8595,0,4.486,1,2.7107,0,4.3613,0,4.8239,0,4.3675,0,4.4101,3,5,43500000,1
aset-2028,3,2,1,1,413,8,"Jl. Sutomo No. 3, Kel. Polonia Kec. Medan Denai, Kota Medan",3.581541,98.66066,2,2.1058,5,1.7909,6,1.5997,2,1.7147,4,0.9591,2,1.5721,1,2.0428,1,2.1099,7,1.0404,30,2,33100000,2
aset-2029,1,2,1,0,208,24,"Jl. Sisingamangaraja No. 22, Kel. Pasar Merah Kec. Medan Labuhan, Kota Medan",3.562745,98.653867,1,0.3267,0,3.8552,1,1.6382,1,1.397,0,3.1701,1,1.4453,0,3.9718,0,4.1927,1,2.9221,5,1,400000,1
aset-2030,5,2,1,2,1233,19,"Blok Teuku Daud No. 48, Kel. Pulo Brayan Kec. Medan Denai, Kota Medan",3.531679,98.667579,0,3.6824,0,5.0,0,3.9277,1,2.6177,0,5.0,1,2.7194,0,5.0,0,5.0,0,5.0,2,1,300000,0
aset-2031,4,2,0,0,477,28,"Blok Balai Kota No. 50, Kel. Gaharu Kec. Medan Deli, Kota Medan",3.582007,98.61381,0,5.0,0,5.0,0,5.0,0,5.0,0,5.0,0,5.0,0,5.0,0,5.0,0,4.6368,0,1,600000,0
aset-2032,3,2,1,0,714,10,"Jl. Katamso No. 22, Kel. Padang Bulan Kec. Medan Helvetia, Kota Medan",3.587364,98.680689,3,0.4187,7,0.266,7,0.1875,2,1.2445,8,0.4836,1,1.9371,1,0.5035,1,0.9711,7,0.151,37,2,70700000,2
aset-2033,2,2,1,1,1495,12,"Jl. Pemuda No. 36, Kel. Suka Maju Kec. Medan Johor, Kota Medan",3.593058,98.688604,3,0.2846,7,0.6462,6,0.4096,2,1.3229,8,0.6901,1,2.6283,1,1.3319,1,1.5133,6,0.9954,35,2,43200000,2
aset-2034,2,2,1,1,289,28,"Jl. Marelan Raya No. 50, Kel. Sunggal Kec. Medan Labuhan, Kota Medan",3.603894,98.719221,0,3.5533,0,3.4669,0,3.1964,0,3.794,1,2.6171,0,5.0,0,4.9337,0,5.0,0,4.5377,1,1,200000,0
aset-2035,6,2,0,1,4250,9,"Perumahan Pemuda No. 32, Kel. Bantan Kec. Medan Helvetia, Kota Medan",3.574039,98.668588,2,1.7939,5,1.9793,6,0.7854,3,2.1253,5,1.2763,2,2.045,1,2.0054,1,2.3309,7,1.7034,32,2,45000000,2
aset-2036,6,0,1,1,1692,26,"Perumahan Veteran No. 34, Kel. Petisah Tengah Kec. Medan Area, Kota Medan",3.537882,98.687784,0,4.43,0,4.9707,0,3.9121,0,3.275,0,5.0,0,3.2331,0,5.0,0,5.0,0,4.1609,0,5,1800000,0
aset-2037,1,0,1,1,551,12,"Lingkungan Yos Sudarso No. 20, Kel. Sunggal Kec. Medan Barat, Kota Medan",3.627518,98.661226,1,2.2502,0,3.8856,1,1.0977,0,3.9886,1,2.9343,0,3.6401,0,4.5242,0,4.0284,0,3.8021,3,0,2200000,0
aset-2038,5,2,1,0,4926,13,"Lorong Teuku Cik Ditiro No. 14, Kel. Pasar Merah Kec. Medan Selayang, Kota Medan",3.594029,98.713889,1,2.8451,1,2.4866,1,2.4297,1,2.6764,2,2.5208,0,5.0,0,4.1182,0,4.3157,0,3.6242,6,2,11900000,1
aset-2039,5,2,0,1,1146,22,"Jl. Katamso No. 20, Kel. Pandan Selamat Kec. Medan Barat, Kota Medan",3.604627,98.673831,3,0.5936,6,1.3088,7,0.5223,1,1.3305,7,0.9949,1,1.4514,1,1.6641,1,1.1888,5,1.3473,32,2,58900000,2
aset-2040,2,2,0,0,1937,17,"Jl. Jamin Ginting No. 4, Kel. Sunggal Kec. Medan Sunggal, Kota Medan",3.605219,98.699813,3,1.6663,4,1.3112,2,1.4739,1,2.6903,6,0.5241,0,4.027,0,3.0452,0,3.023,2,2.8015,18,2,36700000,2
aset-2041,1,2,2,2,1069,14,"Jl. Veteran No. 20, Kel. Bantan Kec. Medan Helvetia, Kota Medan",3.579128,98.613636,0,5.0,0,5.0,0,5.0,0,5.0,0,5.0,0,5.0,0,5.0,0,5.0,0,4.7199,0,4,300000,0
aset-2042,2,2,2,1,735,6,"Gang Imam Bonjol No. 30, Kel. Jati Kec. Medan Deli, Kota Medan",3.585423,98.678345,3,0.5003,7,0.5907,7,0.2316,2,1.1723,7,0.7057,1,1.8241,1,0.5304,1,1.0234,7,0.3871,36,2,72900000,2
aset-2043,2,0,1,1,8724,24,"Lingkungan Gatot Subroto No. 20, Kel. Bantan Kec. Medan Helvetia, Kota Medan",3.630092,98.664361,1,1.8586,0,3.8297,1,0.8659,0,4.1898,1,2.8984,0,3.9027,0,4.6735,0,4.1833,0,4.0335,3,0,30500000,1
aset-2044,3,2,1,1,1464,7,"Jl. Yos Sudarso No. 32, Kel. Suka Maju Kec. Medan Marelan, Kota Medan",3.54747,98.651387,1,1.8284,0,5.0,1,2.8488,1,1.5969,0,4.7591,1,1.7839,0,5.0,0,5.0,0,4.6353,4,0,3900000,1
aset-2045,1,0,0,1,2220,21,"Gang Diponegoro No. 24, Kel. Jati Kec. Medan Denai, Kota Medan",3.55584,98.656835,1,0.7962,0,4.3491,1,1.7537,1,0.769,0,3.6533,1,0.9063,0,4.4087,0,4.6978,0,3.689,4,0,18100000,1
aset-2046,4,0,1,1,2866,27,"Jl. Iskandar Muda No. 22, Kel. Sunggal Kec. Medan Sunggal, Kota Medan",3.572395,98.700451,1,2.9114,3,1.2275,3,2.389,1,1.3508,2,1.4403,0,4.3362,0,3.2566,0,3.708,3,1.8577,13,2,37600000,1
aset-2047,2,2,1,0,429,24,"Jl. Diponegoro No. 40, Kel. Petisah Tengah Kec. Medan Denai, Kota Medan",3.553475,98.656038,1,1.0625,0,4.6243,1,2.006,1,0.8649,0,3.9276,1,1.0334,0,4.6805,0,4.9733,0,3.917,4,1,200000,1
aset-2048,4,2,0,0,537,9,"Jl. Sutomo No. 22, Kel. Petisah Tengah Kec. Medan Baru, Kota Medan",3.622745,98.660575,2,2.4893,0,3.5422,2,1.2122,0,3.504,1,2.6732,0,3.1239,0,4.0718,0,3.5748,0,3.3008,5,1,600000,1
aset-2049,1,0,0,1,3636,16,"Jl. Iskandar Muda No. 2, Kel. Sikambing Kec. Medan Perjuangan, Kota Medan",3.578716,98.612735,0,5.0,0,5.0,0,5.0,0,5.0,0,5.0,0,5.0,0,5.0,0,5.0,0,4.8279,0,3,2700000,0
aset-2050,3,0,0,1,3025,15,"Jl. Sisingamangaraja No. 2, Kel. Aur Kec. Medan Maimun, Kota Medan",3.523138,98.658179,0,4.4351,0,5.0,0,4.9975,0,3.5845,0,5.0,0,3.7317,0,5.0,0,5.0,0,5.0,0,5,3900000,0
aset-2051,5,0,0,1,1787,10,"Jl. Yos Sudarso No. 32, Kel. Pulo Brayan Kec. Medan Denai, Kota Medan",3.594764,98.684653,3,0.4152,7,0.5898,6,0.8158,2,1.5279,8,0.4281,1,2.1812,1,1.001,1,1.0747,6,0.7708,35,2,897500000,2
aset-2052,1,0,2,1,5485,6,"Jl. Putri Hijau No. 30, Kel. Petisah Tengah Kec. Medan Timur, Kota Medan",3.531863,98.64697,0,3.6301,0,5.0,0,4.5511,0,3.1637,0,5.0,0,3.3477,0,5.0,0,5.0,0,5.0,0,3,3900000,0
aset-2053,5,0,1,1,6168,19,"Jl. KH Wahid Hasyim No. 48, Kel. Suka Maju Kec. Medan Selayang, Kota Medan",3.644991,98.669837,1,1.9029,0,4.8822,1,2.1156,0,5.0,0,4.0832,0,5.0,0,5.0,0,5.0,0,5.0,2,5,11600000,1
aset-2054,5,2,1,2,1024,15,"Jl. Yos Sudarso No. 6, Kel. Suka Maju Kec. Medan Deli, Kota Medan",3.561657,98.695851,0,3.719,1,2.264,1,2.7629,1,2.284,1,2.3942,0,3.4812,0,3.7827,0,4.2765,2,1.9984,6,1,300000,1
aset-2055,4,0,0,0,8215,23,"Jl. Sudirman No. 2, Kel. Sikambing Kec. Medan Deli, Kota Medan",3.556375,98.702064,0,4.5922,1,2.9552,0,3.6513,0,3.0217,0,3.1268,0,4.1137,0,4.6601,0,5.0,2,2.8981,3,3,12900000,1
aset-2056,4,2,0,0,6296,27,"Lorong Katamso No. 14, Kel. Aur Kec. Medan Baru, Kota Medan",3.576086,98.659993,2,1.4976,4,2.273,5,1.3455,2,2.2427,2,1.5398,2,2.1753,1,2.4405,1,2.5965,7,1.5392,26,2,87800000,2
aset-2057,2,0,0,1,1468,9,"Gang Katamso No. 14, Kel. Pusat Pasar Kec. Medan Perjuangan, Kota Medan",3.531928,98.646965,0,3.6233,0,5.0,0,4.5451,0,3.1582,0,5.0,0,3.3423,0,5.0,0,5.0,0,5.0,0,0,1500000,0
aset-2058,4,0,0,1,903,15,"Jl. Marelan Raya No. 12, Kel. Titi Kuning Kec. Medan Marelan, Kota Medan",3.59678,98.696203,3,0.8868,7,1.29,6,0.5309,2,1.6815,7,1.2478,0,3.4684,1,2.2605,1,2.3732,5,1.915,32,2,111200000,2
aset-2059,3,2,0,1,2549,7,"Jl. Balai Kota No. 14, Kel. Pandan Selamat Kec. Medan Timur, Kota Medan",3.594086,98.666248,3,1.3743,6,0.6496,6,0.9407,1,0.541,6,0.5822,1,0.1718,1,1.2767,1,0.9713,7,0.1946,32,2,334700000,2
aset-2060,3,0,0,1,1020,7,"Blok HM Yamin No. 25, Kel. Titi Kuning Kec. Medan Perjuangan, Kota Medan",3.633746,98.700617,1,2.1855,0,3.4896,0,3.3976,0,5.0,1,2.9083,0,5.0,0,5.0,0,5.0,0,5.0,2,2,13000000,0
aset-2061,2,2,0,1,349,17,"Blok Teuku Cik Ditiro No. 15, Kel. Aur Kec. Medan Johor, Kota Medan",3.577648,98.683057,2,1.4776,6,1.1511,7,0.4951,2,1.2049,5,1.1711,1,2.7818,1,1.5291,1,2.0262,6,0.1881,31,2,35200000,2
aset-2062,1,0,0,1,1120,22,"Jl. Teuku Daud No. 45, Kel. Aur Kec. Medan Kota, Kota Medan",3.587709,98.640622,0,3.2822,0,3.5316,0,3.7531,0,3.4222,1,2.7092,1,2.8243,0,4.0452,0,3.8788,1,1.6021,3,2,4000000,1
aset-2063,1,0,1,1,1469,28,"Jl. Teuku Daud No. 40, Kel. Suka Maju Kec. Medan Tembung, Kota Medan",3.593329,98.602776,0,5.0,0,5.0,0,5.0,0,5.0,0,5.0,0,5.0,0,5.0,0,5.0,0,5.0,0,2,1200000,0
aset-2064,5,0,0,2,1483,28,"Jl. Teuku Daud No. 5, Kel. Aur Kec. Medan Polonia, Kota Medan",3.574612,98.682991,2,1.7914,6,1.4887,6,0.8078,2,1.3816,5,1.4504,1,2.8757,1,1.8357,1,2.3311,6,0.1146,30,2,551500000,2
aset-2065,6,2,0,1,5343,18,"Jl. Sudirman No. 10, Kel. Padang Bulan Kec. Medan Sunggal, Kota Medan",3.537334,98.627177,0,4.3535,0,5.0,0,5.0,0,4.4994,0,5.0,0,4.6828,0,5.0,0,5.0,0,5.0,0,1,900000,0
aset-2066,5,2,0,1,1429,13,"Perumahan Teuku Cik Ditiro No. 24, Kel. Bantan Kec. Medan Tembung, Kota Medan",3.58187,98.683055,3,1.0604,7,0.6816,7,0.23,2,1.1038,6,0.715,1,2.4791,1,1.1264,1,1.6181,6,0.5823,34,2,107600000,2
aset-2067,3,0,2,0,1416,22,"Jl. Sutomo No. 2, Kel. Bantan Kec. Medan Area, Kota Medan",3.534179,98.683527,0,4.3668,0,5.0,0,4.0359,0,3.186,0,5.0,0,3.1804,0,5.0,0,5.0,0,4.5504,0,3,1900000,1
aset-2068,5,0,0,1,2370,18,"Perumahan Imam Bonjol No. 50, Kel. Merdeka Kec. Medan Deli, Kota Medan",3.619613,98.677492,3,1.4313,1,2.0001,2,1.0116,0,3.0456,4,1.1376,0,3.0679,0,3.2933,1,2.8614,0,3.0366,11,2,28400000,1
aset-2069,6,0,1,1,1505,12,"Jl. Sutomo No. 5, Kel. Sei Sikambing Kec. Medan Timur, Kota Medan",3.535618,98.652447,0,3.0828,0,5.0,0,3.8931,1,2.4813,0,5.0,1,2.6603,0,5.0,0,5.0,0,5.0,2,0,8800000,1
aset-2070,4,2,0,0,1553,27,"Jl. Yos Sudarso No. 32, Kel. Gaharu Kec. Medan Baru, Kota Medan",3.547048,98.695691,0,4.6665,0,3.8872,0,3.7903,0,3.6562,0,4.0088,0,3.5486,0,5.0,0,5.0,0,3.3826,0,1,100000,1
aset-2071,1,2,1,1,755,18,"Jl. Ahmad Yani No. 3, Kel. Sei Sikambing Kec. Medan Marelan, Kota Medan",3.563043,98.677147,2,2.2582,2,2.8501,5,1.1064,2,1.7456,3,2.5074,1,1.5591,1,2.9975,0,3.4505,4,1.5359,20,5,4400000,2
aset-2072,5,0,2,1,1438,24,"Jl. Pemuda No. 2, Kel. Bantan Kec. Medan Baru, Kota Medan",3.578355,98.640558,1,2.4828,0,3.8507,0,3.2968,0,3.6603,1,2.9595,0,3.2838,0,4.2465,0,4.1996,1,1.9925,3,3,3400000,1
aset-2073,4,0,2,1,2653,20,"Jl. Pemuda No. 40, Kel. Polonia Kec. Medan Selayang, Kota Medan",3.577029,98.686233,2,1.704,6,1.119,6,0.7718,2,0.9325,5,1.0024,0,3.0896,1,1.7693,1,2.2617,6,0.2362,29,2,384900000,2
aset-2074,1,0,0,1,1987,21,"Perumahan Thamrin No. 34, Kel. Polonia Kec. Medan Perjuangan, Kota Medan",3.599768,98.697897,3,1.1615,7,1.2429,5,0.8783,1,2.0491,6,0.9392,0,3.6891,1,2.5608,1,2.6207,3,2.2645,27,2,287800000,2
aset-2075,3,2,0,1,1900,8,"Perumahan Marelan Raya No. 34, Kel. Sei Sikambing Kec. Medan Denai, Kota Medan",3.604654,98.689126,3,1.0109,7,0.1307,6,1.1733,2,2.3928,7,0.6258,1,2.8846,1,2.1133,1,1.9649,4,1.8406,32,2,128200000,2
aset-2076,1,2,1,1,311,13,"Jl. Sudirman No. 42, Kel. Padang Bulan Kec. Medan Sunggal, Kota Medan",3.594496,98.6596,2,2.0941,5,1.3861,5,1.5199,1,1.276,5,0.8559,1,0.6018,1,1.9946,1,1.7099,5,0.7964,26,2,11000000,2
aset-2077,5,0,1,1,2924,6,"Jl. Iskandar Muda No. 6, Kel. Titi Kuning Kec. Medan Denai, Kota Medan",3.574447,98.686221,2,1.9507,6,1.2862,6,0.984,2,1.1275,5,1.2126,0,3.1232,1,2.0095,1,2.5056,6,0.2677,29,2,323000000,2
aset-2078,4,0,2,1,1438,16,"Jl. Putri Hijau No. 10, Kel. Pusat Pasar Kec. Medan Timur, Kota Medan",3.636366,98.716058,0,3.9206,0,4.6754,0,5.0,0,5.0,0,3.8605,0,5.0,0,5.0,0,5.0,0,5.0,0,3,800000,0
aset-2079,1,0,0,2,3310,11,"Gang Iskandar Muda No. 12, Kel. Gaharu Kec. Medan Tembung, Kota Medan",3.567623,98.661186,1,0.708,1,2.9629,4,0.7594,1,1.442,2,2.2746,1,1.36,0,3.0448,0,3.3094,4,2.4741,14,5,31600000,1
aset-2080,2,0,1,1,247,17,"Jl. Ahmad Yani No. 4, Kel. Merdeka Kec. Medan Barat, Kota Medan",3.538275,98.684268,0,4.1051,0,5.0,0,3.669,1,2.9373,0,5.0,1,2.9081,0,5.0,0,5.0,0,4.095,2,0,3100000,0
aset-2081,5,2,1,1,1578,7,"Jl. Sudirman No. 1, Kel. Kesawan Kec. Medan Marelan, Kota Medan",3.593405,98.647659,0,3.3786,2,2.7017,1,2.808,1,2.5907,2,1.9858,1,1.9326,0,3.2781,0,3.0349,2,0.9506,9,2,6000000,1
aset-2082,4,2,0,0,1174,15,"Gang Yos Sudarso No. 50, Kel. Sei Sikambing Kec. Medan Petisah, Kota Medan",3.632462,98.706777,1,2.861,0,3.6969,0,4.0348,0,5.0,1,2.9714,0,5.0,0,5.0,0,5.0,0,5.0,2,1,500000,1
aset-2083,3,2,0,1,906,22,"Jl. Pemuda No. 16, Kel. Jati Kec. Medan Petisah, Kota Medan",3.594091,98.692105,3,0.4544,7,1.0342,6,0.047,2,1.3481,7,1.0394,0,3.0097,1,1.7369,1,1.8982,6,1.3708,33,2,78000000,2
aset-2084,4,0,0,0,1709,6,"Jl. Teuku Cik Ditiro No. 15, Kel. Merdeka Kec. Medan Selayang, Kota Medan",3.578082,98.690619,2,1.9285,6,0.6528,6,1.1369,2,0.5095,4,0.6073,0,3.4091,1,2.0101,1,2.4774,5,0.7365,27,2,95800000,2
aset-2085,5,0,0,1,1511,25,"Jl. Ahmad Yani No. 25, Kel. Merdeka Kec. Medan Baru, Kota Medan",3.586644,98.668004,4,1.1564,5,0.823,7,0.8758,2,0.7811,7,0.424,1,0.9871,1,1.0658,1,1.1278,7,0.8179,35,2,210600000,2
aset-2086,1,2,0,1,948,10,"Jl. Putri Hijau No. 6, Kel. Titi Kuning Kec. Medan Timur, Kota Medan",3.567038,98.700007,0,3.4315,2,1.7541,1,2.6592,1,1.8365,2,1.9378,0,4.0744,0,3.6109,0,4.0854,3,1.9998,9,1,700000,1
aset-2087,2,0,2,1,1041,10,"Jl. Putri Hijau No. 6, Kel. Merdeka Kec. Medan Deli, Kota Medan",3.597549,98.671799,3,1.0871,6,0.5063,6,0.3067,2,0.5135,8,1.0355,1,0.806,1,1.0187,1,0.531,7,0.5775,35,2,155000000,2
aset-2088,1,0,0,1,4587,15,"Jl. Iskandar Muda No. 20, Kel. Aur Kec. Medan Baru, Kota Medan",3.593428,98.688191,3,0.2418,7,0.638,6,0.4392,2,1.3783,8,0.6998,1,2.5795,1,1.2991,1,1.4652,6,0.9914,35,2,1142000000,2
aset-2089,4,2,0,1,412,16,"Perumahan Marelan Raya No. 42, Kel. Aur Kec. Medan Petisah, Kota Medan",3.628188,98.698329,1,1.9692,1,2.8216,0,3.0425,0,4.9504,3,2.2596,0,5.0,0,4.8614,0,4.5993,0,4.5829,5,1,200000,1
aset-2090,4,0,0,1,8961,22,"Jl. Putri Hijau No. 18, Kel. Aur Kec. Medan Perjuangan, Kota Medan",3.610656,98.711757,0,3.095,1,2.7104,1,2.8345,0,3.806,1,1.7734,0,5.0,0,4.4892,0,4.4798,0,4.2218,3,5,8700000,1
aset-2091,6,0,2,1,6193,22,"Jl. Pemuda No. 4, Kel. Sunggal Kec. Medan Labuhan, Kota Medan",3.617095,98.679083,3,1.2337,4,1.6697,3,1.3361,1,2.8254,4,0.8171,1,2.9118,0,3.0217,1,2.6077,2,2.7699,19,2,73500000,1
aset-2092,4,0,0,1,809,16,"Jl. Sudirman No. 16, Kel. Pandan Selamat Kec. Medan Area, Kota Medan",3.590715,98.681711,3,0.4326,7,0.2877,6,0.3562,2,1.2155,8,0.4737,1,1.9148,1,0.5288,1,0.8295,7,0.4144,36,2,88500000,2
aset-2093,5,2,2,1,1013,21,"Blok Jamin Ginting No. 34, Kel. Pusat Pasar Kec. Medan Helvetia, Kota Medan",3.551907,98.648881,1,1.5145,0,5.0,1,2.7053,1,1.6779,0,4.4859,1,1.8458,0,5.0,0,5.0,0,4.18,4,4,100000,1
aset-2094,3,2,0,1,1461,16,"Lorong Cut Mutia No. 7, Kel. Titi Kuning Kec. Medan Johor, Kota Medan",3.574365,98.67734,3,1.7285,6,1.6411,7,0.9012,3,1.9342,5,1.3227,2,2.4588,1,1.7389,1,2.1987,7,0.7326,35,2,336400000,2
aset-2095,4,2,0,1,732,14,"Lingkungan Thamrin No. 40, Kel. Petisah Tengah Kec. Medan Deli, Kota Medan",3.61388,98.608569,0,5.0,0,5.0,0,5.0,0,5.0,0,5.0,0,5.0,0,5.0,0,5.0,0,5.0,0,1,200000,0
aset-2096,2,0,0,1,495,20,"Blok Marelan Raya No. 24, Kel. Sunggal Kec. Medan Selayang, Kota Medan",3.618768,98.602791,0,5.0,0,5.0,0,5.0,0,5.0,0,5.0,0,5.0,0,5.0,0,5.0,0,5.0,0,0,700000,0
aset-2097,2,0,1,1,2349,25,"Jl. Balai Kota No. 7, Kel. Bantan Kec. Medan Johor, Kota Medan",3.583492,98.636706,0,3.1883,0,4.057,0,3.9274,0,3.95,0,3.1992,0,3.3907,0,4.5299,0,4.4075,1,2.1206,1,0,11700000,0
aset-2098,3,0,0,1,10296,27,"Jl. HM Yamin No. 14, Kel. Polonia Kec. Medan Denai, Kota Medan",3.574383,98.662086,2,1.3951,5,2.2721,5,1.0511,2,2.1738,3,1.6138,2,2.0695,1,2.399,1,2.61,7,1.8056,28,2,1515800000,2
aset-2099,4,0,1,1,757,28,"Komplek Imam Bonjol No. 6, Kel. Jati Kec. Medan Baru, Kota Medan",3.581393,98.689103,3,1.5623,7,0.6579,7,0.8996,2,0.4377,6,0.4679,0,3.0732,1,1.6493,1,2.1012,6,0.7774,33,2,194800000,2
aset-2100,2,0,2,1,1314,17,"Jl. Yos Sudarso No. 36, Kel. Sikambing Kec. Medan Maimun, Kota Medan",3.621103,98.646406,0,3.9879,0,4.2228,1,2.783,0,4.149,0,4.0326,0,3.5612,0,4.8464,0,4.3762,0,3.6949,1,0,4700000,0
aset-2101,6,0,2,0,351,11,"Jl. Balai Kota No. 22, Kel. Sikambing Kec. Medan Helvetia, Kota Medan",3.543276,98.629826,0,3.711,0,5.0,0,4.9908,0,3.9754,0,5.0,0,4.1522,0,5.0,0,5.0,0,5.0,0,3,500000,0
aset-2102,2,2,1,1,467,13,"Jl. Thamrin No. 18, Kel. Pandan Selamat Kec. Medan Kota, Kota Medan",3.611405,98.677219,4,0.6327,6,1.3924,5,1.3639,1,2.1598,7,0.4478,1,2.273,1,2.3803,1,1.951,4,2.1383,30,2,32000000,2
aset-2103,3,0,0,1,3688,26,"Jl. Yos Sudarso No. 45, Kel. Padang Bulan Kec. Medan Baru, Kota Medan",3.564227,98.687225,0,3.0366,3,2.1565,5,2.0517,2,2.0776,3,2.1837,1,2.6307,0,3.0824,0,3.5779,4,1.2641,18,2,22100000,2
aset-2104,1,0,0,0,1493,18,"Jl. Setiabudi No. 32, Kel. Kesawan Kec. Medan Barat, Kota Medan",3.526234,98.660053,0,4.1041,0,5.0,0,4.6179,0,3.2131,0,5.0,0,3.355,0,5.0,0,5.0,0,5.0,0,0,3600000,1
aset-2105,3,0,0,0,5954,27,"Jl. Diponegoro No. 20, Kel. Pulo Brayan Kec. Medan Maimun, Kota Medan",3.574969,98.674045,3,1.7145,6,1.757,7,0.8993,3,2.0333,5,1.1383,2,2.3359,1,1.7033,1,2.1188,7,1.0938,35,2,1932900000,2
aset-2106,4,0,2,1,7660,15,"Jl. Imam Bonjol No. 40, Kel. Padang Bulan Kec. Medan Tembung, Kota Medan",3.524314,98.608463,0,5.0,0,5.0,0,5.0,0,5.0,0,5.0,0,5.0,0,5.0,0,5.0,0,5.0,0,3,4200000,0
aset-2107,2,0,1,1,2209,14,"Jl. Sisingamangaraja No. 36, Kel. Bantan Kec. Medan Area, Kota Medan",3.555905,98.697364,0,4.3537,1,2.9135,0,3.3855,1,2.9418,0,3.0515,0,3.5918,0,4.4137,0,4.9095,2,2.6055,4,0,15500000,1
aset-2108,5,2,0,1,757,27,"Jl. Imam Bonjol No. 36, Kel. Pusat Pasar Kec. Medan Perjuangan, Kota Medan",3.546069,98.685281,0,3.679,0,4.1384,0,3.0157,1,2.5885,0,4.1949,1,2.507,0,4.9706,0,5.0,0,3.2317,2,1,400000,0
aset-2109,3,2,1,0,1464,12,"Jl. Veteran No. 30, Kel. Bantan Kec. Medan Area, Kota Medan",3.598937,98.673835,3,0.9723,6,0.6908,6,0.2538,2,0.7313,8,0.8596,1,1.0737,1,1.054,1,0.564,7,0.8489,35,2,72800000,2
aset-2110,3,0,0,0,1037,16,"Jl. Marelan Raya No. 5, Kel. Aur Kec. Medan Deli, Kota Medan",3.620626,98.699367,2,2.3987,1,2.1471,0,3.0179,0,4.3527,3,1.4528,0,4.7607,0,4.214,0,4.0097,0,3.9381,6,2,6600000,1
aset-2111,5,2,0,2,331,9,"Jl. Putri Hijau No. 25, Kel. Aur Kec. Medan Timur, Kota Medan",3.555909,98.721796,0,5.0,0,4.1545,0,5.0,0,4.3162,0,4.3917,0,5.0,0,5.0,0,5.0,0,4.7161,0,1,100000,0
aset-2112,3,2,1,1,1237,10,"Jl. Gatot Subroto No. 24, Kel. Sunggal Kec. Medan Labuhan, Kota Medan",3.608357,98.675551,4,0.4639,6,1.4311,6,0.9787,1,1.7807,7,0.6317,1,1.8913,1,2.0475,1,1.5976,4,1.803,31,2,94500000,2
aset-2113,5,2,2,1,2324,7,"Jl. Balai Kota No. 34, Kel. Petisah Tengah Kec. Medan Area, Kota Medan",3.601971,98.681016,3,0.5008,7,0.845,7,1.0177,2,1.4935,8,0.6499,1,1.9391,1,1.4037,1,1.1096,5,1.1305,35,2,91000000,2
aset-2114,1,2,0,1,1036,10,"Jl. Balai Kota No. 48, Kel. Aur Kec. Medan Kota, Kota Medan",3.553393,98.637654,1,2.3782,0,5.0,0,3.692,1,2.8955,0,4.9886,0,3.0487,0,5.0,0,5.0,0,4.4024,2,1,1100000,0
aset-2115,6,0,1,1,3806,18,"Jl. Thamrin No. 48, Kel. Sunggal Kec. Medan Polonia, Kota Medan",3.597624,98.643846,0,3.8755,0,3.1664,0,3.1385,0,3.057,1,2.5359,1,2.3656,0,3.7757,0,3.4807,2,1.5658,4,2,8900000,1
aset-2116,5,0,0,0,3280,27,"Jl. Sutomo No. 50, Kel. Kesawan Kec. Medan Perjuangan, Kota Medan",3.613307,98.653813,1,2.9109,0,3.0286,2,2.3727,1,2.9558,1,2.9744,1,2.3844,0,3.6522,0,3.184,2,2.6623,8,5,12700000,1
aset-2117,5,0,1,1,2789,15,"Jl. Sudirman No. 28, Kel. Suka Maju Kec. Medan Kota, Kota Medan",3.566992,98.660782,1,0.6264,0,3.0461,3,0.801,1,1.383,2,2.3579,1,1.3088,0,3.1281,0,3.3925,4,2.5299,12,0,17200000,1
aset-2118,1,2,0,0,328,23,"Blok Imam Bonjol No. 15, Kel. Pandan Selamat Kec. Medan Sunggal, Kota Medan",3.600948,98.70914,1,2.388,2,2.3889,1,2.0328,1,2.7654,3,1.6557,0,4.943,0,3.7688,0,3.8667,0,3.3878,8,2,1400000,1
aset-2119,1,0,0,0,1037,24,"Jl. Teuku Cik Ditiro No. 10, Kel. Pandan Selamat Kec. Medan Labuhan, Kota Medan",3.530867,98.68514,0,4.7602,0,5.0,0,4.4454,0,3.5782,0,5.0,0,3.5786,0,5.0,0,5.0,0,4.9205,0,0,3000000,0
aset-2120,5,0,2,0,736,18,"Jl. Balai Kota No. 20, Kel. Pulo Brayan Kec. Medan Kota, Kota Medan",3.521484,98.689228,0,5.0,0,5.0,0,5.0,0,4.6726,0,5.0,0,4.6862,0,5.0,0,5.0,0,5.0,0,3,600000,0
aset-2121,2,0,0,0,132,9,"Jl. Sisingamangaraja No. 22, Kel. Petisah Tengah Kec. Medan Area, Kota Medan",3.573336,98.685192,2,2.0118,6,1.4536,6,1.03,2,1.2958,5,1.3804,1,2.9559,1,2.064,1,2.561,6,0.243,30,2,55700000,2
aset-2122,1,2,0,1,723,17,"Jl. Imam Bonjol No. 8, Kel. Suka Maju Kec. Medan Sunggal, Kota Medan",3.59578,98.673233,3,0.8341,7,0.338,6,0.5209,2,0.3961,8,0.8623,1,0.9177,1,0.7667,1,0.2786,7,0.6135,36,2,58000000,2
aset-2123,6,2,0,0,549,28,"Jl. Iskandar Muda No. 32, Kel. Bantan Kec. Medan Barat, Kota Medan",3.553939,98.707247,0,5.0,0,3.4034,0,4.2361,0,3.4979,0,3.5975,0,4.6942,0,5.0,0,5.0,0,3.5,0,1,200000,0
aset-2124,6,0,0,1,4153,28,"Jl. Katamso No. 8, Kel. Merdeka Kec. Medan Area, Kota Medan",3.596564,98.611721,0,5.0,0,5.0,0,5.0,0,5.0,0,5.0,0,5.0,0,5.0,0,5.0,0,4.8761,0,5,3700000,1
aset-2125,1,0,1,1,8274,17,"Jl. Diponegoro No. 28, Kel. Polonia Kec. Medan Kota, Kota Medan",3.570315,98.658992,1,0.849,2,2.8398,4,1.0656,2,1.792,2,2.1795,2,1.7258,1,2.964,0,3.1768,5,2.1243,19,5,129200000,2
aset-2126,4,0,0,1,1644,20,"Jl. KH Wahid Hasyim No. 6, Kel. Kesawan Kec. Medan Selayang, Kota Medan",3.601331,98.613598,0,5.0,0,5.0,0,5.0,0,5.0,0,5.0,0,5.0,0,5.0,0,5.0,0,4.7949,0,5,1800000,0
aset-2127,1,0,0,1,2020,18,"Jl. Marelan Raya No. 1, Kel. Pasar Merah Kec. Medan Deli, Kota Medan",3.540188,98.611316,0,5.0,0,5.0,0,5.0,0,5.0,0,5.0,0,5.0,0,5.0,0,5.0,0,5.0,0,2,2300000,0
aset-2128,6,2,1,1,1010,22,"Jl. Diponegoro No. 40, Kel. Pulo Brayan Kec. Medan Labuhan, Kota Medan",3.573002,98.621816,0,4.0387,0,5.0,0,5.0,0,5.0,0,5.0,0,5.0,0,5.0,0,5.0,0,4.0898,0,2,1400000,0
aset-2129,6,0,1,0,5250,19,"Jl. Katamso No. 40, Kel. Sikambing Kec. Medan Labuhan, Kota Medan",3.52801,98.666253,0,4.0296,0,5.0,0,4.3398,0,3.0034,0,5.0,0,3.1154,0,5.0,0,5.0,0,5.0,0,3,1600000,0
aset-2130,5,0,0,1,6766,8,"Jl. Jamin Ginting No. 45, Kel. Polonia Kec. Medan Polonia, Kota Medan",3.596283,98.694473,3,0.6893,7,1.2064,6,0.3386,2,1.5966,7,1.3138,0,3.2739,1,2.0611,1,2.1759,6,1.7267,33,2,583800000,2
aset-2131,3,2,1,0,2032,26,"Lingkungan Sutomo No. 7, Kel. Jati Kec. Medan Denai, Kota Medan",3.62735,98.700926,1,2.2709,1,2.8695,0,3.3244,0,5.0,3,2.22,0,5.0,0,4.9294,0,4.6936,0,4.6516,5,2,1000000,1
aset-2132,5,2,2,1,1484,28,"Lingkungan Cut Mutia No. 32, Kel. Sei Sikambing Kec. Medan Petisah, Kota Medan",3.565172,98.678262,2,2.394,5,2.5922,5,1.1568,2,1.979,3,2.3117,1,1.7906,1,2.7643,0,3.2259,4,1.2689,23,2,28100000,2
aset-2133,2,2,0,1,809,11,"Jl. Iskandar Muda No. 42, Kel. Jati Kec. Medan Deli, Kota Medan",3.549841,98.721189,0,5.0,0,4.6081,0,5.0,0,4.7512,0,4.8355,0,5.0,0,5.0,0,5.0,0,5.0,0,1,200000,0
aset-2134,6,2,2,0,912,14,"Jl. Marelan Raya No. 22, Kel. Pasar Merah Kec. Medan Helvetia, Kota Medan",3.549137,98.713692,0,5.0,0,4.2019,0,5.0,0,4.3158,0,4.4103,0,5.0,0,5.0,0,5.0,0,4.3893,0,4,400000,0
aset-2135,6,0,0,1,2137,17,"Jl. Thamrin No. 50, Kel. Suka Maju Kec. Medan Timur, Kota Medan",3.55476,98.646723,1,1.4457,0,5.0,1,2.7255,1,1.8842,0,4.3139,1,2.0331,0,5.0,0,5.0,0,3.9165,4,0,6900000,1
aset-2136,4,0,0,1,3129,12,"Jl. Veteran No. 50, Kel. Sunggal Kec. Medan Baru, Kota Medan",3.56539,98.663606,1,0.8007,0,3.0724,4,0.5195,1,1.1665,2,2.3712,1,1.0556,0,3.1141,0,3.4233,4,2.4976,13,5,9400000,1
aset-2137,1,2,0,1,829,6,"Jl. Balai Kota No. 45, Kel. Pusat Pasar Kec. Medan Baru, Kota Medan",3.537776,98.598866,0,5.0,0,5.0,0,5.0,0,5.0,0,5.0,0,5.0,0,5.0,0,5.0,0,5.0,0,1,200000,0
aset-2138,4,2,0,1,577,27,"Perumahan Diponegoro No. 12, Kel. Padang Bulan Kec. Medan Helvetia, Kota Medan",3.562106,98.688469,0,3.3057,2,2.3279,3,2.3208,2,2.2686,2,2.3772,1,2.6916,0,3.3527,0,3.8486,3,1.5313,13,2,4300000,1
aset-2139,2,0,1,1,923,12,"Jl. Katamso No. 25, Kel. Jati Kec. Medan Tembung, Kota Medan",3.524018,98.704219,0,5.0,0,5.0,0,5.0,0,5.0,0,5.0,0,5.0,0,5.0,0,5.0,0,5.0,0,5,1600000,0
aset-2140,1,0,0,1,1795,13,"Jl. KH Wahid Hasyim No. 34, Kel. Pulo Brayan Kec. Medan Helvetia, Kota Medan",3.539684,98.596169,0,5.0,0,5.0,0,5.0,0,5.0,0,5.0,0,5.0,0,5.0,0,5.0,0,5.0,0,2,1100000,1
aset-2141,6,0,1,1,3741,13,"Jl. Thamrin No. 12, Kel. Gaharu Kec. Medan Baru, Kota Medan",3.588518,98.71192,1,2.737,1,2.0127,1,2.3085,1,2.2212,3,2.1875,0,5.0,0,3.8788,0,4.1423,0,3.3247,7,2,28400000,1
aset-2142,6,0,1,1,4901,6,"Jl. Marelan Raya No. 15, Kel. Pusat Pasar Kec. Medan Helvetia, Kota Medan",3.573956,98.67415,3,1.8211,6,1.8449,6,1.0101,3,2.1463,5,1.251,2,2.2399,1,1.8119,1,2.2308,7,1.0896,34,2,646600000,2
aset-2143,5,0,0,1,10593,22,"Lingkungan Veteran No. 40, Kel. Gaharu Kec. Medan Barat, Kota Medan",3.551424,98.681981,0,3.0768,0,3.6942,1,2.3253,1,2.0653,0,3.718,1,1.952,0,4.3249,0,4.7972,2,2.6413,5,2,22100000,1
aset-2144,4,2,2,1,1980,24,"Jl. Jamin Ginting No. 28, Kel. Petisah Tengah Kec. Medan Tembung, Kota Medan",3.58444,98.704323,2,2.1684,4,1.0696,4,1.7668,1,1.2856,4,1.2668,0,4.5192,0,3.0946,0,3.4234,3,2.4055,18,2,10900000,1
aset-2145,6,2,1,1,1250,9,"Perumahan Diponegoro No. 28, Kel. Suka Maju Kec. Medan Maimun, Kota Medan",3.57279,98.709083,0,3.4282,1,1.8685,0,3.0694,1,2.0577,1,2.1153,0,5.0,0,4.0421,0,4.4574,2,2.7904,5,1,900000,1
aset-2146,4,2,0,0,1730,11,"Jl. Yos Sudarso No. 3, Kel. Polonia Kec. Medan Polonia, Kota Medan",3.599592,98.678635,3,0.7137,7,0.8934,6,0.7405,2,1.1204,8,0.4779,1,1.597,1,1.0819,1,0.7412,7,0.8234,36,2,114200000,2
aset-2147,6,0,1,1,3061,19,"Jl. Diponegoro No. 5, Kel. Padang Bulan Kec. Medan Denai, Kota Medan",3.541138,98.611521,0,5.0,0,5.0,0,5.0,0,5.0,0,5.0,0,5.0,0,5.0,0,5.0,0,5.0,0,3,3200000,0
aset-2148,3,2,1,1,165,10,"Jl. Teuku Cik Ditiro No. 15, Kel. Merdeka Kec. Medan Deli, Kota Medan",3.623706,98.666858,2,1.8202,0,3.1354,2,0.5256,0,3.4452,2,2.1876,0,3.1986,0,3.9133,0,3.4245,0,3.3056,6,5,1000000,1
aset-2149,1,2,0,1,135,26,"Jl. Balai Kota No. 10, Kel. Aur Kec. Medan Denai, Kota Medan",3.528861,98.634638,0,4.5232,0,5.0,0,5.0,0,4.3343,0,5.0,0,4.5234,0,5.0,0,5.0,0,5.0,0,1,100000,0
aset-2150,6,0,0,1,388,23,"Lingkungan Sisingamangaraja No. 14, Kel. Kesawan Kec. Medan Petisah, Kota Medan",3.516046,98.672372,0,5.0,0,5.0,0,5.0,0,4.4263,0,5.0,0,4.5174,0,5.0,0,5.0,0,5.0,0,1,1100000,0
aset-2151,1,0,0,2,2360,19,"Jl. Sisingamangaraja No. 20, Kel. Merdeka Kec. Medan Barat, Kota Medan",3.542454,98.687148,0,4.0698,0,4.4828,0,3.4591,1,2.9474,0,4.555,1,2.8828,0,5.0,0,5.0,0,3.6479,2,5,4400000,1
aset-2152,4,0,1,1,3075,13,"Lorong Teuku Cik Ditiro No. 28, Kel. Polonia Kec. Medan Barat, Kota Medan",3.619929,98.64287,0,4.2983,0,4.4065,0,3.1938,0,4.3257,0,4.226,0,3.7034,0,5.0,0,4.5855,0,3.6933,0,2,4800000,0
aset-2153,5,0,2,1,692,12,"Jl. Putri Hijau No. 4, Kel. Pasar Merah Kec. Medan Petisah, Kota Medan",3.608211,98.647006,0,3.559,0,3.2487,1,2.9098,0,3.1545,1,2.9241,1,2.479,0,3.8961,0,3.4854,2,2.313,5,3,2100000,1
aset-2154,1,2,0,0,690,26,"Jl. Pemuda No. 18, Kel. Sei Sikambing Kec. Medan Marelan, Kota Medan",3.594967,98.669417,3,1.0972,6,0.3606,6,0.6586,2,0.2806,7,0.8249,1,0.4902,1,1.0066,1,0.6289,7,0.1905,34,2,39600000,2
aset-2155,5,2,1,1,509,12,"Jl. Marelan Raya No. 30, Kel. Padang Bulan Kec. Medan Denai, Kota Medan",3.586644,98.661146,3,1.8942,5,1.3966,6,1.59,1,1.3021,4,0.5016,1,1.0229,1,1.7986,1,1.7415,7,0.7307,29,2,9000000,2
aset-2156,1,0,1,1,1074,25,"Jl. Veteran No. 10, Kel. Pandan Selamat Kec. Medan Tembung, Kota Medan",3.563445,98.603501,0,5.0,0,5.0,0,5.0,0,5.0,0,5.0,0,5.0,0,5.0,0,5.0,0,5.0,0,2,3800000,0
aset-2157,6,0,0,0,1844,20,"Jl. Jamin Ginting No. 42, Kel. Titi Kuning Kec. Medan Tembung, Kota Medan",3.594065,98.699761,3,1.2833,6,1.4419,4,0.8626,1,1.5372,6,1.4412,0,3.859,1,2.5661,1,2.7479,5,2.1219,27,2,271900000,2
aset-2158,5,0,2,1,547,26,"Jl. Diponegoro No. 20, Kel. Jati Kec. Medan Johor, Kota Medan",3.562989,98.646437,1,1.1501,0,4.3656,1,2.4343,1,2.1165,0,3.551,1,2.2019,0,4.5306,0,4.6839,0,3.0445,4,3,2200000,1
aset-2159,1,0,0,1,2098,11,"Blok Diponegoro No. 8, Kel. Petisah Tengah Kec. Medan Barat, Kota Medan",3.554967,98.623044,0,3.8512,0,5.0,0,5.0,0,4.512,0,5.0,0,4.6577,0,5.0,0,5.0,0,5.0,0,2,4900000,0
aset-2160,3,0,2,0,4218,21,"Jl. Sutomo No. 6, Kel. Pulo Brayan Kec. Medan Maimun, Kota Medan",3.569294,98.689868,2,2.6484,5,1.5234,6,1.6855,1,1.455,3,1.5632,0,3.1308,1,2.7093,0,3.2046,5,0.9249,23,2,62700000,2
aset-2161,1,0,0,1,3292,21,"Lorong Iskandar Muda No. 8, Kel. Pandan Selamat Kec. Medan Deli, Kota Medan",3.535029,98.622218,0,4.94,0,5.0,0,5.0,0,5.0,0,5.0,0,5.0,0,5.0,0,5.0,0,5.0,0,0,4100000,0
aset-2162,5,2,1,1,1823,24,"Jl. Iskandar Muda No. 45, Kel. Pasar Merah Kec. Medan Sunggal, Kota Medan",3.551053,98.629936,0,3.2639,0,5.0,0,4.5814,0,3.7715,0,5.0,0,3.9301,0,5.0,0,5.0,0,5.0,0,1,700000,0
aset-2163,4,2,1,1,313,6,"Jl. Imam Bonjol No. 16, Kel. Polonia Kec. Medan Deli, Kota Medan",3.593012,98.638453,0,3.9092,0,3.7229,0,3.8101,0,3.6119,1,2.9796,1,2.9543,0,4.2909,0,4.0573,1,1.8897,3,2,600000,1
aset-2164,3,0,0,0,3177,17,"Jl. Katamso No. 40, Kel. Pulo Brayan Kec. Medan Sunggal, Kota Medan",3.613906,98.663815,2,1.9006,4,2.4958,2,1.5634,1,2.4576,4,1.9559,1,2.1063,0,3.0343,1,2.5377,3,2.2616,18,2,42100000,1
aset-2165,1,0,1,1,5955,27,"Jl. Yos Sudarso No. 7, Kel. Merdeka Kec. Medan Petisah, Kota Medan",3.632542,98.717721,0,4.0755,0,4.5009,0,5.0,0,5.0,0,3.6411,0,5.0,0,5.0,0,5.0,0,5.0,0,2,12600000,0
aset-2166,4,0,0,1,567,25,"Perumahan Iskandar Muda No. 50, Kel. Bantan Kec. Medan Barat, Kota Medan",3.584028,98.710078,1,2.7381,2,1.6885,1,2.3197,1,1.9087,2,1.8987,0,5.0,0,3.7305,0,4.0477,1,2.9945,8,2,5600000,1
aset-2167,2,0,0,1,2121,6,"Jl. Sisingamangaraja No. 48, Kel. Polonia Kec. Medan Maimun, Kota Medan",3.554485,98.679766,1,2.7189,0,3.4956,1,1.9083,1,1.7836,0,3.4944,1,1.6474,0,3.961,0,4.4256,2,2.3377,6,5,4100000,1
aset-2168,6,2,1,1,621,13,"Jl. HM Yamin No. 24, Kel. Petisah Tengah Kec. Medan Barat, Kota Medan",3.642984,98.608414,0,5.0,0,5.0,0,5.0,0,5.0,0,5.0,0,5.0,0,5.0,0,5.0,0,5.0,0,1,100000,0
aset-2169,5,0,0,1,11033,9,"Lorong Veteran No. 22, Kel. Padang Bulan Kec. Medan Denai, Kota Medan",3.582549,98.668205,4,1.3512,6,1.1387,7,0.7558,2,1.2028,5,0.5017,2,1.4294,1,1.2803,1,1.4798,7,1.0563,35,2,534500000,2
aset-2170,2,0,1,1,1338,6,"Jl. Gatot Subroto No. 15, Kel. Pasar Merah Kec. Medan Baru, Kota Medan",3.613146,98.721979,0,4.2161,0,3.878,0,3.9201,0,4.7261,1,2.9392,0,5.0,0,5.0,0,5.0,0,5.0,1,2,6300000,0
aset-2171,6,0,0,1,1807,26,"Jl. Imam Bonjol No. 12, Kel. Pandan Selamat Kec. Medan Kota, Kota Medan",3.5331,98.627035,0,4.6868,0,5.0,0,5.0,0,4.7365,0,5.0,0,4.9231,0,5.0,0,5.0,0,5.0,0,0,2400000,0
aset-2172,2,0,0,0,2952,7,"Jl. Sutomo No. 1, Kel. Kesawan Kec. Medan Barat, Kota Medan",3.59592,98.688982,3,0.0837,7,0.903,6,0.3702,2,1.6108,8,0.8859,1,2.6634,1,1.4838,1,1.5663,6,1.2587,35,2,518800000,2
aset-2173,6,0,0,1,1585,15,"Jl. Sudirman No. 12, Kel. Merdeka Kec. Medan Selayang, Kota Medan",3.610781,98.680601,4,0.5606,6,1.0429,5,1.5064,1,2.246,6,0.0975,1,2.4651,1,2.3451,1,1.9668,4,2.0833,29,2,167600000,2
aset-2174,5,2,1,0,860,24,"Jl. Balai Kota No. 14, Kel. Padang Bulan Kec. Medan Labuhan, Kota Medan",3.614271,98.684579,4,1.1087,6,1.0985,4,1.993,1,2.8045,5,0.6191,0,3.0517,1,2.8268,1,2.4921,2,2.5542,24,2,12500000,2
aset-2175,2,2,1,1,1021,21,"Komplek Diponegoro No. 24, Kel. Gaharu Kec. Medan Denai, Kota Medan",3.558377,98.720979,0,5.0,0,3.9003,0,5.0,0,4.0671,0,4.1398,0,5.0,0,5.0,0,5.0,0,4.5156,0,1,400000,0
aset-2176,3,2,2,1,399,25,"Jl. Iskandar Muda No. 40, Kel. Aur Kec. Medan Denai, Kota Medan",3.585432,98.689264,3,1.1356,7,0.7388,6,1.0113,2,0.5635,8,0.495,1,2.8953,1,1.4527,1,1.8476,6,0.8248,35,2,57700000,2
aset-2177,6,2,0,1,1157,19,"Jl. Katamso No. 40, Kel. Petisah Tengah Kec. Medan Labuhan, Kota Medan",3.585178,98.670348,4,0.989,7,0.7638,7,0.5702,2,0.8728,6,0.1844,1,1.243,1,0.9124,1,1.1085,7,0.7013,36,2,85900000,2
aset-2178,4,0,1,2,1803,18,"Lingkungan Ahmad Yani No. 25, Kel. Jati Kec. Medan Maimun, Kota Medan",3.612246,98.643802,0,3.9674,0,3.7911,0,3.3837,0,3.7,0,3.4951,0,3.0351,0,4.4376,0,4.0129,1,2.868,1,5,10000000,1
aset-2179,3,0,0,1,1460,20,"Jl. Katamso No. 24, Kel. Jati Kec. Medan Area, Kota Medan",3.528296,98.633672,0,4.6346,0,5.0,0,5.0,0,4.4562,0,5.0,0,4.6453,0,5.0,0,5.0,0,5.0,0,0,2400000,0
aset-2180,5,2,0,1,1830,15,"Jl. Cut Mutia No. 20, Kel. Sikambing Kec. Medan Timur, Kota Medan",3.59951,98.658492,2,2.3875,3,1.6647,4,1.5016,1,1.5655,5,1.3738,1,0.8792,1,2.3102,1,1.9317,5,1.2201,23,2,13300000,2
aset-2181,3,0,1,0,599,11,"Jl. Sudirman No. 18, Kel. Petisah Tengah Kec. Medan Sunggal, Kota Medan",3.546162,98.628149,0,3.69,0,5.0,0,4.9929,0,4.0633,0,5.0,0,4.2335,0,5.0,0,5.0,0,5.0,0,0,3500000,0
aset-2182,3,2,0,1,901,25,"Lingkungan Jamin Ginting No. 48, Kel. Kesawan Kec. Medan Timur, Kota Medan",3.593383,98.66981,3,0.9778,6,0.2468,7,0.8066,2,0.1388,7,0.7228,1,0.5632,1,0.8822,1,0.58,7,0.2122,35,2,82000000,2
aset-2183,3,2,1,1,825,12,"Jl. Teuku Daud No. 12, Kel. Pandan Selamat Kec. Medan Barat, Kota Medan",3.51659,98.624189,0,5.0,0,5.0,0,5.0,0,5.0,0,5.0,0,5.0,0,5.0,0,5.0,0,5.0,0,1,100000,0
aset-2184,4,2,0,1,662,14,"Gang Pemuda No. 14, Kel. Pusat Pasar Kec. Medan Marelan, Kota Medan",3.584881,98.663588,4,1.6835,5,1.2986,6,1.2836,1,1.2213,4,0.4841,1,1.136,1,1.5935,1,1.6223,7,1.0574,30,2,44000000,2
aset-2185,4,0,1,1,982,9,"Jl. Setiabudi No. 5, Kel. Padang Bulan Kec. Medan Kota, Kota Medan",3.585521,98.681911,3,0.6597,7,0.301,7,0.3847,2,1.2914,8,0.4399,1,2.1524,1,0.7383,1,1.2154,6,0.1648,36,2,989100000,2
aset-2186,3,0,0,1,2787,14,"Lorong HM Yamin No. 7, Kel. Pasar Merah Kec. Medan Baru, Kota Medan",3.549901,98.632868,0,3.0292,0,5.0,0,4.3379,0,3.4667,0,5.0,0,3.63,0,5.0,0,5.0,0,4.9935,0,0,6800000,0
aset-2187,2,2,0,2,1306,19,"Jl. Balai Kota No. 40, Kel. Sikambing Kec. Medan Selayang, Kota Medan",3.508268,98.652149,0,5.0,0,5.0,0,5.0,0,5.0,0,5.0,0,5.0,0,5.0,0,5.0,0,5.0,0,1,400000,0
aset-2188,3,2,2,1,2523,15,"Jl. Jamin Ginting No. 5, Kel. Pasar Merah Kec. Medan Sunggal, Kota Medan",3.58708,98.685028,3,0.8509,7,0.2472,7,0.6699,2,1.0497,8,0.1024,1,2.3907,1,0.9482,1,1.353,6,0.3361,36,2,134700000,2
aset-2189,1,2,0,1,1247,18,"Jl. Pemuda No. 8, Kel. Bantan Kec. Medan Deli, Kota Medan",3.602756,98.646655,0,3.6076,0,3.0147,1,2.8259,1,2.9114,1,2.5465,1,2.211,0,3.6541,0,3.2929,2,1.7881,6,1,800000,1
aset-2190,2,0,0,0,1691,16,"Lingkungan Marelan Raya No. 14, Kel. Kesawan Kec. Medan Labuhan, Kota Medan",3.631498,98.708703,0,3.0747,0,3.7362,0,4.2283,0,5.0,1,2.9688,0,5.0,0,5.0,0,5.0,0,5.0,1,1,1300000,0
aset-2191,4,0,0,1,719,23,"Jl. Setiabudi No. 30, Kel. Padang Bulan Kec. Medan Perjuangan, Kota Medan",3.542025,98.690784,0,4.4345,0,4.4696,0,3.7558,0,3.3293,0,4.5629,0,3.2563,0,5.0,0,5.0,0,3.7563,0,2,700000,0
aset-2192,3,0,1,1,829,9,"Lingkungan Balai Kota No. 16, Kel. Sei Sikambing Kec. Medan Labuhan, Kota Medan",3.583048,98.671496,4,1.0419,6,0.9269,7,0.3889,2,1.108,5,0.2242,1,1.5119,1,0.9853,1,1.2784,7,0.7437,34,2,452600000,2
aset-2193,2,2,1,1,692,10,"Jl. Putri Hijau No. 32, Kel. Polonia Kec. Medan Kota, Kota Medan",3.572545,98.708605,0,3.4132,1,1.8399,0,3.0587,1,2.026,1,2.0859,0,5.0,0,4.0087,0,4.4272,2,2.7422,5,1,1100000,1
aset-2194,5,0,2,0,6178,26,"Blok Iskandar Muda No. 12, Kel. Pusat Pasar Kec. Medan Johor, Kota Medan",3.573619,98.666065,2,1.5657,5,2.1239,5,0.7667,2,2.0979,4,1.4267,2,1.9627,1,2.1888,1,2.4737,7,1.9424,29,2,758100000,2
aset-2195,5,2,0,1,583,22,"Jl. Pemuda No. 24, Kel. Bantan Kec. Medan Denai, Kota Medan",3.557359,98.69303,0,3.989,1,2.7486,1,2.9775,1,2.7399,1,2.8511,0,3.1145,0,4.042,0,4.5391,2,2.2177,6,1,400000,1
aset-2196,2,2,0,0,140,27,"Blok Katamso No. 34, Kel. Pusat Pasar Kec. Medan Sunggal, Kota Medan",3.580331,98.640258,1,2.6616,0,3.7939,0,3.4171,0,3.6911,1,2.9101,0,3.1937,0,4.2169,0,4.1443,1,1.8989,3,1,300000,0
aset-2197,2,2,1,1,1442,18,"Jl. Sudirman No. 24, Kel. Sikambing Kec. Medan Labuhan, Kota Medan",3.58416,98.681464,3,0.7508,7,0.4597,7,0.2893,2,1.3026,7,0.5799,1,2.1889,1,0.8167,1,1.3083,7,0.3213,36,2,596400000,2
aset-2198,5,2,0,0,816,16,"Jl. Teuku Daud No. 34, Kel. Sunggal Kec. Medan Sunggal, Kota Medan",3.582268,98.641969,1,2.7017,0,3.54,0,3.3508,0,3.4357,1,2.6633,1,2.9219,0,3.9816,0,3.8909,1,1.6285,4,1,500000,1
aset-2199,5,0,1,1,8806,15,"Jl. Imam Bonjol No. 12, Kel. Aur Kec. Medan Deli, Kota Medan",3.585736,98.705416,1,2.1934,4,1.2283,4,1.7794,1,1.4391,4,1.4111,0,4.602,0,3.1889,0,3.4983,3,2.5732,17,2,56800000,1
aset-2200,4,0,1,1,2777,14,"Jl. Imam Bonjol No. 15, Kel. Padang Bulan Kec. Medan Petisah, Kota Medan",3.579225,98.611734,0,5.0,0,5.0,0,5.0,0,5.0,0,5.0,0,5.0,0,5.0,0,5.0,0,4.9231,0,1,1000000,0
aset-2201,3,2,0,1,2843,7,"Jl. Diponegoro No. 3, Kel. Padang Bulan Kec. Medan Labuhan, Kota Medan",3.539435,98.608103,0,5.0,0,5.0,0,5.0,0,5.0,0,5.0,0,5.0,0,5.0,0,5.0,0,5.0,0,1,400000,0
aset-2202,2,0,0,1,1289,19,"Jl. HM Yamin No. 7, Kel. Sunggal Kec. Medan Area, Kota Medan",3.582911,98.665029,4,1.6261,5,1.3416,6,1.1066,1,1.3029,4,0.677,2,1.3442,1,1.5447,1,1.6567,7,1.2763,31,2,175500000,2
aset-2203,4,2,0,0,982,18,"Komplek Iskandar Muda No. 12, Kel. Merdeka Kec. Medan Kota, Kota Medan",3.58736,98.665883,4,1.3632,5,0.9242,6,1.122,1,0.8461,5,0.207,1,0.8551,1,1.2682,1,1.2526,7,0.7748,31,2,68500000,2
aset-2204,1,0,0,1,996,14,"Jl. Yos Sudarso No. 30, Kel. Sei Sikambing Kec. Medan Petisah, Kota Medan",3.525968,98.671356,0,4.4233,0,5.0,0,4.5777,0,3.3274,0,5.0,0,3.4131,0,5.0,0,5.0,0,5.0,0,2,1800000,0
aset-2205,4,0,1,0,593,13,"Jl. Setiabudi No. 8, Kel. Sei Sikambing Kec. Medan Kota, Kota Medan",3.56647,98.661632,1,0.6607,0,3.0535,3,0.7091,1,1.3069,2,2.3599,1,1.2228,0,3.1232,0,3.4017,4,2.6111,12,2,6000000,1
aset-2206,5,2,1,1,603,6,"Jl. Marelan Raya No. 3, Kel. Pasar Merah Kec. Medan Baru, Kota Medan",3.528753,98.673877,0,4.2537,0,5.0,0,4.3026,0,3.1191,0,5.0,0,3.1859,0,5.0,0,5.0,0,5.0,0,4,100000,0
aset-2207,4,0,0,0,20194,25,"Komplek Sutomo No. 14, Kel. Sikambing Kec. Medan Labuhan, Kota Medan",3.549053,98.616337,0,4.7508,0,5.0,0,5.0,0,5.0,0,5.0,0,5.0,0,5.0,0,5.0,0,5.0,0,2,18600000,0
aset-2208,5,2,1,1,581,13,"Jl. Thamrin No. 40, Kel. Kesawan Kec. Medan Area, Kota Medan",3.542276,98.657479,1,2.3056,0,5.0,1,2.9868,1,1.5643,0,5.0,1,1.7394,0,5.0,0,5.0,0,4.6818,4,1,500000,1
aset-2209,5,2,0,1,603,12,"Jl. Thamrin No. 36, Kel. Pusat Pasar Kec. Medan Petisah, Kota Medan",3.63455,98.6603,1,2.3146,0,4.4996,1,1.5211,0,4.7703,0,3.5678,0,4.4286,0,5.0,0,4.795,0,4.5892,2,1,800000,1
aset-2210,3,0,0,2,3034,21,"Jl. Pemuda No. 22, Kel. Pusat Pasar Kec. Medan Deli, Kota Medan",3.53719,98.648573,0,3.0117,0,5.0,0,3.9542,1,2.5878,0,5.0,1,2.7746,0,5.0,0,5.0,0,5.0,2,0,13400000,0
aset-2211,2,0,1,0,1019,8,"Jl. Veteran No. 14, Kel. Jati Kec. Medan Denai, Kota Medan",3.609079,98.665565,3,1.5298,5,1.9253,4,1.2095,1,1.8869,5,1.716,1,1.5668,1,2.4721,1,1.9768,4,1.6984,25,2,117900000,2
aset-2212,1,0,0,0,6043,16,"Jl. Teuku Cik Ditiro No. 48, Kel. Pasar Merah Kec. Medan Polonia, Kota Medan",3.557499,98.624302,0,3.6581,0,5.0,0,4.9633,0,4.3819,0,5.0,0,4.5197,0,5.0,0,5.0,0,4.8863,0,1,10200000,0
aset-2213,3,0,0,1,13723,9,"Jl. Sutomo No. 10, Kel. Polonia Kec. Medan Kota, Kota Medan",3.637637,98.699015,1,2.0951,0,3.8294,0,3.3674,0,5.0,0,3.3124,0,5.0,0,5.0,0,5.0,0,5.0,1,0,10900000,1
aset-2214,1,2,1,1,1784,7,"Jl. Teuku Cik Ditiro No. 30, Kel. Gaharu Kec. Medan Sunggal, Kota Medan",3.567667,98.677958,2,2.4048,6,2.3291,5,1.1076,3,2.1258,4,2.0376,1,1.9368,1,2.4856,1,2.9464,5,1.0573,28,2,54900000,2
aset-2215,2,0,0,1,1155,12,"Jl. Balai Kota No. 1, Kel. Petisah Tengah Kec. Medan Johor, Kota Medan",3.530425,98.630239,0,4.6701,0,5.0,0,5.0,0,4.6041,0,5.0,0,4.7928,0,5.0,0,5.0,0,5.0,0,5,2300000,0
aset-2216,6,0,2,1,1026,13,"Jl. Veteran No. 32, Kel. Merdeka Kec. Medan Barat, Kota Medan",3.632176,98.599632,0,5.0,0,5.0,0,5.0,0,5.0,0,5.0,0,5.0,0,5.0,0,5.0,0,5.0,0,3,400000,0
aset-2217,6,2,0,1,268,22,"Jl. Ahmad Yani No. 32, Kel. Pandan Selamat Kec. Medan Selayang, Kota Medan",3.52475,98.642011,0,4.559,0,5.0,0,5.0,0,4.1272,0,5.0,0,4.311,0,5.0,0,5.0,0,5.0,0,1,100000,0
aset-2218,3,0,1,1,3578,25,"Jl. Teuku Cik Ditiro No. 15, Kel. Padang Bulan Kec. Medan Timur, Kota Medan",3.546628,98.688521,0,3.9632,0,3.9983,0,3.2121,1,2.9041,0,4.0748,1,2.8107,0,4.9893,0,5.0,0,3.2072,2,2,17900000,1
aset-2219,6,2,0,1,1413,6,"Jl. Setiabudi No. 10, Kel. Sei Sikambing Kec. Medan Denai, Kota Medan",3.585458,98.689664,3,1.1379,7,0.706,6,1.0383,2,0.5337,8,0.4601,1,2.9356,1,1.4935,1,1.8843,6,0.8677,35,2,63000000,2
aset-2220,3,2,1,1,582,21,"Jl. Iskandar Muda No. 24, Kel. Jati Kec. Medan Perjuangan, Kota Medan",3.615536,98.641354,0,4.3102,0,4.2244,0,3.4896,0,4.1356,0,3.9487,0,3.4786,0,4.8694,0,4.4358,0,3.3166,0,1,200000,0
aset-2221,2,2,0,1,1076,17,"Jl. Pemuda No. 45, Kel. Pulo Brayan Kec. Medan Tembung, Kota Medan",3.583749,98.686839,3,1.205,7,0.6364,7,0.6907,2,0.7108,8,0.5149,1,2.7275,1,1.2944,1,1.7394,6,0.6474,36,2,89900000,2
aset-2222,5,2,0,2,307,12,"Jl. Teuku Cik Ditiro No. 30, Kel. Merdeka Kec. Medan Kota, Kota Medan",3.611072,98.676548,4,0.6262,6,1.4391,5,1.2998,1,2.1017,7,0.5082,1,2.1991,1,2.3436,1,1.9061,4,2.1065,30,2,33800000,2
aset-2223,1,0,0,1,1793,28,"Perumahan Katamso No. 36, Kel. Kesawan Kec. Medan Sunggal, Kota Medan",3.608282,98.638068,0,4.5495,0,4.1313,0,3.8688,0,4.0304,0,3.6783,0,3.3338,0,4.7748,0,4.3954,1,2.8509,1,5,12000000,0
aset-2224,2,0,0,1,986,26,"Jl. Teuku Cik Ditiro No. 12, Kel. Sei Sikambing Kec. Medan Sunggal, Kota Medan",3.56535,98.698194,0,3.5383,1,1.885,1,2.628,1,1.9391,2,2.0455,0,3.8278,0,3.6118,0,4.0957,2,1.9214,7,2,11200000,1
aset-2225,5,0,0,1,326,20,"Jl. Teuku Cik Ditiro No. 28, Kel. Sunggal Kec. Medan Timur, Kota Medan",3.535089,98.646842,0,3.2944,0,5.0,0,4.2549,1,2.8902,0,5.0,0,3.0769,0,5.0,0,5.0,0,5.0,1,0,600000,1
aset-2226,5,2,0,1,1698,21,"Perumahan Jamin Ginting No. 20, Kel. Padang Bulan Kec. Medan Deli, Kota Medan",3.577452,98.66116,2,1.6783,5,2.0736,6,1.3882,2,2.0449,3,1.3529,2,1.9972,1,2.2443,1,2.3968,7,1.4547,29,2,25700000,2
aset-2227,6,0,1,1,916,13,"Komplek Sudirman No. 22, Kel. Suka Maju Kec. Medan Denai, Kota Medan",3.619988,98.668503,2,1.9254,1,2.7312,2,0.7236,0,3.0138,2,1.7768,1,2.8056,0,3.4653,1,2.9784,1,2.8903,10,2,23400000,1
aset-2228,3,0,0,1,9583,9,"Jl. Veteran No. 25, Kel. Gaharu Kec. Medan Labuhan, Kota Medan",3.535386,98.652093,0,3.1146,0,5.0,0,3.9337,1,2.5234,0,5.0,1,2.7029,0,5.0,0,5.0,0,5.0,2,2,20700000,1
aset-2229,4,2,0,1,1900,12,"Jl. Sutomo No. 20, Kel. Suka Maju Kec. Medan Tembung, Kota Medan",3.526142,98.673947,0,4.5187,0,5.0,0,4.5909,0,3.3939,0,5.0,0,3.4653,0,5.0,0,5.0,0,5.0,0,1,900000,0
aset-2230,2,0,2,0,11790,11,"Komplek Cut Mutia No. 15, Kel. Gaharu Kec. Medan Polonia, Kota Medan",3.596427,98.68932,3,0.1458,7,0.9645,6,0.3666,2,1.6554,8,0.9245,1,2.7036,1,1.5427,1,1.6119,6,1.3205,35,2,545200000,2
aset-2231,3,2,0,1,1230,13,"Jl. Sisingamangaraja No. 8, Kel. Kesawan Kec. Medan Maimun, Kota Medan",3.557121,98.652514,1,0.8085,0,4.4584,1,2.0397,1,1.2658,0,3.7798,1,1.3913,0,4.5553,0,4.8004,0,3.5555,4,1,1200000,1
aset-2232,4,2,0,1,642,17,"Jl. Imam Bonjol No. 8, Kel. Sunggal Kec. Medan Labuhan, Kota Medan",3.533078,98.617803,0,5.0,0,5.0,0,5.0,0,5.0,0,5.0,0,5.0,0,5.0,0,5.0,0,5.0,0,1,300000,0
aset-2233,2,0,2,1,1896,11,"Blok Veteran No. 10, Kel. Pandan Selamat Kec. Medan Marelan, Kota Medan",3.587144,98.699317,2,1.5424,6,0.7461,5,1.1526,1,0.9047,5,0.8389,0,3.9073,1,2.4969,1,2.8042,5,1.9218,26,2,82400000,2
aset-2234,5,2,0,1,794,16,"Lorong Marelan Raya No. 18, Kel. Pandan Selamat Kec. Medan Baru, Kota Medan",3.615685,98.647885,0,3.617,0,3.6776,1,2.8099,0,3.5976,0,3.523,1,2.9829,0,4.3123,0,3.856,0,3.0705,2,1,300000,0
aset-2235,2,0,0,1,1303,25,"Lorong KH Wahid Hasyim No. 30, Kel. Sikambing Kec. Medan Petisah, Kota Medan",3.54567,98.637433,1,2.8867,0,5.0,0,4.1393,0,3.0906,0,5.0,0,3.268,0,5.0,0,5.0,0,5.0,1,0,5100000,1
aset-2236,6,0,1,0,468,10,"Perumahan Cut Mutia No. 45, Kel. Jati Kec. Medan Area, Kota Medan",3.587701,98.694289,3,1.1015,7,0.6388,6,0.7975,2,0.6499,7,0.542,0,3.3502,1,1.9357,1,2.2523,5,1.3661,32,2,288000000,2
aset-2237,6,0,0,1,6810,13,"Jl. Jamin Ginting No. 5, Kel. Sei Sikambing Kec. Medan Johor, Kota Medan",3.64371,98.699976,1,2.4758,0,4.5048,0,3.7706,0,5.0,0,3.9952,0,5.0,0,5.0,0,5.0,0,5.0,1,5,13100000,1
aset-2238,4,0,1,0,473,11,"Jl. Gatot Subroto No. 30, Kel. Gaharu Kec. Medan Johor, Kota Medan",3.557021,98.630421,0,3.002,0,5.0,0,4.3156,0,3.7008,0,5.0,0,3.8392,0,5.0,0,5.0,0,4.4816,0,0,1100000,0
aset-2239,5,0,0,1,702,14,"Jl. KH Wahid Hasyim No. 25, Kel. Sikambing Kec. Medan Sunggal, Kota Medan",3.532085,98.670105,0,3.7413,0,5.0,0,3.8894,1,2.6346,0,5.0,1,2.7189,0,5.0,0,5.0,0,5.0,2,5,300000,1
aset-2240,1,2,2,1,3674,8,"Jl. Gatot Subroto No. 10, Kel. Pulo Brayan Kec. Medan Baru, Kota Medan",3.623228,98.620328,0,5.0,0,5.0,0,5.0,0,5.0,0,5.0,0,5.0,0,5.0,0,5.0,0,5.0,0,4,400000,0
aset-2241,6,2,0,1,2182,7,"Jl. Imam Bonjol No. 2, Kel. Merdeka Kec. Medan Baru, Kota Medan",3.607394,98.684441,4,0.6234,6,0.4763,7,1.5901,2,2.1879,8,0.0657,1,2.5601,1,2.1031,1,1.821,4,1.826,34,2,121000000,2
aset-2242,1,2,1,1,1436,19,"Jl. Ahmad Yani No. 1, Kel. Bantan Kec. Medan Sunggal, Kota Medan",3.531148,98.615901,0,5.0,0,5.0,0,5.0,0,5.0,0,5.0,0,5.0,0,5.0,0,5.0,0,5.0,0,1,400000,0
aset-2243,4,0,0,1,3761,17,"Jl. Teuku Cik Ditiro No. 18, Kel. Sunggal Kec. Medan Deli, Kota Medan",3.600604,98.639116,0,4.4657,0,3.746,0,3.6495,0,3.638,0,3.149,1,2.9393,0,4.3665,0,4.0494,1,2.1845,2,5,4200000,1
aset-2244,2,0,0,1,3296,8,"Jl. Marelan Raya No. 34, Kel. Padang Bulan Kec. Medan Baru, Kota Medan",3.553433,98.624803,0,3.707,0,5.0,0,5.0,0,4.3199,0,5.0,0,4.4702,0,5.0,0,5.0,0,5.0,0,2,13000000,1
aset-2245,3,2,1,1,695,6,"Jl. Thamrin No. 34, Kel. Pandan Selamat Kec. Medan Tembung, Kota Medan",3.551819,98.712383,0,5.0,0,3.8709,0,4.8058,0,3.9862,0,4.0802,0,5.0,0,5.0,0,5.0,0,4.0857,0,4,300000,0
aset-2246,1,2,1,1,520,24,"Jl. Ahmad Yani No. 10, Kel. Aur Kec. Medan Helvetia, Kota Medan",3.574583,98.655752,2,1.2932,3,2.7264,4,1.5996,2,2.3597,2,1.9035,2,2.3072,1,2.9153,0,3.0372,3,1.6052,19,2,5800000,1
aset-2247,3,0,1,1,3572,14,"Jl. KH Wahid Hasyim No. 50, Kel. Gaharu Kec. Medan Deli, Kota Medan",3.57633,98.665444,2,1.7655,5,1.8875,6,1.0755,2,1.9535,4,1.2078,2,2.0766,1,1.9888,1,2.2328,7,1.7483,30,2,376000000,2
aset-2248,6,0,1,1,1735,28,"Jl. Ahmad Yani No. 10, Kel. Titi Kuning Kec. Medan Selayang, Kota Medan",3.579787,98.696484,2,1.9791,6,0.2962,5,1.7101,1,0.4584,4,0.5265,0,3.882,1,2.4424,1,2.8605,5,1.4144,25,2,77800000,2
aset-2249,5,2,1,1,549,24,"Jl. Veteran No. 32, Kel. Gaharu Kec. Medan Tembung, Kota Medan",3.585536,98.664374,4,1.5776,5,1.1854,6,1.2125,1,1.1088,4,0.3914,1,1.0546,1,1.4865,1,1.5088,7,1.0236,30,2,51800000,2
aset-2250,6,2,1,1,452,12,"Jl. Sisingamangaraja No. 50, Kel. Sikambing Kec. Medan Maimun, Kota Medan",3.57602,98.667939,2,1.8984,5,1.7964,6,1.003,3,1.9184,5,1.0955,2,2.1355,1,1.8514,1,2.1473,7,1.6046,32,2,58400000,2
aset-2251,5,0,1,1,1497,19,"Jl. Teuku Daud No. 15, Kel. Jati Kec. Medan Sunggal, Kota Medan",3.554519,98.619039,0,4.2955,0,5.0,0,5.0,0,4.9567,0,5.0,0,5.0,0,5.0,0,5.0,0,5.0,0,0,1700000,0
aset-2252,6,0,1,0,998,21,"Jl. Cut Mutia No. 28, Kel. Sei Sikambing Kec. Medan Denai, Kota Medan",3.639191,98.700824,1,2.3407,0,4.0595,0,3.6201,0,5.0,0,3.5094,0,5.0,0,5.0,0,5.0,0,5.0,1,0,1600000,1
aset-2253,2,2,1,1,2545,19,"Jl. Cut Mutia No. 48, Kel. Aur Kec. Medan Baru, Kota Medan",3.567806,98.70377,0,3.5354,1,1.8543,1,2.9561,1,1.9799,1,2.0696,0,4.4985,0,3.8622,0,4.3218,2,2.3496,6,4,1300000,1
aset-2254,4,2,2,0,2425,17,"Jl. Sisingamangaraja No. 30, Kel. Sunggal Kec. Medan Deli, Kota Medan",3.621307,98.680655,3,1.1896,1,1.988,2,1.1917,0,3.325,4,1.2579,0,3.4022,0,3.5047,0,3.1006,0,3.248,10,4,6300000,1
aset-2255,4,0,2,0,7963,17,"Jl. Balai Kota No. 34, Kel. Suka Maju Kec. Medan Timur, Kota Medan",3.571568,98.70445,0,3.2176,1,1.5638,2,2.8315,1,1.7205,2,1.7974,0,4.708,0,3.6716,0,4.1114,2,2.3107,8,3,2200000,1
aset-2256,2,2,0,2,2628,11,"Lorong Sudirman No. 28, Kel. Titi Kuning Kec. Medan Marelan, Kota Medan",3.575085,98.663098,2,1.5147,5,2.1437,6,1.0507,2,2.1766,3,1.4804,2,2.1326,1,2.2651,1,2.4836,7,1.7894,29,2,34700000,2
aset-2257,6,0,1,2,5012,19,"Lingkungan Katamso No. 6, Kel. Bantan Kec. Medan Selayang, Kota Medan",3.573624,98.661725,2,1.3017,4,2.3641,5,1.0137,2,2.0936,2,1.7031,2,1.9932,1,2.4879,1,2.7025,7,1.8655,26,2,106900000,2
aset-2258,6,0,2,1,865,7,"Jl. Katamso No. 50, Kel. Titi Kuning Kec. Medan Sunggal, Kota Medan",3.599528,98.621456,0,5.0,0,5.0,0,5.0,0,5.0,0,4.9721,0,4.8585,0,5.0,0,5.0,0,3.9023,0,3,1600000,0
aset-2259,1,0,0,1,1525,27,"Jl. Balai Kota No. 15, Kel. Pandan Selamat Kec. Medan Labuhan, Kota Medan",3.632311,98.676898,2,0.4565,0,3.2772,1,0.9596,0,4.4199,2,2.5223,0,4.3538,0,4.7048,0,4.2652,0,4.3729,5,2,5700000,1
aset-2260,5,0,0,0,762,15,"Lorong Yos Sudarso No. 28, Kel. Pulo Brayan Kec. Medan Sunggal, Kota Medan",3.583822,98.691681,3,1.3623,7,0.4204,6,1.1879,2,0.25,6,0.1726,0,3.2112,1,1.7681,1,2.1697,6,1.131,32,2,382700000,2
aset-2261,5,0,0,1,3766,25,"Jl. Diponegoro No. 2, Kel. Pusat Pasar Kec. Medan Maimun, Kota Medan",3.581114,98.700093,2,2.0755,5,0.5738,5,1.7385,1,0.7934,3,0.8147,0,4.1895,1,2.7467,0,3.1318,5,1.8401,22,2,70600000,2
aset-2262,4,0,2,2,2099,8,"Jl. Imam Bonjol No. 2, Kel. Jati Kec. Medan Barat, Kota Medan",3.534817,98.662418,0,3.1952,0,5.0,0,3.6318,1,2.2377,0,5.0,1,2.3728,0,5.0,0,5.0,0,5.0,2,3,2400000,1
aset-2263,3,2,0,1,982,21,"Jl. Pemuda No. 12, Kel. Gaharu Kec. Medan Tembung, Kota Medan",3.565899,98.675057,2,2.0517,5,2.6108,5,0.7927,2,1.7563,4,2.1509,1,1.5676,1,2.6886,0,3.1247,5,1.4177,25,2,90100000,2
aset-2264,6,0,0,1,724,11,"Jl. KH Wahid Hasyim No. 48, Kel. Jati Kec. Medan Area, Kota Medan",3.550411,98.680507,1,2.9802,0,3.8633,1,2.3085,1,1.9308,0,3.8799,1,1.8297,0,4.4193,0,4.8853,2,2.771,6,0,9000000,0
aset-2265,3,0,0,0,1442,14,"Jl. Pemuda No. 5, Kel. Merdeka Kec. Medan Deli, Kota Medan",3.548146,98.648155,1,1.9101,0,5.0,0,3.0407,1,1.8816,0,4.8782,1,2.0634,0,5.0,0,5.0,0,4.6059,3,0,5500000,0
aset-2266,2,2,1,1,1088,25,"Jl. Veteran No. 10, Kel. Merdeka Kec. Medan Helvetia, Kota Medan",3.592479,98.671733,3,0.742,7,0.0651,7,0.8702,2,0.0999,7,0.8321,1,0.7981,1,0.6462,1,0.4001,7,0.4475,36,2,79400000,2
aset-2267,3,0,0,1,5501,18,"Blok Teuku Cik Ditiro No. 2, Kel. Sei Sikambing Kec. Medan Selayang, Kota Medan",3.584315,98.689238,3,1.2592,7,0.6893,6,0.9628,2,0.4904,8,0.4423,1,2.9406,1,1.4981,1,1.9122,6,0.857,35,2,830600000,2
aset-2268,6,0,2,1,3816,13,"Jl. Ahmad Yani No. 4, Kel. Jati Kec. Medan Timur, Kota Medan",3.561506,98.657178,1,0.1713,0,3.7737,1,1.3475,1,1.0313,0,3.0871,1,1.0623,0,3.8572,0,4.1191,0,3.0667,4,0,17700000,1
aset-2269,1,0,1,1,11308,6,"Komplek Diponegoro No. 48, Kel. Pandan Selamat Kec. Medan Baru, Kota Medan",3.548357,98.647471,1,1.9295,0,5.0,0,3.0803,1,1.9425,0,4.9002,1,2.1229,0,5.0,0,5.0,0,4.5958,3,0,9500000,1
aset-2270,6,2,0,1,808,8,"Perumahan Yos Sudarso No. 4, Kel. Sikambing Kec. Medan Perjuangan, Kota Medan",3.599109,98.694175,3,0.7598,7,0.948,6,0.5664,2,1.9068,7,1.0092,0,3.2698,1,2.1584,1,2.2025,6,1.9075,33,2,134500000,2
aset-2271,5,0,0,1,4120,11,"Jl. Marelan Raya No. 6, Kel. Aur Kec. Medan Petisah, Kota Medan",3.55604,98.622287,0,3.9076,0,5.0,0,5.0,0,4.5977,0,5.0,0,4.7403,0,5.0,0,5.0,0,5.0,0,5,1400000,0
aset-2272,2,0,0,1,6713,18,"Blok Iskandar Muda No. 40, Kel. Aur Kec. Medan Tembung, Kota Medan",3.578547,98.677953,3,1.2624,6,1.191,7,0.4792,2,1.7135,5,0.9753,2,2.3266,1,1.2779,1,1.7492,7,0.7333,34,2,3235500000,2
aset-2273,5,0,1,0,1373,16,"Jl. Setiabudi No. 48, Kel. Bantan Kec. Medan Baru, Kota Medan",3.59266,98.702108,3,1.5668,5,1.4238,4,1.1402,1,1.5578,5,1.4749,0,4.1263,1,2.802,0,3.012,5,2.3186,24,2,52000000,2
aset-2274,5,0,1,1,2771,21,"Jl. Pemuda No. 14, Kel. Polonia Kec. Medan Johor, Kota Medan",3.602181,98.658991,2,2.2608,3,1.7682,5,1.4588,1,1.6788,5,1.6103,1,1.0404,1,2.4143,1,1.996,4,1.3517,23,2,148700000,2
aset-2275,3,0,0,1,436,27,"Jl. Cut Mutia No. 10, Kel. Titi Kuning Kec. Medan Area, Kota Medan",3.526749,98.623649,0,5.0,0,5.0,0,5.0,0,5.0,0,5.0,0,5.0,0,5.0,0,5.0,0,5.0,0,3,800000,0
aset-2276,1,2,1,1,1252,18,"Jl. Imam Bonjol No. 14, Kel. Pandan Selamat Kec. Medan Baru, Kota Medan",3.532276,98.60281,0,5.0,0,5.0,0,5.0,0,5.0,0,5.0,0,5.0,0,5.0,0,5.0,0,5.0,0,1,700000,0
aset-2277,4,0,1,1,454,8,"Jl. Pemuda No. 5, Kel. Pandan Selamat Kec. Medan Petisah, Kota Medan",3.57784,98.68556,2,1.5878,6,1.1452,7,0.6565,2,0.9464,5,1.0055,1,2.9744,1,1.6525,1,2.1453,6,0.22,31,2,384900000,2
aset-2278,6,0,0,0,1330,20,"Jl. Katamso No. 30, Kel. Petisah Tengah Kec. Medan Selayang, Kota Medan",3.609002,98.672639,4,0.7809,6,1.7618,6,0.9702,1,1.7886,7,0.9345,1,1.7728,1,2.1677,1,1.6886,5,1.7458,32,2,422200000,2
aset-2279,4,0,1,1,897,6,"Jl. Thamrin No. 3, Kel. Gaharu Kec. Medan Barat, Kota Medan",3.590744,98.665996,3,1.3244,6,0.712,7,1.2543,1,0.6094,6,0.2231,1,0.486,1,1.224,1,1.0629,7,0.425,33,2,219300000,2
aset-2280,2,2,1,0,3643,18,"Jl. Iskandar Muda No. 14, Kel. Sei Sikambing Kec. Medan Tembung, Kota Medan",3.559551,98.717876,0,5.0,0,3.5604,0,4.7706,0,3.7219,0,3.7974,0,5.0,0,5.0,0,5.0,0,4.1481,0,1,600000,1
aset-2281,6,0,1,1,2816,23,"Jl. Imam Bonjol No. 15, Kel. Sikambing Kec. Medan Barat, Kota Medan",3.557034,98.62423,0,3.675,0,5.0,0,4.9824,0,4.3869,0,5.0,0,4.5262,0,5.0,0,5.0,0,4.929,0,2,2900000,0
aset-2282,4,0,2,1,528,10,"Blok Cut Mutia No. 50, Kel. Aur Kec. Medan Perjuangan, Kota Medan",3.537733,98.670865,0,3.2141,0,5.0,0,3.2698,1,2.0679,0,5.0,1,2.1329,0,5.0,0,5.0,0,4.3997,2,3,1400000,0
aset-2283,5,2,1,0,1963,23,"Jl. Marelan Raya No. 24, Kel. Kesawan Kec. Medan Area, Kota Medan",3.577678,98.691575,2,2.0257,6,0.6127,6,1.252,2,0.5059,4,0.6125,0,3.5225,1,2.1198,1,2.5841,5,0.8308,27,2,70600000,2
aset-2284,5,0,1,1,3929,18,"Jl. Sudirman No. 6, Kel. Jati Kec. Medan Kota, Kota Medan",3.599312,98.647884,0,3.4916,1,2.7668,1,2.6786,1,2.6596,1,2.2188,1,1.9591,0,3.3931,0,3.0667,2,1.3923,7,5,9000000,1
aset-2285,4,0,0,0,1980,17,"Komplek Setiabudi No. 40, Kel. Jati Kec. Medan Timur, Kota Medan",3.570832,98.693277,2,2.7217,3,1.2564,6,1.8138,1,1.2422,3,1.3534,0,3.5452,1,2.7939,0,3.2788,5,1.1437,21,5,121200000,1
aset-2286,3,0,2,1,8701,16,"Blok Imam Bonjol No. 16, Kel. Merdeka Kec. Medan Helvetia, Kota Medan",3.588174,98.700056,2,1.544,6,0.8866,5,1.1376,1,1.0414,5,0.9717,0,3.9638,1,2.5668,1,2.8551,5,2.0081,26,2,775100000,2
aset-2287,1,0,0,1,5912,21,"Jl. Sisingamangaraja No. 2, Kel. Sei Sikambing Kec. Medan Helvetia, Kota Medan",3.510977,98.680954,0,5.0,0,5.0,0,5.0,0,5.0,0,5.0,0,5.0,0,5.0,0,5.0,0,5.0,0,0,10000000,0
aset-2288,5,0,0,1,1676,26,"Jl. Cut Mutia No. 12, Kel. Petisah Tengah Kec. Medan Baru, Kota Medan",3.57909,98.657375,2,1.7903,3,2.242,6,1.7882,2,2.163,2,1.3894,2,1.9611,1,2.493,1,2.5641,7,1.133,26,2,276500000,2
aset-2289,4,0,0,1,11764,13,"Jl. Yos Sudarso No. 32, Kel. Bantan Kec. Medan Petisah, Kota Medan",3.600309,98.610846,0,5.0,0,5.0,0,5.0,0,5.0,0,5.0,0,5.0,0,5.0,0,5.0,0,5.0,0,0,26100000,0
aset-2290,6,2,0,0,128,27,"Jl. Setiabudi No. 2, Kel. Sunggal Kec. Medan Marelan, Kota Medan",3.616347,98.631503,0,5.0,0,5.0,0,4.5126,0,5.0,0,4.8026,0,4.4105,0,5.0,0,5.0,0,4.0057,0,1,100000,0
aset-2291,4,0,0,1,1887,20,"Lingkungan Iskandar Muda No. 45, Kel. Kesawan Kec. Medan Marelan, Kota Medan",3.590768,98.698338,3,1.2368,7,1.0429,5,0.8166,1,1.1408,7,1.0474,0,3.7295,1,2.3695,1,2.6147,5,1.8609,30,2,1118900000,2
aset-2292,3,2,0,0,1127,23,"Jl. Katamso No. 1, Kel. Pulo Brayan Kec. Medan Denai, Kota Medan",3.561631,98.673875,1,1.9011,0,3.102,4,0.884,1,1.3547,1,2.6068,1,1.1671,0,3.1735,0,3.6014,4,1.8657,12,0,5200000,1
aset-2293,1,0,0,0,1912,17,"Jl. Sutomo No. 25, Kel. Pandan Selamat Kec. Medan Denai, Kota Medan",3.590914,98.68354,3,0.6359,7,0.1653,6,0.5469,2,1.4108,8,0.3623,1,2.107,1,0.7328,1,1.0079,6,0.4675,35,2,476100000,2
aset-2294,1,2,0,1,1259,22,"Komplek Gatot Subroto No. 36, Kel. Pandan Selamat Kec. Medan Sunggal, Kota Medan",3.549667,98.692225,0,4.2018,0,3.6085,0,3.308,0,3.2188,0,3.7075,0,3.1025,0,4.7926,0,5.0,1,2.9751,1,1,400000,0
aset-2295,3,2,1,1,555,12,"Jl. Jamin Ginting No. 25, Kel. Aur Kec. Medan Deli, Kota Medan",3.549169,98.636586,1,2.7199,0,5.0,0,4.0107,0,3.0759,0,5.0,0,3.2436,0,5.0,0,5.0,0,4.8777,1,1,200000,0
aset-2296,5,0,0,1,765,12,"Komplek Ahmad Yani No. 5, Kel. Kesawan Kec. Medan Perjuangan, Kota Medan",3.588814,98.635229,0,3.7377,0,4.1072,0,4.2759,0,3.997,0,3.304,0,3.3748,0,4.6375,0,4.4512,1,2.1943,1,0,1500000,0
aset-2297,3,0,1,0,766,19,"Jl. HM Yamin No. 36, Kel. Pusat Pasar Kec. Medan Selayang, Kota Medan",3.59778,98.692383,3,0.5139,7,0.9387,6,0.3672,2,1.756,7,1.2052,0,3.0546,1,1.9139,1,1.9744,6,1.6628,33,2,133500000,2
aset-2298,5,2,2,1,3025,9,"Jl. Setiabudi No. 8, Kel. Kesawan Kec. Medan Marelan, Kota Medan",3.541693,98.65947,1,2.3877,0,5.0,1,2.969,1,1.5417,0,5.0,1,1.7051,0,5.0,0,5.0,0,4.5989,4,4,4000000,1
aset-2299,5,2,0,1,1287,6,"Jl. Diponegoro No. 42, Kel. Kesawan Kec. Medan Helvetia, Kota Medan",3.603669,98.650452,0,3.1787,2,2.6694,1,2.4205,1,2.5705,1,2.295,1,1.8804,0,3.3152,1,2.9287,2,1.7074,9,2,4400000,1
aset-2300,3,2,0,1,1314,14,"Jl. Sutomo No. 18, Kel. Pasar Merah Kec. Medan Deli, Kota Medan",3.585198,98.671202,4,0.9087,7,0.7159,7,0.4872,2,0.8678,7,0.0913,1,1.289,1,0.8361,1,1.0656,7,0.6169,37,2,300800000,2
aset-2301,6,2,0,0,496,22,"Jl. HM Yamin No. 22, Kel. Titi Kuning Kec. Medan Baru, Kota Medan",3.563672,98.696191,0,3.5534,1,2.0423,1,2.6108,1,2.0686,2,2.1782,0,3.5652,0,3.6203,0,4.1114,2,1.8643,7,1,300000,1
aset-2302,2,2,0,1,326,8,"Jl. Imam Bonjol No. 20, Kel. Kesawan Kec. Medan Labuhan, Kota Medan",3.571916,98.62476,0,3.6914,0,5.0,0,4.8298,0,4.7177,0,4.853,0,4.8038,0,5.0,0,5.0,0,3.8563,0,1,100000,0
aset-2303,1,0,1,1,9750,19,"Jl. Balai Kota No. 3, Kel. Merdeka Kec. Medan Helvetia, Kota Medan",3.625374,98.679936,2,0.7461,1,2.4359,2,0.9941,0,3.734,3,1.7136,0,3.7623,0,3.9469,0,3.5314,0,3.6939,8,2,41800000,1
aset-2304,4,0,2,1,6115,7,"Jl. Balai Kota No. 1, Kel. Merdeka Kec. Medan Polonia, Kota Medan",3.530562,98.694986,0,5.0,0,5.0,0,5.0,0,4.4023,0,5.0,0,4.3676,0,5.0,0,5.0,0,5.0,0,3,1800000,0
aset-2305,2,2,1,0,1680,25,"Jl. Putri Hijau No. 1, Kel. Merdeka Kec. Medan Denai, Kota Medan",3.631579,98.706394,1,2.8184,0,3.5918,0,3.9764,0,5.0,1,2.8643,0,5.0,0,5.0,0,5.0,0,5.0,2,1,800000,1
aset-2306,5,0,2,1,1921,19,"Jl. Iskandar Muda No. 16, Kel. Pulo Brayan Kec. Medan Maimun, Kota Medan",3.546792,98.678008,1,2.9644,0,4.3454,1,2.5065,1,1.8259,0,4.3005,1,1.7698,0,4.8058,0,5.0,0,3.2149,4,3,1600000,0
aset-2307,5,0,1,1,1161,15,"Jl. Gatot Subroto No. 32, Kel. Titi Kuning Kec. Medan Tembung, Kota Medan",3.58516,98.660429,2,2.0093,5,1.5521,6,1.6348,1,1.4616,4,0.6631,1,1.206,1,1.9162,1,1.8924,7,0.7384,28,2,61600000,2
aset-2308,6,0,0,1,11149,16,"Jl. Veteran No. 24, Kel. Sei Sikambing Kec. Medan Selayang, Kota Medan",3.585331,98.693902,3,1.3002,7,0.3899,6,1.0412,2,0.3836,6,0.2778,0,3.3829,1,1.9463,1,2.3086,5,1.3338,31,2,1514000000,2
aset-2309,3,0,0,2,334,20,"Jl. Pemuda No. 14, Kel. Polonia Kec. Medan Sunggal, Kota Medan",3.589459,98.672037,3,0.6525,7,0.2771,7,0.7744,2,0.4102,7,0.4958,1,0.9947,1,0.554,1,0.6026,7,0.4687,36,2,289900000,2
aset-2310,3,2,2,1,597,23,"Jl. Teuku Cik Ditiro No. 18, Kel. Petisah Tengah Kec. Medan Labuhan, Kota Medan",3.542851,98.689024,0,4.2201,0,4.4034,0,3.5574,0,3.1135,0,4.4862,0,3.0408,0,5.0,0,5.0,0,3.6308,0,4,100000,0
aset-2311,4,2,0,1,284,9,"Jl. Sutomo No. 22, Kel. Sunggal Kec. Medan Barat, Kota Medan",3.558594,98.708613,0,4.6919,0,3.0093,0,3.9919,0,3.1267,0,3.2198,0,4.8488,0,4.9502,0,5.0,0,3.3001,0,1,100000,0
aset-2312,3,2,2,1,650,23,"Jl. Teuku Cik Ditiro No. 6, Kel. Bantan Kec. Medan Tembung, Kota Medan",3.520547,98.705593,0,5.0,0,5.0,0,5.0,0,5.0,0,5.0,0,5.0,0,5.0,0,5.0,0,5.0,0,4,300000,0
aset-2313,4,0,1,0,1089,28,"Perumahan HM Yamin No. 45, Kel. Merdeka Kec. Medan Labuhan, Kota Medan",3.574431,98.684804,2,1.883,6,1.4102,6,0.9021,2,1.2392,5,1.3173,0,3.0051,1,1.9358,1,2.4329,6,0.1249,29,2,98700000,2
aset-2314,3,0,1,1,4360,11,"Jl. Setiabudi No. 10, Kel. Merdeka Kec. Medan Baru, Kota Medan",3.518712,98.667652,0,5.0,0,5.0,0,5.0,0,4.0477,0,5.0,0,4.1567,0,5.0,0,5.0,0,5.0,0,5,8400000,1
aset-2315,2,2,0,2,3940,24,"Lingkungan Teuku Cik Ditiro No. 3, Kel. Bantan Kec. Medan Barat, Kota Medan",3.573179,98.699604,1,2.7909,3,1.1059,5,2.267,1,1.2244,2,1.3152,0,4.2892,0,3.1291,0,3.5799,3,1.7466,15,5,5400000,1
aset-2316,6,2,1,1,806,7,"Jl. Jamin Ginting No. 34, Kel. Sunggal Kec. Medan Selayang, Kota Medan",3.58051,98.685359,3,1.3324,7,0.873,7,0.4987,2,0.864,6,0.8338,1,2.775,1,1.405,1,1.8899,6,0.4748,34,2,41700000,2
aset-2317,6,2,0,0,845,14,"Jl. Teuku Daud No. 36, Kel. Sei Sikambing Kec. Medan Johor, Kota Medan",3.624178,98.705342,1,2.8378,1,2.8725,0,3.617,0,4.8859,1,2.0763,0,5.0,0,4.9332,0,4.7538,0,4.6601,3,1,200000,1
aset-2318,2,2,0,1,3248,20,"Lorong Pemuda No. 15, Kel. Kesawan Kec. Medan Baru, Kota Medan",3.535411,98.622066,0,4.9265,0,5.0,0,5.0,0,5.0,0,5.0,0,5.0,0,5.0,0,5.0,0,5.0,0,1,600000,0
aset-2319,5,0,1,1,3071,27,"Jl. Katamso No. 5, Kel. Bantan Kec. Medan Sunggal, Kota Medan",3.605625,98.67771,4,0.1491,6,1.144,7,0.8673,1,1.5891,7,0.6082,1,1.8399,1,1.7392,1,1.3272,4,1.4938,32,2,469200000,2
aset-2320,5,0,1,1,1542,19,"Jl. Marelan Raya No. 22, Kel. Aur Kec. Medan Polonia, Kota Medan",3.59786,98.650905,0,3.1239,3,2.4026,1,2.3567,1,2.2946,2,1.8486,1,1.5962,0,3.025,1,2.7082,3,1.085,12,2,14800000,1
aset-2321,1,2,0,1,1030,28,"Jl. Veteran No. 25, Kel. Sunggal Kec. Medan Area, Kota Medan",3.597035,98.696856,3,0.9628,7,1.323,6,0.6081,2,1.7257,6,1.223,0,3.5424,1,2.3382,1,2.4488,5,1.9907,31,2,49600000,2
aset-2322,1,0,1,1,2222,11,"Jl. Marelan Raya No. 1, Kel. Gaharu Kec. Medan Kota, Kota Medan",3.596162,98.690295,3,0.2301,7,1.0152,6,0.2645,2,1.6031,8,1.0317,1,2.8101,1,1.6268,1,1.7143,6,1.3731,35,2,150500000,2
aset-2323,4,2,1,1,1379,28,"Jl. Yos Sudarso No. 22, Kel. Pasar Merah Kec. Medan Baru, Kota Medan",3.59438,98.683321,3,0.569,7,0.5478,6,0.7666,2,1.3759,8,0.3143,1,2.0343,1,0.8539,1,0.9244,6,0.6178,35,2,80300000,2
aset-2324,4,2,2,0,1803,14,"Gang Jamin Ginting No. 4, Kel. Sei Sikambing Kec. Medan Barat, Kota Medan",3.518065,98.628933,0,5.0,0,5.0,0,5.0,0,5.0,0,5.0,0,5.0,0,5.0,0,5.0,0,5.0,0,4,500000,0
aset-2325,6,2,2,0,1108,15,"Jl. Teuku Cik Ditiro No. 10, Kel. Kesawan Kec. Medan Kota, Kota Medan",3.510678,98.680251,0,5.0,0,5.0,0,5.0,0,5.0,0,5.0,0,5.0,0,5.0,0,5.0,0,5.0,0,4,200000,0
aset-2326,3,0,0,2,1464,11,"Jl. Imam Bonjol No. 3, Kel. Titi Kuning Kec. Medan Sunggal, Kota Medan",3.527197,98.666931,0,4.1369,0,5.0,0,4.4275,0,3.1013,0,5.0,0,3.21,0,5.0,0,5.0,0,5.0,0,0,2100000,0
aset-2327,3,0,2,1,900,13,"Komplek Setiabudi No. 18, Kel. Suka Maju Kec. Medan Polonia, Kota Medan",3.565832,98.672093,2,1.7262,4,2.7461,5,0.4725,2,1.5315,3,2.1314,1,1.3472,1,2.7419,0,3.1487,4,1.667,22,2,45100000,1
aset-2328,5,2,1,0,2786,26,"Jl. Cut Mutia No. 48, Kel. Polonia Kec. Medan Labuhan, Kota Medan",3.57394,98.717119,0,4.0037,1,2.6132,0,3.6052,1,2.8227,1,2.86,0,5.0,0,4.7971,0,5.0,0,3.6635,3,2,2000000,1
aset-2329,1,0,1,0,1270,27,"Jl. Katamso No. 42, Kel. Sikambing Kec. Medan Baru, Kota Medan",3.604845,98.643833,0,3.9048,0,3.3921,0,3.1665,0,3.2901,1,2.9364,1,2.5916,0,4.034,0,3.663,2,2.1541,4,2,2300000,1
aset-2330,1,0,0,1,1434,20,"Lorong Katamso No. 14, Kel. Polonia Kec. Medan Petisah, Kota Medan",3.608621,98.640991,0,4.2281,0,3.8547,0,3.5634,0,3.756,0,3.4437,0,3.0648,0,4.5007,0,4.1094,1,2.679,1,3,3700000,0
aset-2331,1,2,0,1,848,26,"Jl. HM Yamin No. 32, Kel. Bantan Kec. Medan Perjuangan, Kota Medan",3.535336,98.618252,0,5.0,0,5.0,0,5.0,0,5.0,0,5.0,0,5.0,0,5.0,0,5.0,0,5.0,0,1,200000,0
aset-2332,1,2,1,1,667,27,"Jl. Teuku Cik Ditiro No. 28, Kel. Titi Kuning Kec. Medan Area, Kota Medan",3.532525,98.690425,0,5.0,0,5.0,0,4.5705,0,3.8713,0,5.0,0,3.8439,0,5.0,0,5.0,0,4.7892,0,1,100000,0
aset-2333,6,2,1,0,1579,16,"Jl. Veteran No. 48, Kel. Kesawan Kec. Medan Denai, Kota Medan",3.564278,98.704636,0,3.9265,1,2.2421,0,3.2544,1,2.3561,1,2.4498,0,4.4941,0,4.1937,0,4.6626,2,2.5969,5,1,1400000,1
aset-2334,2,2,2,0,1365,13,"Jl. Putri Hijau No. 3, Kel. Bantan Kec. Medan Maimun, Kota Medan",3.587563,98.644641,0,3.0465,0,3.0959,0,3.3503,1,2.9871,1,2.2651,1,2.406,0,3.6014,0,3.4444,2,1.1607,5,4,900000,1
aset-2335,6,0,0,0,441,19,"Jl. Katamso No. 42, Kel. Petisah Tengah Kec. Medan Petisah, Kota Medan",3.530628,98.627976,0,4.8156,0,5.0,0,5.0,0,4.7961,0,5.0,0,4.9843,0,5.0,0,5.0,0,5.0,0,2,4200000,0
aset-2336,2,0,2,0,2684,9,"Jl. HM Yamin No. 30, Kel. Pulo Brayan Kec. Medan Marelan, Kota Medan",3.593214,98.617394,0,5.0,0,5.0,0,5.0,0,5.0,0,5.0,0,5.0,0,5.0,0,5.0,0,4.1996,0,3,4600000,0
aset-2337,6,2,0,1,1938,18,"Komplek Imam Bonjol No. 40, Kel. Pulo Brayan Kec. Medan Sunggal, Kota Medan",3.564845,98.607248,0,5.0,0,5.0,0,5.0,0,5.0,0,5.0,0,5.0,0,5.0,0,5.0,0,5.0,0,1,300000,0
aset-2338,2,0,2,0,913,9,"Jl. Yos Sudarso No. 28, Kel. Jati Kec. Medan Sunggal, Kota Medan",3.507527,98.635044,0,5.0,0,5.0,0,5.0,0,5.0,0,5.0,0,5.0,0,5.0,0,5.0,0,5.0,0,3,400000,0
aset-2339,5,2,2,1,1123,14,"Jl. Veteran No. 42, Kel. Sikambing Kec. Medan Polonia, Kota Medan",3.544105,98.645113,1,2.4691,0,5.0,0,3.5962,1,2.3866,0,5.0,1,2.5731,0,5.0,0,5.0,0,5.0,3,1,100000,0
aset-2340,2,0,1,1,861,7,"Komplek KH Wahid Hasyim No. 7, Kel. Merdeka Kec. Medan Barat, Kota Medan",3.588583,98.622738,0,4.7309,0,5.0,0,5.0,0,5.0,0,4.6903,0,4.744,0,5.0,0,5.0,0,3.5806,0,2,1400000,0
aset-2341,1,0,0,1,235,17,"Jl. Gatot Subroto No. 16, Kel. Pusat Pasar Kec. Medan Johor, Kota Medan",3.617564,98.603576,0,5.0,0,5.0,0,5.0,0,5.0,0,5.0,0,5.0,0,5.0,0,5.0,0,5.0,0,0,700000,0
aset-2342,2,2,0,0,732,20,"Jl. Imam Bonjol No. 16, Kel. Sikambing Kec. Medan Perjuangan, Kota Medan",3.591545,98.689612,3,0.4738,7,0.663,6,0.4221,2,1.126,8,0.646,1,2.7582,1,1.4101,1,1.6444,6,0.9844,35,2,159400000,2
aset-2343,4,2,0,1,1454,19,"Blok Ahmad Yani No. 45, Kel. Bantan Kec. Medan Area, Kota Medan",3.627702,98.67747,2,0.618,1,2.7816,1,0.7425,0,3.9249,2,2.0069,0,3.8907,0,4.1925,0,3.7575,0,3.892,6,2,2400000,1
aset-2344,4,0,1,1,5122,20,"Jl. Putri Hijau No. 25, Kel. Sei Sikambing Kec. Medan Tembung, Kota Medan",3.630065,98.693436,1,1.3967,1,2.8517,1,2.5304,0,4.8151,3,2.47,0,5.0,0,4.814,0,4.502,0,4.5372,6,0,21800000,1
aset-2345,4,0,0,0,1346,7,"Lorong Katamso No. 50, Kel. Petisah Tengah Kec. Medan Johor, Kota Medan",3.588159,98.6102,0,5.0,0,5.0,0,5.0,0,5.0,0,5.0,0,5.0,0,5.0,0,5.0,0,4.9727,0,0,1900000,0
aset-2346,1,0,0,1,3960,21,"Jl. Jamin Ginting No. 2, Kel. Jati Kec. Medan Baru, Kota Medan",3.566828,98.690069,1,2.8993,3,1.7736,5,1.9264,1,1.7181,3,1.8274,0,3.0315,1,2.9568,0,3.4533,4,1.1467,18,2,15500000,1
aset-2347,5,0,0,0,456,22,"Jl. Jamin Ginting No. 50, Kel. Merdeka Kec. Medan Labuhan, Kota Medan",3.53942,98.654717,1,2.6322,0,5.0,0,3.4027,1,1.9892,0,5.0,1,2.1683,0,5.0,0,5.0,0,5.0,3,2,1500000,1
aset-2348,2,0,0,1,1995,11,"Jl. Jamin Ginting No. 2, Kel. Sikambing Kec. Medan Polonia, Kota Medan",3.590324,98.647235,0,3.2184,2,2.7644,1,2.9638,1,2.6541,2,1.977,1,2.0389,0,3.3034,0,3.1083,2,0.8742,9,2,20900000,1
aset-2349,3,0,1,1,808,10,"Jl. Thamrin No. 3, Kel. Sei Sikambing Kec. Medan Marelan, Kota Medan",3.56325,98.695158,0,3.5284,1,2.085,1,2.5753,1,2.0986,2,2.2091,0,3.4426,0,3.5928,0,4.086,2,1.8158,7,2,2800000,1
aset-2350,2,2,2,1,144,26,"Jl. Iskandar Muda No. 14, Kel. Aur Kec. Medan Area, Kota Medan",3.606266,98.629972,0,5.0,0,4.8918,0,4.711,0,4.7861,0,4.3355,0,4.0841,0,5.0,0,5.0,0,3.3764,0,4,100000,0
aset-2351,3,2,2,1,475,26,"Jl. Gatot Subroto No. 28, Kel. Sei Sikambing Kec. Medan Sunggal, Kota Medan",3.583241,98.657285,2,2.2513,4,1.9607,6,1.9661,1,1.8693,3,1.0692,1,1.5629,1,2.3134,1,2.3013,5,0.6888,24,2,11900000,2
aset-2352,3,2,0,1,1021,17,"Jl. Veteran No. 5, Kel. Merdeka Kec. Medan Polonia, Kota Medan",3.563073,98.70911,0,4.2913,1,2.6233,0,3.7385,1,2.7615,1,2.8472,0,4.9581,0,4.6544,0,5.0,0,3.101,3,1,300000,1
aset-2353,5,2,2,0,1901,7,"Jl. KH Wahid Hasyim No. 24, Kel. Pasar Merah Kec. Medan Selayang, Kota Medan",3.550079,98.657875,1,1.4417,0,4.8894,1,2.1915,1,0.8398,0,4.1875,1,1.0289,0,4.9203,0,5.0,0,4.0103,4,4,900000,1
aset-2354,6,0,0,1,546,20,"Jl. Sisingamangaraja No. 2, Kel. Sei Sikambing Kec. Medan Johor, Kota Medan",3.591107,98.666257,3,1.2991,6,0.6712,7,1.2046,1,0.5669,6,0.2727,1,0.4548,1,1.1986,1,1.0222,7,0.3754,33,2,348900000,2
aset-2355,3,2,1,1,1200,26,"Komplek Diponegoro No. 2, Kel. Petisah Tengah Kec. Medan Perjuangan, Kota Medan",3.599767,98.661439,2,2.0684,5,1.3928,5,1.1735,1,1.3008,6,1.2608,1,0.6612,1,2.04,1,1.6359,5,0.9702,27,2,25700000,2
aset-2356,6,0,1,1,686,23,"Jl. Thamrin No. 18, Kel. Kesawan Kec. Medan Sunggal, Kota Medan",3.590313,98.704399,2,1.8809,4,1.3937,4,1.4527,1,1.5668,5,1.5039,0,4.4034,0,3.0409,0,3.2883,4,2.513,20,2,28000000,2
aset-2357,3,2,2,2,493,25,"Blok Teuku Cik Ditiro No. 48, Kel. Polonia Kec. Medan Deli, Kota Medan",3.587874,98.684314,3,0.7466,7,0.1465,7,0.592,2,1.1644,8,0.0774,1,2.2851,1,0.8454,1,1.2379,6,0.2745,36,2,112000000,2
aset-2358,4,2,0,1,435,19,"Gang Sisingamangaraja No. 10, Kel. Pulo Brayan Kec. Medan Polonia, Kota Medan",3.55275,98.636548,1,2.52,0,5.0,0,3.8333,0,3.0228,0,5.0,0,3.1782,0,5.0,0,5.0,0,4.5211,1,1,100000,0
aset-2359,1,0,0,1,5178,25,"Jl. Imam Bonjol No. 42, Kel. Padang Bulan Kec. Medan Timur, Kota Medan",3.585521,98.685118,3,0.9374,7,0.3622,7,0.6317,2,0.9584,8,0.2759,1,2.4689,1,1.0294,1,1.4662,6,0.3831,36,2,1167000000,2
aset-2360,2,2,0,0,1992,13,"Jl. Thamrin No. 5, Kel. Gaharu Kec. Medan Sunggal, Kota Medan",3.584054,98.635019,0,3.365,0,4.2228,0,4.1222,0,4.1151,0,3.3723,0,3.5428,0,4.7056,0,4.5727,1,2.2846,1,1,300000,1
aset-2361,2,0,1,1,1689,19,"Jl. Balai Kota No. 1, Kel. Aur Kec. Medan Johor, Kota Medan",3.59714,98.670011,3,1.1893,6,0.5105,6,0.415,1,0.4732,7,1.0623,1,0.6049,1,1.1098,1,0.6545,7,0.4144,33,2,88500000,2
aset-2362,1,2,2,1,953,15,"Jl. Katamso No. 24, Kel. Pulo Brayan Kec. Medan Perjuangan, Kota Medan",3.583674,98.665227,4,1.5676,5,1.2695,6,1.0872,1,1.219,4,0.5927,1,1.2596,1,1.4839,1,1.5795,7,1.1887,30,2,30500000,2
aset-2363,4,0,2,0,9343,20,"Jl. Balai Kota No. 5, Kel. Polonia Kec. Medan Perjuangan, Kota Medan",3.554594,98.633573,1,2.742,0,5.0,0,4.0622,0,3.3437,0,5.0,0,3.4913,0,5.0,0,5.0,0,4.5046,1,3,2400000,1
aset-2364,4,2,0,0,483,10,"Jl. Ahmad Yani No. 48, Kel. Sikambing Kec. Medan Tembung, Kota Medan",3.587892,98.707905,1,2.3384,4,1.5749,1,1.9119,1,1.7791,3,1.7412,0,4.8266,0,3.4377,0,3.7143,2,2.8765,12,2,3200000,1
aset-2365,6,2,0,1,629,8,"Lingkungan Sudirman No. 50, Kel. Gaharu Kec. Medan Labuhan, Kota Medan",3.573542,98.667433,2,1.6632,5,2.0736,5,0.7301,3,2.1138,4,1.3712,2,1.9691,1,2.1158,1,2.4249,7,1.8357,30,2,33900000,2
aset-2366,5,0,1,2,8543,26,"Jl. Imam Bonjol No. 36, Kel. Suka Maju Kec. Medan Tembung, Kota Medan",3.523958,98.656725,0,4.3413,0,5.0,0,4.9469,0,3.5266,0,5.0,0,3.6794,0,5.0,0,5.0,0,5.0,0,3,1400000,0
aset-2367,3,0,0,0,1169,11,"Jl. Marelan Raya No. 10, Kel. Aur Kec. Medan Kota, Kota Medan",3.534077,98.694078,0,5.0,0,5.0,0,4.6667,0,4.0899,0,5.0,0,4.0444,0,5.0,0,5.0,0,4.6993,0,5,2700000,1
aset-2368,6,2,0,0,1365,12,"Jl. Teuku Cik Ditiro No. 24, Kel. Polonia Kec. Medan Polonia, Kota Medan",3.596246,98.673009,3,0.8903,7,0.3779,6,0.4644,2,0.4243,8,0.8872,1,0.8996,1,0.8238,1,0.3335,7,0.6094,36,2,316500000,2
aset-2369,5,0,0,1,1734,21,"Lorong Sudirman No. 30, Kel. Bantan Kec. Medan Area, Kota Medan",3.604592,98.623704,0,5.0,0,5.0,0,5.0,0,5.0,0,4.8998,0,4.7053,0,5.0,0,5.0,0,3.8818,0,0,2500000,0
aset-2370,6,2,1,1,469,11,"Jl. Sutomo No. 25, Kel. Titi Kuning Kec. Medan Helvetia, Kota Medan",3.549698,98.651928,1,1.5748,0,5.0,1,2.6235,1,1.4288,0,4.5134,1,1.6112,0,5.0,0,5.0,0,4.3834,4,1,300000,1
aset-2371,1,0,2,0,390,11,"Jl. Setiabudi No. 24, Kel. Sunggal Kec. Medan Marelan, Kota Medan",3.627234,98.692422,2,1.3738,1,2.5205,1,2.3812,0,4.488,3,2.1753,0,4.7019,0,4.48,0,4.1706,0,4.2032,7,2,4400000,1
aset-2372,3,0,0,1,793,28,"Jl. KH Wahid Hasyim No. 42, Kel. Pusat Pasar Kec. Medan Labuhan, Kota Medan",3.596009,98.635701,0,4.3537,0,4.0422,0,4.0564,0,3.9316,0,3.3436,0,3.2534,0,4.6316,0,4.3669,1,2.2791,1,5,2600000,1
aset-2373,2,2,0,1,231,21,"Jl. Sisingamangaraja No. 4, Kel. Kesawan Kec. Medan Marelan, Kota Medan",3.588033,98.6916,3,0.9176,7,0.7697,6,0.7205,2,0.6886,8,0.5808,0,3.0519,1,1.6349,1,1.958,6,1.0715,34,2,17800000,2
aset-2374,5,0,1,1,1559,28,"Jl. Ahmad Yani No. 20, Kel. Jati Kec. Medan Petisah, Kota Medan",3.61434,98.683752,4,1.0668,6,1.1405,4,1.9193,1,2.7628,5,0.5711,1,2.9925,1,2.8083,1,2.4614,2,2.5378,25,2,151400000,2
aset-2375,6,0,0,0,1767,6,"Jl. KH Wahid Hasyim No. 3, Kel. Merdeka Kec. Medan Johor, Kota Medan",3.564232,98.697716,0,3.6031,1,1.9985,1,2.6779,1,2.0438,2,2.1515,0,3.7445,0,3.6736,0,4.1607,2,1.9523,7,2,5500000,1
aset-2376,1,2,0,0,567,10,"Gang Cut Mutia No. 8, Kel. Petisah Tengah Kec. Medan Petisah, Kota Medan",3.583022,98.709771,1,2.7629,2,1.6431,1,2.3491,1,1.8646,2,1.8612,0,5.0,0,3.7186,0,4.0472,1,2.9318,8,2,800000,1
aset-2377,6,0,1,1,590,26,"Jl. Gatot Subroto No. 6, Kel. Merdeka Kec. Medan Polonia, Kota Medan",3.586805,98.70604,1,2.1982,4,1.3366,2,1.7776,1,1.5426,4,1.5077,0,4.6447,0,3.2423,0,3.5364,3,2.6679,15,2,36900000,1
aset-2378,1,0,2,1,1358,28,"Lingkungan Ahmad Yani No. 40, Kel. Padang Bulan Kec. Medan Baru, Kota Medan",3.615186,98.685182,4,1.2304,5,1.175,4,1.9807,1,2.9262,4,0.7402,0,3.1709,1,2.9441,1,2.6127,1,2.6708,21,2,14600000,2
aset-2379,1,2,0,1,292,17,"Perumahan KH Wahid Hasyim No. 14, Kel. Petisah Tengah Kec. Medan Selayang, Kota Medan",3.623613,98.686402,2,1.1087,1,2.0772,1,1.7296,0,3.809,3,1.628,0,3.9703,0,3.8804,0,3.5275,0,3.6096,7,2,1700000,1
aset-2380,1,0,0,0,11115,16,"Blok Teuku Cik Ditiro No. 48, Kel. Pasar Merah Kec. Medan Petisah, Kota Medan",3.571524,98.690207,2,2.4578,5,1.2806,6,1.5164,1,1.2054,4,1.3132,0,3.2872,1,2.5237,0,3.0157,5,0.805,24,2,153500000,2
aset-2381,6,0,1,1,2556,16,"Jl. Veteran No. 15, Kel. Aur Kec. Medan Perjuangan, Kota Medan",3.547682,98.719252,0,5.0,0,4.6697,0,5.0,0,4.8011,0,4.8899,0,5.0,0,5.0,0,5.0,0,4.9687,0,0,2200000,0
aset-2382,5,2,0,1,966,10,"Komplek Pemuda No. 10, Kel. Padang Bulan Kec. Medan Petisah, Kota Medan",3.552232,98.621738,0,4.0713,0,5.0,0,5.0,0,4.6665,0,5.0,0,4.8195,0,5.0,0,5.0,0,5.0,0,1,300000,0
aset-2383,3,0,1,2,506,22,"Jl. Cut Mutia No. 2, Kel. Titi Kuning Kec. Medan Maimun, Kota Medan",3.581012,98.650903,1,2.107,2,2.6941,2,2.4551,1,2.5983,2,1.799,1,2.206,0,3.0637,0,3.0392,3,0.9978,12,2,4300000,1
aset-2384,2,0,0,0,2972,6,"Gang Jamin Ginting No. 4, Kel. Pulo Brayan Kec. Medan Helvetia, Kota Medan",3.589406,98.680257,3,0.2673,7,0.3422,7,0.1466,2,1.1023,8,0.5491,1,1.8038,1,0.3675,1,0.7755,7,0.3301,37,2,1547000000,2
aset-2385,3,0,1,1,643,11,"Blok Balai Kota No. 34, Kel. Padang Bulan Kec. Medan Barat, Kota Medan",3.550815,98.684852,0,3.3953,0,3.6459,1,2.5955,1,2.391,0,3.6913,1,2.2774,0,4.4435,0,4.9249,2,2.7025,5,5,2300000,1
aset-2386,6,2,1,1,876,6,"Komplek Diponegoro No. 48, Kel. Jati Kec. Medan Johor, Kota Medan",3.633407,98.70491,1,2.6579,0,3.6741,0,3.8521,0,5.0,1,2.9932,0,5.0,0,5.0,0,5.0,0,5.0,2,4,2000000,0
aset-2387,4,0,1,0,1236,28,"Jl. KH Wahid Hasyim No. 7, Kel. Pasar Merah Kec. Medan Denai, Kota Medan",3.524592,98.690254,0,5.0,0,5.0,0,5.0,0,4.4769,0,5.0,0,4.478,0,5.0,0,5.0,0,5.0,0,3,700000,0
aset-2388,1,0,2,2,3028,21,"Jl. Thamrin No. 28, Kel. Suka Maju Kec. Medan Barat, Kota Medan",3.621121,98.694873,3,1.958,1,1.9481,2,2.7043,0,4.0984,3,1.4643,0,4.4076,0,3.9887,0,3.7361,0,3.7102,9,3,6500000,1
aset-2389,5,0,0,1,828,26,"Jl. Gatot Subroto No. 18, Kel. Sikambing Kec. Medan Selayang, Kota Medan",3.588756,98.635234,0,3.7323,0,4.1073,0,4.2773,0,3.9971,0,3.3034,0,3.3755,0,4.6371,0,4.4514,1,2.1937,1,2,2600000,0
aset-2390,4,0,0,0,848,12,"Jl. Gatot Subroto No. 25, Kel. Padang Bulan Kec. Medan Selayang, Kota Medan",3.59813,98.702445,3,1.5948,4,1.7758,3,1.2275,1,2.0774,6,1.31,0,4.1701,1,2.965,0,3.0802,2,2.5845,20,2,67500000,2
aset-2391,3,0,1,0,2361,23,"Jl. Pemuda No. 30, Kel. Kesawan Kec. Medan Petisah, Kota Medan",3.58265,98.696047,2,1.6771,7,0.1368,5,1.3921,1,0.3458,5,0.3404,0,3.7091,1,2.2663,1,2.6549,5,1.4871,27,2,210000000,2
aset-2392,5,0,0,1,4221,18,"Jl. Pemuda No. 15, Kel. Pulo Brayan Kec. Medan Johor, Kota Medan",3.583152,98.678299,3,0.7517,7,0.7502,7,0.3458,2,1.3621,6,0.7287,1,1.9784,1,0.775,1,1.2606,7,0.5931,35,2,450400000,2
aset-2393,3,2,0,1,1825,24,"Jl. Balai Kota No. 24, Kel. Kesawan Kec. Medan Petisah, Kota Medan",3.596382,98.635095,0,4.425,0,4.1128,0,4.1187,0,4.0023,0,3.4187,0,3.3223,0,4.7043,0,4.4364,1,2.3566,1,1,1100000,0
aset-2394,6,0,0,1,796,10,"Jl. Balai Kota No. 25, Kel. Sunggal Kec. Medan Maimun, Kota Medan",3.595399,98.666239,3,1.4313,6,0.6927,6,0.8401,1,0.5919,6,0.7247,1,0.1445,1,1.3366,1,0.9846,7,0.2498,32,2,347900000,2
aset-2395,1,2,2,1,612,12,"Lorong Diponegoro No. 22, Kel. Sei Sikambing Kec. Medan Marelan, Kota Medan",3.605839,98.688209,3,1.0221,7,0.0961,7,1.3291,2,2.3843,7,0.4846,1,2.8436,1,2.1562,1,1.9702,4,1.8798,33,2,77200000,2
aset-2396,2,2,1,1,1224,18,"Jl. Gatot Subroto No. 14, Kel. Pandan Selamat Kec. Medan Maimun, Kota Medan",3.553944,98.692012,0,4.0356,0,3.1373,0,3.0347,0,3.1216,0,3.2327,0,3.0066,0,4.3416,0,4.8377,2,2.5188,2,4,200000,0
aset-2397,5,0,0,1,810,6,"Jl. Balai Kota No. 45, Kel. Pandan Selamat Kec. Medan Perjuangan, Kota Medan",3.55117,98.624863,0,3.7806,0,5.0,0,5.0,0,4.3301,0,5.0,0,4.4867,0,5.0,0,5.0,0,5.0,0,5,2800000,0
aset-2398,2,2,0,1,1690,17,"Jl. Balai Kota No. 6, Kel. Gaharu Kec. Medan Area, Kota Medan",3.56855,98.667486,2,1.3369,5,2.5988,5,0.1816,2,1.5749,3,1.8965,2,1.4226,1,2.6083,1,2.9502,7,1.9618,28,2,104100000,2
aset-2399,3,0,2,1,2256,27,"Gang Marelan Raya No. 3, Kel. Gaharu Kec. Medan Selayang, Kota Medan",3.608285,98.621854,0,5.0,0,5.0,0,5.0,0,5.0,0,5.0,0,5.0,0,5.0,0,5.0,0,4.2578,0,3,1000000,1
aset-2400,4,0,0,1,3919,28,"Jl. Jamin Ginting No. 3, Kel. Kesawan Kec. Medan Tembung, Kota Medan",3.53201,98.698871,0,5.0,0,5.0,0,5.0,0,4.66,0,5.0,0,4.6095,0,5.0,0,5.0,0,5.0,0,3,4000000,0
aset-2401,3,0,0,0,3586,27,"Jl. Ahmad Yani No. 7, Kel. Pusat Pasar Kec. Medan Perjuangan, Kota Medan",3.589802,98.666255,3,1.2924,6,0.73,7,1.2304,1,0.6354,6,0.1654,1,0.5946,1,1.1926,1,1.0769,7,0.5054,33,2,539800000,2
aset-2402,4,2,1,1,1277,9,"Perumahan Katamso No. 10, Kel. Merdeka Kec. Medan Tembung, Kota Medan",3.518422,98.6957,0,5.0,0,5.0,0,5.0,0,5.0,0,5.0,0,5.0,0,5.0,0,5.0,0,5.0,0,1,100000,1
aset-2403,3,2,0,1,650,19,"Jl. Sisingamangaraja No. 24, Kel. Sunggal Kec. Medan Area, Kota Medan",3.590258,98.610547,0,5.0,0,5.0,0,5.0,0,5.0,0,5.0,0,5.0,0,5.0,0,5.0,0,4.9353,0,1,300000,0
aset-2404,4,0,1,0,2196,25,"Jl. Cut Mutia No. 40, Kel. Jati Kec. Medan Denai, Kota Medan",3.605578,98.725037,0,4.2252,0,4.1106,0,3.8677,0,4.4175,0,3.2336,0,5.0,0,5.0,0,5.0,0,5.0,0,0,3100000,1
aset-2405,5,0,2,1,3324,8,"Jl. Yos Sudarso No. 45, Kel. Pulo Brayan Kec. Medan Marelan, Kota Medan",3.529407,98.689239,0,5.0,0,5.0,0,4.7989,0,4.0086,0,5.0,0,3.9975,0,5.0,0,5.0,0,5.0,0,3,1600000,0
aset-2406,4,2,0,0,1143,23,"Komplek KH Wahid Hasyim No. 24, Kel. Suka Maju Kec. Medan Deli, Kota Medan",3.545267,98.610356,0,5.0,0,5.0,0,5.0,0,5.0,0,5.0,0,5.0,0,5.0,0,5.0,0,5.0,0,1,400000,0
aset-2407,5,2,1,1,2274,13,"Jl. Veteran No. 40, Kel. Suka Maju Kec. Medan Marelan, Kota Medan",3.629387,98.674997,2,0.7267,0,3.0717,1,0.5819,0,4.0703,2,2.2563,0,3.9814,0,4.3853,0,3.9349,0,4.0107,5,1,800000,1
aset-2408,1,2,0,0,1964,28,"Jl. Marelan Raya No. 7, Kel. Pulo Brayan Kec. Medan Denai, Kota Medan",3.582041,98.659591,2,2.1398,5,1.8389,6,1.7134,1,1.7573,4,0.9793,2,1.561,1,2.1251,1,2.1662,7,0.9265,29,2,27700000,2
aset-2409,1,0,2,0,1520,7,"Jl. Gatot Subroto No. 16, Kel. Polonia Kec. Medan Labuhan, Kota Medan",3.605554,98.670776,3,0.914,6,1.4026,7,0.5998,1,1.3962,7,1.2376,1,1.3372,1,1.8624,1,1.3676,5,1.3212,32,2,521000000,2
aset-2410,1,0,0,1,2668,22,"Jl. Sutomo No. 6, Kel. Titi Kuning Kec. Medan Timur, Kota Medan",3.59384,98.702482,3,1.5859,5,1.5565,4,1.1655,1,1.6854,6,1.6,0,4.1616,1,2.8599,0,3.0499,4,2.3968,24,2,71000000,2
aset-2411,2,2,1,1,2775,7,"Jl. Cut Mutia No. 24, Kel. Aur Kec. Medan Barat, Kota Medan",3.615548,98.700959,3,2.6256,1,1.8558,1,2.5429,0,3.8335,3,1.0036,0,4.5984,0,3.891,0,3.747,0,3.6221,8,2,5400000,1
aset-2412,5,0,0,1,1402,10,"Jl. Cut Mutia No. 18, Kel. Pusat Pasar Kec. Medan Johor, Kota Medan",3.613404,98.680976,4,0.852,6,1.2169,5,1.7651,1,2.5246,5,0.3786,1,2.7076,1,2.6396,1,2.2573,4,2.3779,28,2,65900000,2
aset-2413,6,2,1,1,1680,23,"Jl. Teuku Cik Ditiro No. 3, Kel. Merdeka Kec. Medan Petisah, Kota Medan",3.556893,98.650307,1,0.9902,0,4.6149,1,2.2625,1,1.5028,0,3.9249,1,1.6337,0,4.7253,0,4.9533,0,3.608,4,1,100000,1
aset-2414,1,0,2,1,813,15,"Jl. Balai Kota No. 25, Kel. Pusat Pasar Kec. Medan Tembung, Kota Medan",3.600385,98.687674,3,0.5366,7,0.5144,6,0.8116,2,2.0244,8,0.841,1,2.5865,1,1.6543,1,1.5755,6,1.3906,35,2,476200000,2
aset-2415,2,2,1,1,618,12,"Jl. Jamin Ginting No. 50, Kel. Petisah Tengah Kec. Medan Barat, Kota Medan",3.550068,98.621924,0,4.1291,0,5.0,0,5.0,0,4.6674,0,5.0,0,4.826,0,5.0,0,5.0,0,5.0,0,1,400000,0
aset-2416,3,2,0,1,1061,19,"Jl. KH Wahid Hasyim No. 42, Kel. Titi Kuning Kec. Medan Sunggal, Kota Medan",3.526219,98.706706,0,5.0,0,5.0,0,5.0,0,5.0,0,5.0,0,5.0,0,5.0,0,5.0,0,5.0,0,1,100000,0
aset-2417,4,0,0,1,4618,10,"Jl. Sutomo No. 45, Kel. Suka Maju Kec. Medan Deli, Kota Medan",3.583474,98.696654,2,1.6364,7,0.2461,5,1.3304,1,0.4374,6,0.4089,0,3.7394,1,2.2987,1,2.673,5,1.5903,28,2,303100000,2
aset-2418,5,0,2,0,401,21,"Jl. Sisingamangaraja No. 28, Kel. Merdeka Kec. Medan Polonia, Kota Medan",3.592884,98.669373,3,1.0027,6,0.2918,7,0.8747,2,0.181,7,0.6496,1,0.5394,1,0.9051,1,0.6366,7,0.1966,35,2,235700000,2
aset-2419,6,2,0,0,1258,11,"Jl. HM Yamin No. 12, Kel. Pandan Selamat Kec. Medan Sunggal, Kota Medan",3.613723,98.606585,0,5.0,0,5.0,0,5.0,0,5.0,0,5.0,0,5.0,0,5.0,0,5.0,0,5.0,0,1,100000,0
aset-2420,4,2,1,1,2646,18,"Jl. Katamso No. 28, Kel. Sei Sikambing Kec. Medan Tembung, Kota Medan",3.578162,98.723945,0,4.4054,0,3.2405,0,3.9835,0,3.4606,0,3.4761,0,5.0,0,5.0,0,5.0,0,4.4152,0,1,200000,0
aset-2421,2,0,1,0,2188,27,"Jl. Imam Bonjol No. 16, Kel. Sikambing Kec. Medan Denai, Kota Medan",3.559773,98.693486,0,3.7702,1,2.4772,2,2.7947,1,2.4721,1,2.5833,0,3.1891,0,3.8268,0,4.3236,2,2.0091,7,0,9500000,1
aset-2422,3,0,0,0,1750,6,"Lingkungan Ahmad Yani No. 32, Kel. Kesawan Kec. Medan Baru, Kota Medan",3.585094,98.704384,2,2.1332,4,1.0967,4,1.727,1,1.3094,4,1.2846,0,4.5073,0,3.0875,0,3.4079,3,2.4397,18,2,32500000,1
aset-2423,1,0,1,2,4235,27,"Lingkungan Ahmad Yani No. 6, Kel. Pasar Merah Kec. Medan Denai, Kota Medan",3.6159,98.669796,2,1.5017,4,2.3558,2,1.131,1,2.5498,3,1.4058,1,2.3841,1,2.9888,1,2.5027,2,2.4433,17,2,107100000,1
aset-2424,6,2,1,1,652,28,"Jl. Imam Bonjol No. 45, Kel. Aur Kec. Medan Helvetia, Kota Medan",3.623804,98.624985,0,5.0,0,5.0,0,5.0,0,5.0,0,5.0,0,5.0,0,5.0,0,5.0,0,5.0,0,4,400000,0
aset-2425,2,0,0,2,1471,13,"Jl. Pemuda No. 28, Kel. Jati Kec. Medan Baru, Kota Medan",3.565421,98.688612,1,2.9702,3,1.9751,5,1.9875,1,1.9067,3,2.0144,1,2.8221,0,3.0216,0,3.5186,4,1.1965,18,2,27300000,1
aset-2426,6,2,1,0,848,23,"Jl. Katamso No. 24, Kel. Aur Kec. Medan Johor, Kota Medan",3.587875,98.666346,4,1.3019,5,0.8477,7,1.1028,1,0.7691,6,0.1949,1,0.8063,1,1.2057,1,1.1774,7,0.7054,33,2,123700000,2
aset-2427,6,0,0,2,6574,11,"Jl. KH Wahid Hasyim No. 7, Kel. Pulo Brayan Kec. Medan Polonia, Kota Medan",3.539658,98.640201,0,3.1828,0,5.0,0,4.3315,0,3.1103,0,5.0,0,3.298,0,5.0,0,5.0,0,5.0,0,0,18800000,0
aset-2428,6,0,0,1,2707,7,"Jl. Iskandar Muda No. 8, Kel. Jati Kec. Medan Perjuangan, Kota Medan",3.584216,98.683048,3,0.852,7,0.4208,7,0.3691,2,1.1316,7,0.4733,1,2.3344,1,0.9296,1,1.4076,6,0.3307,35,2,1106200000,2
aset-2429,5,0,2,1,1165,21,"Jl. HM Yamin No. 32, Kel. Polonia Kec. Medan Kota, Kota Medan",3.621094,98.714759,0,3.9377,0,3.4671,0,3.8889,0,4.9727,1,2.5404,0,5.0,0,5.0,0,5.0,0,5.0,1,4,500000,0
aset-2430,4,2,0,1,1103,16,"Jl. Marelan Raya No. 10, Kel. Sei Sikambing Kec. Medan Area, Kota Medan",3.579,98.680031,2,1.2349,6,1.0536,7,0.3085,2,1.4775,5,1.1133,1,2.4388,1,1.2685,1,1.7589,7,0.5456,32,2,150800000,2
aset-2431,6,2,0,1,1182,10,"Jl. Veteran No. 16, Kel. Aur Kec. Medan Marelan, Kota Medan",3.629335,98.707466,1,2.9518,0,3.4624,0,4.0636,0,5.0,1,2.692,0,5.0,0,5.0,0,5.0,0,5.0,2,1,400000,1
aset-2432,5,0,1,1,2111,21,"Jl. Sudirman No. 8, Kel. Petisah Tengah Kec. Medan Selayang, Kota Medan",3.550672,98.70043,0,5.0,0,3.5353,0,4.0311,0,3.5798,0,3.6881,0,3.9765,0,5.0,0,5.0,0,3.2777,0,5,5500000,0
aset-2433,3,0,1,1,959,20,"Blok Thamrin No. 14, Kel. Sikambing Kec. Medan Area, Kota Medan",3.588501,98.685201,3,0.825,7,0.1735,6,0.6904,2,1.1277,8,0.0599,1,2.3554,1,0.9252,1,1.2866,6,0.3924,35,2,531000000,2
aset-2434,1,0,0,2,3855,9,"Jl. Diponegoro No. 1, Kel. Sunggal Kec. Medan Barat, Kota Medan",3.557559,98.622344,0,3.8715,0,5.0,0,5.0,0,4.5992,0,5.0,0,4.7371,0,5.0,0,5.0,0,5.0,0,0,3900000,0
aset-2435,5,2,1,1,664,20,"Jl. Putri Hijau No. 7, Kel. Pulo Brayan Kec. Medan Johor, Kota Medan",3.611642,98.652799,1,2.9745,1,2.9727,2,2.476,1,2.8942,1,2.8586,1,2.2929,0,3.6061,0,3.1493,2,2.5295,9,2,4000000,1
aset-2436,4,2,1,2,3791,18,"Jl. Balai Kota No. 18, Kel. Sikambing Kec. Medan Labuhan, Kota Medan",3.582131,98.666709,4,1.5129,5,1.2756,6,0.9252,2,1.299,5,0.6683,2,1.4434,1,1.4387,1,1.6088,7,1.2203,33,2,155400000,2
aset-2437,2,0,1,1,812,9,"Jl. Sutomo No. 30, Kel. Bantan Kec. Medan Selayang, Kota Medan",3.574172,98.686293,2,1.9814,6,1.3006,6,1.0135,2,1.1453,5,1.2319,0,3.1092,1,2.0399,1,2.5361,6,0.2849,29,2,144700000,2
aset-2438,4,2,0,1,534,6,"Jl. Setiabudi No. 28, Kel. Sunggal Kec. Medan Selayang, Kota Medan",3.612221,98.626538,0,5.0,0,5.0,0,5.0,0,5.0,0,4.9885,0,4.6782,0,5.0,0,5.0,0,4.0796,0,1,700000,0
aset-2439,6,0,0,0,10866,8,"Komplek Marelan Raya No. 1, Kel. Pulo Brayan Kec. Medan Petisah, Kota Medan",3.551362,98.682116,0,3.0933,0,3.6947,1,2.3405,1,2.0814,0,3.7195,1,1.9683,0,4.3337,0,4.8064,2,2.6469,5,2,62200000,1
aset-2440,4,0,0,1,1124,25,"Gang Ahmad Yani No. 5, Kel. Sei Sikambing Kec. Medan Sunggal, Kota Medan",3.62222,98.679275,2,1.1042,1,2.1457,2,1.0099,0,3.3764,4,1.3722,0,3.4162,0,3.5916,0,3.1736,0,3.3402,9,2,3400000,1
aset-2441,6,2,0,1,220,20,"Jl. Jamin Ginting No. 40, Kel. Suka Maju Kec. Medan Timur, Kota Medan",3.636041,98.69056,1,1.1521,0,3.4632,1,2.4409,0,5.0,0,3.0838,0,5.0,0,5.0,0,4.9834,0,5.0,2,1,100000,0
aset-2442,3,0,0,1,1274,8,"Jl. Yos Sudarso No. 48, Kel. Pulo Brayan Kec. Medan Denai, Kota Medan",3.624156,98.680318,2,0.8755,1,2.2943,2,1.0542,0,3.6154,3,1.5759,0,3.6606,0,3.8158,0,3.4047,0,3.5611,8,2,5600000,1
aset-2443,3,2,0,0,941,26,"Jl. HM Yamin No. 5, Kel. Aur Kec. Medan Barat, Kota Medan",3.600477,98.688702,3,0.5441,7,0.5089,6,0.7587,2,2.1092,8,0.8935,1,2.7,1,1.7447,1,1.6826,6,1.4851,35,2,58100000,2
aset-2444,3,2,0,1,242,7,"Gang Marelan Raya No. 12, Kel. Petisah Tengah Kec. Medan Polonia, Kota Medan",3.603831,98.659284,2,2.2012,3,1.8552,5,1.4648,1,1.7722,5,1.7669,1,1.169,1,2.4961,1,2.0583,4,1.4596,23,2,16700000,2
aset-2445,5,2,1,1,928,15,"Jl. Sudirman No. 6, Kel. Bantan Kec. Medan Kota, Kota Medan",3.565845,98.710142,0,4.1015,1,2.4598,0,3.6781,1,2.6165,1,2.694,0,5.0,0,4.5543,0,5.0,0,3.0888,3,4,200000,1
aset-2446,4,2,1,1,598,8,"Jl. KH Wahid Hasyim No. 14, Kel. Gaharu Kec. Medan Sunggal, Kota Medan",3.594085,98.66467,3,1.5402,6,0.8224,5,1.0674,1,0.7128,6,0.5667,1,0.1081,1,1.4418,1,1.1465,6,0.3697,30,2,6500000,2
aset-2447,3,0,1,1,3486,10,"Jl. KH Wahid Hasyim No. 15, Kel. Polonia Kec. Medan Baru, Kota Medan",3.548095,98.667804,1,2.0587,0,4.7469,1,2.1022,1,0.8832,0,4.1299,1,0.9324,0,4.77,0,5.0,0,3.4939,4,0,25200000,1
aset-2448,6,2,1,1,2888,20,"Jl. Pemuda No. 10, Kel. Pasar Merah Kec. Medan Timur, Kota Medan",3.546239,98.638564,1,2.7512,0,5.0,0,4.0001,1,2.9511,0,5.0,0,3.1282,0,5.0,0,5.0,0,5.0,2,1,800000,0
aset-2449,3,2,2,1,1079,14,"Blok Iskandar Muda No. 15, Kel. Pandan Selamat Kec. Medan Marelan, Kota Medan",3.587836,98.682312,3,0.5407,7,0.0785,7,0.3707,2,1.352,8,0.2989,1,2.0798,1,0.6367,1,1.0622,6,0.0992,36,2,137100000,2
aset-2450,3,0,1,1,3658,14,"Jl. Gatot Subroto No. 5, Kel. Sunggal Kec. Medan Denai, Kota Medan",3.573824,98.66289,2,1.3804,5,2.2733,5,0.9474,2,2.1062,3,1.602,2,1.9958,1,2.3848,1,2.6152,7,1.9011,28,2,369300000,2
aset-2451,6,2,2,1,1754,21,"Jl. Diponegoro No. 45, Kel. Gaharu Kec. Medan Selayang, Kota Medan",3.547945,98.717849,0,5.0,0,4.5573,0,5.0,0,4.6845,0,4.7748,0,5.0,0,5.0,0,5.0,0,4.8283,0,4,200000,0
aset-2452,5,0,1,0,2038,20,"Blok Veteran No. 14, Kel. Pulo Brayan Kec. Medan Labuhan, Kota Medan",3.548319,98.693318,0,4.3692,0,3.7498,0,3.4943,0,3.3675,0,3.8565,0,3.2568,0,4.9759,0,5.0,0,3.156,0,0,12100000,0
aset-2453,5,2,0,1,246,19,"Jl. Setiabudi No. 45, Kel. Sei Sikambing Kec. Medan Deli, Kota Medan",3.596198,98.692166,3,0.4342,7,1.0824,6,0.1897,2,1.5815,7,1.2097,0,3.0177,1,1.8187,1,1.9206,6,1.5228,33,2,36000000,2
aset-2454,4,0,0,1,5185,6,"Jl. Sutomo No. 15, Kel. Sikambing Kec. Medan Johor, Kota Medan",3.543314,98.687533,0,4.0528,0,4.3808,0,3.4112,1,2.9421,0,4.4544,1,2.8712,0,5.0,0,5.0,0,3.5574,2,1,10200000,0
aset-2455,5,2,2,1,385,27,"Jl. HM Yamin No. 12, Kel. Sei Sikambing Kec. Medan Helvetia, Kota Medan",3.584944,98.701811,2,1.9111,5,0.8237,5,1.5214,1,1.0311,4,1.0014,0,4.2354,1,2.8102,0,3.1412,5,2.1731,23,2,32500000,2
aset-2456,3,2,0,1,1038,15,"Komplek Veteran No. 28, Kel. Pusat Pasar Kec. Medan Marelan, Kota Medan",3.582888,98.705419,1,2.368,3,1.1605,3,1.9711,1,1.3818,3,1.3783,0,4.6834,0,3.2515,0,3.5949,3,2.4629,14,2,4700000,1
aset-2457,1,2,0,0,3215,21,"Jl. Teuku Cik Ditiro No. 10, Kel. Bantan Kec. Medan Polonia, Kota Medan",3.617416,98.688912,3,1.6796,1,1.3843,3,2.205,0,3.3648,4,1.2045,0,3.6406,0,3.3228,0,3.027,0,3.0454,11,5,9300000,1
aset-2458,4,2,0,1,98,21,"Jl. Gatot Subroto No. 36, Kel. Merdeka Kec. Medan Timur, Kota Medan",3.537958,98.646042,0,3.0297,0,5.0,0,4.0456,1,2.7184,0,5.0,1,2.9072,0,5.0,0,5.0,0,5.0,2,1,100000,0
aset-2459,2,2,0,0,1226,22,"Jl. Ahmad Yani No. 22, Kel. Pusat Pasar Kec. Medan Helvetia, Kota Medan",3.545449,98.638474,1,2.8187,0,5.0,0,4.0595,1,2.9903,0,5.0,0,3.169,0,5.0,0,5.0,0,5.0,2,1,400000,0
aset-2460,3,2,0,0,428,10,"Jl. Pemuda No. 12, Kel. Aur Kec. Medan Sunggal, Kota Medan",3.613595,98.644218,0,3.9512,0,3.8405,0,3.2766,0,3.752,0,3.5774,0,3.0974,0,4.4853,0,4.0517,1,2.9851,1,1,100000,0
aset-2461,4,0,0,1,126,13,"Komplek Iskandar Muda No. 2, Kel. Sikambing Kec. Medan Area, Kota Medan",3.600692,98.654652,2,2.7657,3,2.1066,3,1.9257,1,2.0057,3,1.7346,1,1.3112,1,2.7503,1,2.3776,4,1.3006,19,2,9800000,1
aset-2462,6,0,0,1,7815,7,"Jl. Marelan Raya No. 32, Kel. Bantan Kec. Medan Johor, Kota Medan",3.606791,98.640669,0,4.2547,0,3.8001,0,3.5511,0,3.6988,0,3.3473,0,3.0016,0,4.4432,0,4.0667,1,2.5383,1,1,3400000,0
aset-2463,4,2,1,1,1429,20,"Jl. KH Wahid Hasyim No. 30, Kel. Sei Sikambing Kec. Medan Perjuangan, Kota Medan",3.62298,98.7079,0,3.1492,1,2.979,0,3.6253,0,4.8476,1,2.1257,0,5.0,0,5.0,0,4.8698,0,4.7516,2,2,1100000,0
aset-2464,5,0,1,1,1955,12,"Lorong Iskandar Muda No. 50, Kel. Sei Sikambing Kec. Medan Petisah, Kota Medan",3.584032,98.715142,0,3.2447,1,2.2467,1,2.8197,1,2.4676,1,2.4599,0,5.0,0,4.2846,0,4.5906,0,3.5372,4,0,3600000,1
aset-2465,4,0,0,1,512,25,"Komplek Veteran No. 4, Kel. Polonia Kec. Medan Perjuangan, Kota Medan",3.577671,98.632877,0,3.1161,0,4.6644,0,4.0745,0,4.2559,0,3.781,0,4.0524,0,5.0,0,5.0,1,2.7595,1,3,1300000,0
aset-2466,3,0,0,0,3165,18,"Jl. Thamrin No. 40, Kel. Merdeka Kec. Medan Petisah, Kota Medan",3.594605,98.694431,3,0.6893,7,1.2892,6,0.27,2,1.4105,7,1.2786,0,3.2664,1,2.001,1,2.1574,6,1.6181,33,2,124000000,2
aset-2467,5,2,1,1,765,15,"Jl. Teuku Cik Ditiro No. 22, Kel. Pusat Pasar Kec. Medan Maimun, Kota Medan",3.524715,98.663872,0,4.3288,0,5.0,0,4.7241,0,3.3564,0,5.0,0,3.4809,0,5.0,0,5.0,0,5.0,0,1,200000,1
aset-2468,6,0,0,0,4884,27,"Gang Balai Kota No. 5, Kel. Pandan Selamat Kec. Medan Perjuangan, Kota Medan",3.633274,98.662247,1,2.0858,0,4.2487,1,1.264,0,4.5824,0,3.3209,0,4.2668,0,5.0,0,4.5907,0,4.4135,2,5,27200000,1
aset-2469,1,0,0,0,1367,26,"Jl. Putri Hijau No. 15, Kel. Pasar Merah Kec. Medan Barat, Kota Medan",3.588304,98.714141,1,2.9803,1,2.2369,1,2.5519,1,2.4486,2,2.4192,0,5.0,0,4.1261,0,4.3897,0,3.5699,6,2,6000000,1
aset-2470,2,2,1,1,570,20,"Jl. Diponegoro No. 45, Kel. Padang Bulan Kec. Medan Polonia, Kota Medan",3.548938,98.654077,1,1.5925,0,5.0,1,2.534,1,1.257,0,4.4761,1,1.4443,0,5.0,0,5.0,0,4.4065,4,1,200000,1
aset-2471,4,2,0,1,1853,6,"Jl. Katamso No. 34, Kel. Pusat Pasar Kec. Medan Denai, Kota Medan",3.537114,98.61527,0,5.0,0,5.0,0,5.0,0,5.0,0,5.0,0,5.0,0,5.0,0,5.0,0,5.0,0,1,200000,0
aset-2472,4,2,1,1,586,26,"Jl. Setiabudi No. 15, Kel. Padang Bulan Kec. Medan Timur, Kota Medan",3.549157,98.721757,0,5.0,0,4.7069,0,5.0,0,4.8499,0,4.9342,0,5.0,0,5.0,0,5.0,0,5.0,0,1,200000,0
aset-2473,5,2,1,0,1520,6,"Jl. Iskandar Muda No. 16, Kel. Suka Maju Kec. Medan Petisah, Kota Medan",3.578186,98.692097,2,1.9816,6,0.5326,6,1.2887,2,0.4358,4,0.5446,0,3.5409,1,2.129,1,2.5869,5,0.8986,27,2,94700000,2
aset-2474,3,0,2,1,804,19,"Jl. Diponegoro No. 32, Kel. Pasar Merah Kec. Medan Tembung, Kota Medan",3.634155,98.708875,0,3.1026,0,3.9845,0,4.2997,0,5.0,0,3.2403,0,5.0,0,5.0,0,5.0,0,5.0,0,3,2100000,0
aset-2475,6,0,0,1,1686,23,"Lingkungan Teuku Cik Ditiro No. 7, Kel. Jati Kec. Medan Labuhan, Kota Medan",3.605208,98.667056,3,1.3284,6,1.4642,5,0.7739,1,1.4263,6,1.6366,1,1.1578,1,2.0193,1,1.5266,5,1.2507,29,2,103500000,2
aset-2476,5,2,0,1,1439,24,"Jl. Diponegoro No. 7, Kel. Kesawan Kec. Medan Area, Kota Medan",3.631608,98.673749,2,0.8059,0,3.3548,1,0.6941,0,4.3038,2,2.5338,0,4.1848,0,4.6406,0,4.1841,0,4.2301,5,1,800000,1
aset-2477,2,0,1,2,2143,18,"Jl. Katamso No. 10, Kel. Bantan Kec. Medan Johor, Kota Medan",3.573588,98.667766,2,1.6933,5,2.0561,5,0.733,3,2.1264,5,1.3532,2,1.9796,1,2.093,1,2.4075,7,1.7984,31,2,83700000,2
aset-2478,2,2,0,1,500,9,"Jl. Teuku Cik Ditiro No. 34, Kel. Merdeka Kec. Medan Selayang, Kota Medan",3.534323,98.646863,0,3.3741,0,5.0,0,4.325,1,2.9542,0,5.0,0,3.1404,0,5.0,0,5.0,0,5.0,1,1,300000,0
aset-2479,4,0,0,1,882,17,"Jl. Ahmad Yani No. 18, Kel. Merdeka Kec. Medan Deli, Kota Medan",3.561705,98.667028,1,1.1442,0,3.3481,3,0.5986,1,0.842,1,2.6484,1,0.6731,0,3.3352,0,3.6984,2,2.3926,9,5,4600000,1
aset-2480,2,0,0,0,747,21,"Jl. Teuku Cik Ditiro No. 45, Kel. Aur Kec. Medan Denai, Kota Medan",3.603052,98.627544,0,5.0,0,5.0,0,4.9431,0,4.9505,0,4.4408,0,4.2521,0,5.0,0,5.0,0,3.4243,0,1,800000,0
aset-2481,5,0,0,1,1363,9,"Lingkungan Jamin Ginting No. 42, Kel. Kesawan Kec. Medan Baru, Kota Medan",3.611556,98.716887,0,3.6349,0,3.2875,0,3.3503,0,4.2223,1,2.3514,0,5.0,0,5.0,0,5.0,0,4.7376,1,2,1400000,1
aset-2482,4,0,2,1,16053,26,"Jl. Sisingamangaraja No. 12, Kel. Sei Sikambing Kec. Medan Maimun, Kota Medan",3.544519,98.683527,0,3.6085,0,4.3578,0,3.0362,1,2.4848,0,4.4061,1,2.4203,0,5.0,0,5.0,0,3.4007,2,3,7200000,1
aset-2483,1,0,0,1,1769,16,"Jl. Marelan Raya No. 4, Kel. Sikambing Kec. Medan Selayang, Kota Medan",3.62619,98.680751,2,0.6466,1,2.4898,1,1.0823,0,3.846,3,1.8005,0,3.8838,0,4.0456,0,3.6358,0,3.7901,7,2,14400000,1
aset-2484,3,0,0,1,2310,23,"Jl. Putri Hijau No. 30, Kel. Jati Kec. Medan Johor, Kota Medan",3.569282,98.685328,2,2.4363,5,1.7754,6,1.4514,2,1.6507,3,1.7469,1,2.6964,1,2.4822,1,2.9779,5,0.666,26,2,287000000,2
aset-2485,1,2,0,1,850,10,"Jl. Sisingamangaraja No. 8, Kel. Jati Kec. Medan Johor, Kota Medan",3.588899,98.697018,3,1.2212,7,0.7992,5,0.8355,2,0.8873,7,0.7932,0,3.6175,1,2.2249,1,2.5085,5,1.68,31,2,107200000,2
aset-2486,4,0,0,0,1832,13,"Jl. Veteran No. 24, Kel. Pulo Brayan Kec. Medan Kota, Kota Medan",3.552417,98.684615,0,3.3036,0,3.4855,1,2.4555,1,2.3375,0,3.5257,1,2.2131,0,4.2636,0,4.7454,2,2.5235,5,0,3400000,1
aset-2487,2,2,0,0,2071,11,"Jl. Imam Bonjol No. 4, Kel. Aur Kec. Medan Polonia, Kota Medan",3.580776,98.628419,0,3.7185,0,5.0,0,4.652,0,4.8589,0,4.1614,0,4.3569,0,5.0,0,5.0,0,3.0884,0,1,100000,0
aset-2488,6,2,0,1,1028,27,"Jl. Teuku Cik Ditiro No. 12, Kel. Merdeka Kec. Medan Barat, Kota Medan",3.610541,98.652321,0,3.0034,1,2.9281,2,2.4629,1,2.8463,1,2.7779,1,2.2285,0,3.5662,0,3.1172,2,2.4136,8,1,500000,1
aset-2489,2,0,0,0,3763,24,"Jl. KH Wahid Hasyim No. 30, Kel. Petisah Tengah Kec. Medan Kota, Kota Medan",3.583294,98.654001,2,2.2778,3,2.2704,5,2.3306,1,2.1734,2,1.3757,1,1.7844,1,2.659,1,2.6168,4,0.6441,20,2,63900000,1
aset-2490,3,2,0,1,278,10,"Jl. Balai Kota No. 4, Kel. Pusat Pasar Kec. Medan Petisah, Kota Medan",3.592842,98.616212,0,5.0,0,5.0,0,5.0,0,5.0,0,5.0,0,5.0,0,5.0,0,5.0,0,4.3257,0,1,100000,0
aset-2491,5,0,0,0,2580,19,"Jl. Putri Hijau No. 50, Kel. Pasar Merah Kec. Medan Polonia, Kota Medan",3.62735,98.685485,2,0.7177,1,2.5008,1,1.6145,0,4.144,3,1.9924,0,4.2553,0,4.2585,0,3.8866,0,3.9912,7,2,12900000,1
aset-2492,3,0,1,0,481,22,"Jl. KH Wahid Hasyim No. 45, Kel. Merdeka Kec. Medan Maimun, Kota Medan",3.52813,98.683463,0,4.8775,0,5.0,0,4.6504,0,3.6975,0,5.0,0,3.7152,0,5.0,0,5.0,0,5.0,0,0,1400000,0
aset-2493,5,2,0,1,360,14,"Jl. Sutomo No. 42, Kel. Jati Kec. Medan Denai, Kota Medan",3.509551,98.677777,0,5.0,0,5.0,0,5.0,0,5.0,0,5.0,0,5.0,0,5.0,0,5.0,0,5.0,0,1,300000,0
aset-2494,4,2,1,2,2193,27,"Jl. Marelan Raya No. 42, Kel. Sunggal Kec. Medan Deli, Kota Medan",3.54554,98.69918,0,5.0,0,4.0806,0,4.2034,0,4.0729,0,4.2214,0,3.9677,0,5.0,0,5.0,0,3.6986,0,1,200000,0
aset-2495,6,2,2,0,319,28,"Jl. Putri Hijau No. 48, Kel. Sei Sikambing Kec. Medan Petisah, Kota Medan",3.530324,98.670598,0,3.9429,0,5.0,0,4.0884,1,2.8379,0,5.0,1,2.9219,0,5.0,0,5.0,0,5.0,2,4,600000,0
aset-2496,6,0,1,0,1170,25,"Jl. Cut Mutia No. 15, Kel. Petisah Tengah Kec. Medan Helvetia, Kota Medan",3.555467,98.687726,0,3.533,0,3.0588,1,2.5372,1,2.6672,0,3.117,1,2.5229,0,4.0202,0,4.5115,2,2.224,5,5,4500000,1
aset-2497,3,2,1,1,1819,21,"Komplek Sisingamangaraja No. 34, Kel. Suka Maju Kec. Medan Johor, Kota Medan",3.558163,98.678016,1,2.4153,0,3.2524,3,1.4837,1,1.6297,0,3.058,1,1.4645,0,3.5419,0,3.999,2,1.9933,8,5,1200000,1
aset-2498,5,0,1,2,3547,26,"Jl. Iskandar Muda No. 5, Kel. Polonia Kec. Medan Area, Kota Medan",3.550898,98.633778,1,2.8877,0,5.0,0,4.1989,0,3.3505,0,5.0,0,3.5112,0,5.0,0,5.0,0,4.8474,1,2,1900000,0
aset-2499,5,0,0,1,9876,22,"Blok Sisingamangaraja No. 18, Kel. Sunggal Kec. Medan Helvetia, Kota Medan",3.526178,98.682921,0,5.0,0,5.0,0,4.8319,0,3.8407,0,5.0,0,3.8668,0,5.0,0,5.0,0,5.0,0,5,5100000,1
aset-2500,6,0,2,1,1725,18,"Gang Pemuda No. 10, Kel. Aur Kec. Medan Johor, Kota Medan",3.569213,98.685346,2,2.4442,5,1.7803,6,1.4594,2,1.6563,3,1.7527,1,2.6939,1,2.4901,1,2.9858,5,0.674,26,2,134900000,2
aset-2501,4,0,1,1,2580,22,"Jl. Marelan Raya No. 14, Kel. Jati Kec. Medan Perjuangan, Kota Medan",3.582771,98.651381,1,2.2792,3,2.5554,2,2.545,1,2.4565,2,1.6626,1,2.0331,1,2.9546,1,2.9034,3,0.8007,15,2,74300000,1
aset-2502,4,0,1,1,657,9,"Jl. Teuku Daud No. 10, Kel. Pulo Brayan Kec. Medan Labuhan, Kota Medan",3.528367,98.713006,0,5.0,0,5.0,0,5.0,0,5.0,0,5.0,0,5.0,0,5.0,0,5.0,0,5.0,0,5,900000,1
aset-2503,2,2,2,1,465,25,"Jl. Yos Sudarso No. 36, Kel. Jati Kec. Medan Deli, Kota Medan",3.545764,98.689717,0,4.1254,0,4.0717,0,3.3742,0,3.0609,0,4.1565,1,2.9699,0,5.0,0,5.0,0,3.3253,1,4,400000,0
aset-2504,2,0,0,1,22314,24,"Jl. Thamrin No. 42, Kel. Pandan Selamat Kec. Medan Sunggal, Kota Medan",3.56827,98.679163,2,2.4092,6,2.2349,5,1.2468,3,2.1654,4,2.023,1,2.0813,1,2.4282,1,2.8981,5,0.9237,28,2,1110900000,2
aset-2505,6,0,0,1,3380,24,"Jl. Veteran No. 34, Kel. Sikambing Kec. Medan Helvetia, Kota Medan",3.590872,98.661715,3,1.7994,5,1.1657,6,1.5498,1,1.0573,4,0.4198,1,0.5862,1,1.6991,1,1.5148,6,0.7737,28,2,205800000,2
aset-2506,3,2,0,0,687,25,"Jl. Setiabudi No. 2, Kel. Sei Sikambing Kec. Medan Johor, Kota Medan",3.552021,98.635382,1,2.6722,0,5.0,0,3.9848,0,3.1591,0,5.0,0,3.3167,0,5.0,0,5.0,0,4.6527,1,1,500000,0
aset-2507,2,2,2,0,219,15,"Jl. Imam Bonjol No. 30, Kel. Merdeka Kec. Medan Deli, Kota Medan",3.536926,98.678903,0,3.7978,0,5.0,0,3.5562,1,2.6156,0,5.0,1,2.6228,0,5.0,0,5.0,0,4.2808,2,4,100000,0
aset-2508,3,2,1,1,1201,8,"Jl. Diponegoro No. 36, Kel. Padang Bulan Kec. Medan Selayang, Kota Medan",3.556064,98.625364,0,3.573,0,5.0,0,4.8855,0,4.2566,0,5.0,0,4.3989,0,5.0,0,5.0,0,4.9224,0,1,400000,0
aset-2509,2,0,1,2,704,12,"Jl. Veteran No. 48, Kel. Pusat Pasar Kec. Medan Maimun, Kota Medan",3.546663,98.640497,1,2.5639,0,5.0,0,3.7987,1,2.7331,0,5.0,1,2.9108,0,5.0,0,5.0,0,4.9752,3,0,4900000,1
aset-2510,6,2,0,1,668,19,"Jl. Teuku Cik Ditiro No. 2, Kel. Titi Kuning Kec. Medan Polonia, Kota Medan",3.600669,98.693478,3,0.805,7,0.7756,6,0.7053,2,2.0766,7,0.8618,0,3.2227,1,2.1798,1,2.1806,5,1.9395,32,2,60900000,2
aset-2511,1,2,1,1,407,14,"Jl. HM Yamin No. 16, Kel. Gaharu Kec. Medan Denai, Kota Medan",3.547626,98.656017,1,1.7117,0,5.0,1,2.5317,1,1.1753,0,4.5185,1,1.3642,0,5.0,0,5.0,0,4.3484,4,1,900000,1
aset-2512,6,0,0,0,7299,21,"Lingkungan Diponegoro No. 32, Kel. Padang Bulan Kec. Medan Maimun, Kota Medan",3.569161,98.659241,1,0.7367,1,2.9291,4,1.0013,2,1.6612,2,2.2598,2,1.5969,0,3.042,0,3.2691,5,2.2557,17,0,43100000,1
aset-2513,2,0,1,2,1359,27,"Jl. Sudirman No. 8, Kel. Pasar Merah Kec. Medan Tembung, Kota Medan",3.598647,98.669882,3,1.3009,6,0.6705,6,0.2983,1,0.6401,6,1.2018,1,0.6768,1,1.2444,1,0.7678,6,0.5574,31,2,111200000,2
aset-2514,3,2,0,1,1371,13,"Gang Setiabudi No. 15, Kel. Titi Kuning Kec. Medan Kota, Kota Medan",3.592229,98.657037,2,2.3297,4,1.6627,5,1.8875,1,1.5519,3,0.9538,1,0.9359,1,2.2292,1,2.0031,5,0.4243,23,2,30200000,2
aset-2515,6,0,0,1,1819,17,"Jl. Pemuda No. 15, Kel. Gaharu Kec. Medan Labuhan, Kota Medan",3.505499,98.679832,0,5.0,0,5.0,0,5.0,0,5.0,0,5.0,0,5.0,0,5.0,0,5.0,0,5.0,0,5,2300000,0
aset-2516,1,2,0,0,626,24,"Jl. Imam Bonjol No. 36, Kel. Pandan Selamat Kec. Medan Perjuangan, Kota Medan",3.531992,98.704007,0,5.0,0,5.0,0,5.0,0,5.0,0,5.0,0,5.0,0,5.0,0,5.0,0,5.0,0,1,200000,0
aset-2517,1,2,0,2,2325,18,"Jl. Katamso No. 4, Kel. Sunggal Kec. Medan Petisah, Kota Medan",3.516124,98.625131,0,5.0,0,5.0,0,5.0,0,5.0,0,5.0,0,5.0,0,5.0,0,5.0,0,5.0,0,1,500000,1
aset-2518,4,0,0,1,2629,7,"Jl. Yos Sudarso No. 36, Kel. Polonia Kec. Medan Area, Kota Medan",3.565958,98.685665,1,2.7982,3,2.0628,5,1.8147,2,1.9608,3,2.0624,1,2.5467,1,2.8411,0,3.3352,4,1.0353,20,5,94800000,1
aset-2519,2,0,0,0,739,8,"Jl. Diponegoro No. 40, Kel. Jati Kec. Medan Timur, Kota Medan",3.505954,98.625529,0,5.0,0,5.0,0,5.0,0,5.0,0,5.0,0,5.0,0,5.0,0,5.0,0,5.0,0,5,2800000,0
aset-2520,6,2,1,0,385,7,"Lorong Cut Mutia No. 34, Kel. Aur Kec. Medan Petisah, Kota Medan",3.625564,98.704405,1,2.6941,1,2.9228,0,3.7074,0,5.0,1,2.1643,0,5.0,0,4.9888,0,4.7924,0,4.7139,3,1,300000,1
aset-2521,3,2,0,0,1263,15,"Perumahan Katamso No. 5, Kel. Titi Kuning Kec. Medan Area, Kota Medan",3.624792,98.674197,2,1.1011,1,2.6814,2,0.3793,0,3.5529,2,1.8098,0,3.4664,0,3.8812,0,3.4251,0,3.4923,7,2,2300000,1
aset-2522,2,2,0,0,252,21,"Jl. Cut Mutia No. 16, Kel. Pandan Selamat Kec. Medan Barat, Kota Medan",3.588547,98.686952,3,0.7985,7,0.3443,6,0.8673,2,0.9902,8,0.2249,1,2.5396,1,1.1162,1,1.4584,6,0.5758,35,2,46400000,2
aset-2523,6,2,1,1,3692,15,"Jl. Imam Bonjol No. 28, Kel. Suka Maju Kec. Medan Helvetia, Kota Medan",3.512349,98.649492,0,5.0,0,5.0,0,5.0,0,4.9873,0,5.0,0,5.0,0,5.0,0,5.0,0,5.0,0,1,1200000,0
aset-2524,1,2,1,0,811,18,"Jl. Sudirman No. 40, Kel. Bantan Kec. Medan Tembung, Kota Medan",3.589957,98.703181,2,1.7666,4,1.2677,4,1.3397,1,1.4351,5,1.3693,0,4.2741,1,2.9055,0,3.1596,4,2.3735,21,2,35900000,2
aset-2525,4,0,1,2,1014,10,"Jl. Sisingamangaraja No. 7, Kel. Pulo Brayan Kec. Medan Selayang, Kota Medan",3.601564,98.661768,2,1.9749,6,1.4819,5,1.1441,1,1.3987,6,1.4424,1,0.8133,1,2.1239,1,1.6922,5,1.0889,28,2,51700000,2
aset-2526,2,2,0,1,1030,11,"Jl. Teuku Daud No. 14, Kel. Pulo Brayan Kec. Medan Perjuangan, Kota Medan",3.530752,98.693055,0,5.0,0,5.0,0,4.8967,0,4.2218,0,5.0,0,4.1924,0,5.0,0,5.0,0,5.0,0,1,300000,0
aset-2527,1,2,0,1,1204,14,"Gang Katamso No. 16, Kel. Sei Sikambing Kec. Medan Labuhan, Kota Medan",3.574453,98.660853,2,1.3507,4,2.3482,5,1.1471,2,2.1971,2,1.6817,2,2.1029,1,2.4899,1,2.6812,7,1.7431,26,2,47700000,2
aset-2528,6,0,0,1,2267,19,"Jl. Imam Bonjol No. 4, Kel. Suka Maju Kec. Medan Johor, Kota Medan",3.551433,98.604056,0,5.0,0,5.0,0,5.0,0,5.0,0,5.0,0,5.0,0,5.0,0,5.0,0,5.0,0,2,5900000,1
aset-2529,6,2,2,1,431,22,"Jl. Sudirman No. 1, Kel. Gaharu Kec. Medan Baru, Kota Medan",3.553025,98.678721,1,2.6737,0,3.6938,1,1.9571,1,1.68,0,3.6328,1,1.5583,0,4.1158,0,4.5748,2,2.521,6,4,1500000,1
aset-2530,3,2,0,1,985,28,"Jl. Gatot Subroto No. 7, Kel. Sei Sikambing Kec. Medan Tembung, Kota Medan",3.607526,98.637291,0,4.6318,0,4.1768,0,3.9347,0,4.0747,0,3.7012,0,3.3757,0,4.8184,0,4.4468,1,2.847,1,1,500000,0
aset-2531,1,2,1,1,232,18,"Jl. Sisingamangaraja No. 10, Kel. Gaharu Kec. Medan Denai, Kota Medan",3.584736,98.669092,4,1.1336,6,0.8842,7,0.6835,2,0.943,6,0.324,1,1.2283,1,1.0549,1,1.221,7,0.8482,35,2,42600000,2
aset-2532,1,2,1,1,1162,10,"Jl. Marelan Raya No. 34, Kel. Padang Bulan Kec. Medan Sunggal, Kota Medan",3.607467,98.640425,0,4.284,0,3.8557,0,3.5936,0,3.7551,0,3.4139,0,3.0594,0,4.4997,0,4.1189,1,2.614,1,4,600000,0
aset-2533,1,0,1,0,3319,19,"Jl. Sutomo No. 32, Kel. Sei Sikambing Kec. Medan Sunggal, Kota Medan",3.547691,98.659701,1,1.7325,0,5.0,1,2.3363,1,0.9163,0,4.3674,1,1.0952,0,5.0,0,5.0,0,4.0622,4,0,5000000,1
aset-2534,5,2,0,1,532,14,"Lorong Thamrin No. 14, Kel. Gaharu Kec. Medan Kota, Kota Medan",3.574293,98.641608,1,2.1022,0,3.9627,0,3.0391,0,3.2651,0,3.0681,0,3.298,0,4.2985,0,4.3052,1,2.2098,2,1,300000,0
aset-2535,3,2,2,1,1935,17,"Lingkungan Balai Kota No. 48, Kel. Merdeka Kec. Medan Timur, Kota Medan",3.583269,98.719981,0,3.7738,1,2.776,0,3.347,1,2.9976,1,2.9945,0,5.0,0,4.8283,0,5.0,0,4.0437,3,4,700000,0
aset-2536,6,2,0,1,677,15,"Jl. Sutomo No. 6, Kel. Bantan Kec. Medan Timur, Kota Medan",3.618274,98.721395,0,4.4548,0,3.9891,0,4.1988,0,5.0,0,3.0409,0,5.0,0,5.0,0,5.0,0,5.0,0,1,100000,0
aset-2537,6,0,1,1,8258,6,"Jl. Yos Sudarso No. 12, Kel. Sei Sikambing Kec. Medan Petisah, Kota Medan",3.593469,98.705369,1,1.909,4,1.7177,2,1.4881,1,1.8737,5,1.7998,0,4.4832,0,3.1718,0,3.3708,1,2.6913,14,2,73100000,1
aset-2538,1,0,1,1,957,8,"Jl. Gatot Subroto No. 7, Kel. Bantan Kec. Medan Selayang, Kota Medan",3.517194,98.595665,0,5.0,0,5.0,0,5.0,0,5.0,0,5.0,0,5.0,0,5.0,0,5.0,0,5.0,0,5,2200000,0
aset-2539,1,2,0,0,1191,6,"Jl. Sudirman No. 25, Kel. Petisah Tengah Kec. Medan Helvetia, Kota Medan",3.579276,98.677162,4,1.1841,6,1.1665,7,0.4785,2,1.6722,5,0.8563,2,2.2088,1,1.1925,1,1.6547,7,0.844,35,2,251800000,2
aset-2540,4,0,0,1,2456,14,"Lingkungan Katamso No. 5, Kel. Pandan Selamat Kec. Medan Baru, Kota Medan",3.549703,98.71539,0,5.0,0,4.2448,0,5.0,0,4.3671,0,4.459,0,5.0,0,5.0,0,5.0,0,4.4932,0,0,2200000,0
aset-2541,2,0,0,0,289,9,"Lorong Gatot Subroto No. 14, Kel. Aur Kec. Medan Tembung, Kota Medan",3.594803,98.634123,0,4.3404,0,4.2082,0,4.2476,0,4.0973,0,3.4868,0,3.4266,0,4.7882,0,4.5372,1,2.405,1,2,1500000,0
aset-2542,3,2,0,1,1617,6,"Jl. Teuku Daud No. 40, Kel. Pasar Merah Kec. Medan Petisah, Kota Medan",3.523699,98.676064,0,4.8651,0,5.0,0,4.8974,0,3.731,0,5.0,0,3.7959,0,5.0,0,5.0,0,5.0,0,1,300000,0
aset-2543,6,0,1,1,1372,16,"Jl. Setiabudi No. 28, Kel. Gaharu Kec. Medan Polonia, Kota Medan",3.574074,98.684311,2,1.8981,6,1.4778,6,0.9139,2,1.3063,5,1.3838,1,2.9381,1,1.9479,1,2.4447,6,0.1228,30,2,508400000,2
aset-2544,6,2,1,1,1153,25,"Jl. Teuku Daud No. 32, Kel. Titi Kuning Kec. Medan Labuhan, Kota Medan",3.594106,98.68389,3,0.5168,7,0.5123,6,0.7854,2,1.4358,8,0.3837,1,2.0987,1,0.8906,1,0.9867,6,0.6661,35,2,45400000,2
aset-2545,3,2,1,1,2810,25,"Lorong Thamrin No. 18, Kel. Pulo Brayan Kec. Medan Tembung, Kota Medan",3.607168,98.680055,4,0.1749,6,0.9141,7,1.1757,1,1.8686,7,0.3319,1,2.1499,1,1.9389,1,1.568,4,1.6771,32,2,92800000,2
aset-2546,6,0,0,1,1345,14,"Jl. Teuku Cik Ditiro No. 40, Kel. Sikambing Kec. Medan Kota, Kota Medan",3.583016,98.693595,2,1.5177,7,0.1925,5,1.2892,2,0.1309,6,0.0661,0,3.4418,1,1.9987,1,2.398,5,1.2761,29,2,465000000,2
aset-2547,6,0,0,1,2281,18,"Komplek Putri Hijau No. 24, Kel. Gaharu Kec. Medan Denai, Kota Medan",3.62581,98.706202,1,2.8802,0,3.0716,0,3.8216,0,5.0,1,2.2811,0,5.0,0,5.0,0,4.9498,0,4.8604,2,0,14800000,1
aset-2548,2,2,0,1,2666,11,"Jl. Teuku Daud No. 32, Kel. Sei Sikambing Kec. Medan Polonia, Kota Medan",3.597857,98.697662,3,1.0689,7,1.3344,5,0.7309,1,1.8375,6,1.1429,0,3.6386,1,2.4538,1,2.5513,5,2.1162,29,2,55300000,2
aset-2549,2,2,1,2,2157,18,"Jl. Balai Kota No. 28, Kel. Kesawan Kec. Medan Polonia, Kota Medan",3.564698,98.698265,0,3.6001,1,1.9577,1,2.6839,1,2.0107,2,2.1173,0,3.8164,0,3.6722,0,4.1572,2,1.9696,7,1,700000,1
aset-2550,1,2,1,1,1284,26,"Blok Diponegoro No. 18, Kel. Suka Maju Kec. Medan Perjuangan, Kota Medan",3.577254,98.650062,1,1.7526,1,2.9988,2,2.2942,2,2.9094,2,2.1105,2,2.5772,0,3.3084,0,3.3356,2,1.4164,12,2,1500000,1
aset-2551,3,2,0,1,595,16,"Blok Sisingamangaraja No. 2, Kel. Suka Maju Kec. Medan Baru, Kota Medan",3.588289,98.67311,3,0.561,7,0.3173,7,0.6244,2,0.5738,7,0.3859,1,1.1692,1,0.4718,1,0.6688,7,0.3223,36,2,266200000,2
aset-2552,2,2,0,1,1121,7,"Jl. Jamin Ginting No. 28, Kel. Pasar Merah Kec. Medan Polonia, Kota Medan",3.625813,98.70034,1,2.2537,1,2.6891,0,3.256,0,4.8902,3,2.0384,0,5.0,0,4.7504,0,4.519,0,4.4728,5,2,1000000,1
aset-2553,4,0,0,0,2149,18,"Jl. HM Yamin No. 25, Kel. Bantan Kec. Medan Tembung, Kota Medan",3.617454,98.717335,0,4.0357,0,3.5377,0,3.7972,0,4.7785,1,2.5905,0,5.0,0,5.0,0,5.0,0,5.0,1,2,13500000,1
aset-2554,1,0,0,1,584,24,"Jl. Yos Sudarso No. 1, Kel. Petisah Tengah Kec. Medan Sunggal, Kota Medan",3.518403,98.661168,0,4.9826,0,5.0,0,5.0,0,4.068,0,5.0,0,4.2022,0,5.0,0,5.0,0,5.0,0,5,1700000,0
aset-2555,3,2,1,0,1765,20,"Blok Sisingamangaraja No. 8, Kel. Jati Kec. Medan Baru, Kota Medan",3.522106,98.679539,0,5.0,0,5.0,0,5.0,0,4.0481,0,5.0,0,4.0997,0,5.0,0,5.0,0,5.0,0,4,800000,0
aset-2556,1,2,0,1,1014,17,"Jl. Diponegoro No. 14, Kel. Aur Kec. Medan Tembung, Kota Medan",3.587201,98.684907,3,0.8335,7,0.2295,7,0.6559,2,1.0683,8,0.0894,1,2.3733,1,0.931,1,1.3343,6,0.3234,36,2,152100000,2
aset-2557,2,0,0,1,704,7,"Perumahan Teuku Cik Ditiro No. 32, Kel. Sei Sikambing Kec. Medan Labuhan, Kota Medan",3.590441,98.676615,3,0.1548,7,0.1863,7,0.3094,2,0.685,8,0.7868,1,1.3851,1,0.065,1,0.4345,7,0.2631,37,2,106400000,2
aset-2558,3,2,2,1,678,25,"Jl. Pemuda No. 16, Kel. Pusat Pasar Kec. Medan Petisah, Kota Medan",3.588652,98.658845,3,2.1192,5,1.5378,6,1.8997,1,1.4329,4,0.6841,1,0.9822,1,2.0203,1,1.8888,5,0.4285,27,2,7900000,2
aset-2559,3,2,0,1,447,24,"Jl. Teuku Cik Ditiro No. 5, Kel. Pulo Brayan Kec. Medan Deli, Kota Medan",3.550798,98.615112,0,4.8214,0,5.0,0,5.0,0,5.0,0,5.0,0,5.0,0,5.0,0,5.0,0,5.0,0,1,200000,0
aset-2560,1,0,0,1,8935,7,"Jl. Imam Bonjol No. 18, Kel. Sunggal Kec. Medan Kota, Kota Medan",3.594334,98.62413,0,5.0,0,5.0,0,5.0,0,5.0,0,4.5742,0,4.5362,0,5.0,0,5.0,0,3.4768,0,5,10500000,1
aset-2561,5,2,0,1,2975,12,"Jl. Sisingamangaraja No. 3, Kel. Petisah Tengah Kec. Medan Area, Kota Medan",3.579942,98.714971,0,3.434,1,2.2281,0,3.0198,1,2.449,1,2.4618,0,5.0,0,4.3598,0,4.7032,0,3.4375,3,1,800000,1
aset-2562,5,0,0,0,2450,13,"Jl. Setiabudi No. 32, Kel. Petisah Tengah Kec. Medan Baru, Kota Medan",3.634163,98.691344,1,1.1728,0,3.264,1,2.4332,0,5.0,2,2.9218,0,5.0,0,5.0,0,4.8202,0,4.8888,4,2,8900000,0
aset-2563,3,0,0,1,2394,12,"Gang Teuku Daud No. 28, Kel. Pandan Selamat Kec. Medan Marelan, Kota Medan",3.617907,98.625916,0,5.0,0,5.0,0,5.0,0,5.0,0,5.0,0,5.0,0,5.0,0,5.0,0,4.5551,0,2,6200000,1
aset-2564,2,0,0,1,2576,11,"Jl. Iskandar Muda No. 18, Kel. Pusat Pasar Kec. Medan Petisah, Kota Medan",3.613536,98.714204,0,3.4988,0,3.059,0,3.2484,0,4.223,1,2.1119,0,5.0,0,4.8883,0,4.8628,0,4.6345,1,2,4600000,0
aset-2565,4,2,2,1,1207,11,"Jl. Sisingamangaraja No. 7, Kel. Sunggal Kec. Medan Sunggal, Kota Medan",3.607887,98.618338,0,5.0,0,5.0,0,5.0,0,5.0,0,5.0,0,5.0,0,5.0,0,5.0,0,4.5786,0,4,200000,0
aset-2566,6,2,1,1,1050,13,"Jl. Putri Hijau No. 16, Kel. Sei Sikambing Kec. Medan Labuhan, Kota Medan",3.541468,98.645453,1,2.7052,0,5.0,0,3.7843,1,2.5163,0,5.0,1,2.705,0,5.0,0,5.0,0,5.0,3,1,600000,1
aset-2567,3,2,1,1,758,13,"Jl. Veteran No. 1, Kel. Sei Sikambing Kec. Medan Deli, Kota Medan",3.607034,98.686699,4,0.8621,7,0.2684,7,1.5128,2,2.3389,7,0.2995,1,2.7549,1,2.1786,1,1.9458,4,1.9001,34,2,104700000,2
aset-2568,1,2,1,1,2027,22,"Jl. Thamrin No. 8, Kel. Sunggal Kec. Medan Polonia, Kota Medan",3.515536,98.630165,0,5.0,0,5.0,0,5.0,0,5.0,0,5.0,0,5.0,0,5.0,0,5.0,0,5.0,0,1,100000,0
aset-2569,2,2,1,1,597,8,"Jl. Ahmad Yani No. 36, Kel. Polonia Kec. Medan Denai, Kota Medan",3.531229,98.622595,0,5.0,0,5.0,0,5.0,0,5.0,0,5.0,0,5.0,0,5.0,0,5.0,0,5.0,0,1,100000,0
aset-2570,3,0,0,1,909,26,"Jl. Sudirman No. 2, Kel. Suka Maju Kec. Medan Johor, Kota Medan",3.570974,98.640059,1,2.0587,0,4.3085,0,3.1322,0,3.1747,0,3.4174,0,3.2302,0,4.6133,0,4.6467,1,2.6013,2,0,1000000,1
aset-2571,6,2,1,1,1878,18,"Jl. KH Wahid Hasyim No. 10, Kel. Padang Bulan Kec. Medan Polonia, Kota Medan",3.558606,98.667749,1,1.3096,0,3.6682,3,0.9338,1,0.6097,1,2.9725,1,0.4208,0,3.6387,0,4.017,2,2.5645,9,5,4200000,1
aset-2572,2,2,1,1,1810,22,"Gang Sudirman No. 25, Kel. Pusat Pasar Kec. Medan Deli, Kota Medan",3.58873,98.68593,3,0.8079,7,0.2306,6,0.7696,2,1.0843,8,0.1313,1,2.4251,1,1.001,1,1.3471,6,0.4767,35,2,213600000,2
aset-2573,4,0,1,1,1725,18,"Jl. Pemuda No. 30, Kel. Pasar Merah Kec. Medan Petisah, Kota Medan",3.559707,98.615057,0,4.647,0,5.0,0,5.0,0,5.0,0,5.0,0,5.0,0,5.0,0,5.0,0,5.0,0,0,8300000,0
aset-2574,6,0,1,1,6597,27,"Blok Veteran No. 22, Kel. Pandan Selamat Kec. Medan Helvetia, Kota Medan",3.589419,98.699106,3,1.3822,6,0.9424,5,0.9701,1,1.0676,5,0.9842,0,3.8355,1,2.4541,1,2.7232,5,1.9173,27,2,437100000,2
aset-2575,2,0,0,2,1711,17,"Jl. Teuku Daud No. 45, Kel. Bantan Kec. Medan Denai, Kota Medan",3.563188,98.668625,1,1.3125,0,3.1496,4,0.4295,1,1.0714,2,2.4542,1,0.8948,0,3.1229,0,3.4985,3,2.1514,12,0,42100000,1
aset-2576,2,2,1,2,713,11,"Jl. Setiabudi No. 28, Kel. Titi Kuning Kec. Medan Timur, Kota Medan",3.562444,98.654656,1,0.2459,0,3.8329,1,1.5652,1,1.3081,0,3.1616,1,1.3532,0,3.9418,0,4.1725,1,2.9532,5,1,500000,1
aset-2577,5,0,0,0,3452,11,"Jl. Pemuda No. 22, Kel. Padang Bulan Kec. Medan Labuhan, Kota Medan",3.593072,98.667849,3,1.1698,6,0.4607,7,0.9263,1,0.3498,6,0.5523,1,0.382,1,1.0714,1,0.8002,7,0.1045,33,2,294000000,2
aset-2578,6,2,2,0,762,25,"Jl. Sutomo No. 5, Kel. Sikambing Kec. Medan Polonia, Kota Medan",3.591627,98.666891,3,1.2368,6,0.5872,7,1.1187,1,0.4809,6,0.3597,1,0.4297,1,1.1364,1,0.9378,7,0.2912,33,2,64900000,2
aset-2579,5,2,0,1,1148,6,"Jl. Thamrin No. 12, Kel. Pulo Brayan Kec. Medan Sunggal, Kota Medan",3.592816,98.700793,3,1.4206,6,1.3638,4,0.9936,1,1.4814,6,1.3926,0,3.9796,1,2.659,1,2.8655,5,2.1836,27,2,12400000,2
aset-2580,3,0,1,1,1872,26,"Jl. Thamrin No. 48, Kel. Pulo Brayan Kec. Medan Tembung, Kota Medan",3.567869,98.697339,0,3.2426,3,1.5926,3,2.3705,1,1.6434,2,1.75,0,3.8239,0,3.3392,0,3.8195,3,1.6944,12,2,52200000,1
aset-2581,4,0,0,1,1980,23,"Jl. Pemuda No. 7, Kel. Pandan Selamat Kec. Medan Polonia, Kota Medan",3.62103,98.668405,2,1.8551,1,2.8117,2,0.6232,0,3.13,2,1.8595,1,2.9189,0,3.5797,0,3.0934,0,3.0059,8,2,15500000,1
aset-2582,6,2,0,0,622,28,"Lingkungan Marelan Raya No. 34, Kel. Jati Kec. Medan Marelan, Kota Medan",3.631896,98.704084,1,2.5617,0,3.4828,0,3.7294,0,5.0,1,2.8044,0,5.0,0,5.0,0,5.0,0,5.0,2,1,300000,0
aset-2583,6,2,1,1,1592,11,"Jl. Balai Kota No. 25, Kel. Sikambing Kec. Medan Baru, Kota Medan",3.534107,98.668949,0,3.4842,0,5.0,0,3.659,1,2.3843,0,5.0,1,2.4735,0,5.0,0,5.0,0,4.8508,2,1,600000,1
aset-2584,4,0,0,1,2683,25,"Jl. Sutomo No. 30, Kel. Petisah Tengah Kec. Medan Petisah, Kota Medan",3.586139,98.68112,3,0.5501,7,0.2938,7,0.2739,2,1.3577,8,0.4777,1,2.0424,1,0.6272,1,1.107,7,0.1367,37,2,1617400000,2
aset-2585,1,0,0,1,1064,15,"Jl. Teuku Daud No. 6, Kel. Pusat Pasar Kec. Medan Marelan, Kota Medan",3.586096,98.687259,3,1.0631,7,0.5179,6,0.8558,2,0.7832,8,0.3281,1,2.6612,1,1.2184,1,1.6196,6,0.5922,35,2,618400000,2
aset-2586,3,2,0,0,1787,21,"Lorong Ahmad Yani No. 50, Kel. Sunggal Kec. Medan Timur, Kota Medan",3.612374,98.694432,3,1.8534,3,1.0871,2,2.0058,0,3.3768,5,0.5166,0,3.7948,0,3.1515,1,2.9706,1,2.877,15,2,9500000,1
aset-2587,4,0,2,0,922,13,"Perumahan Ahmad Yani No. 14, Kel. Jati Kec. Medan Deli, Kota Medan",3.528049,98.635077,0,4.5734,0,5.0,0,5.0,0,4.3595,0,5.0,0,4.5484,0,5.0,0,5.0,0,5.0,0,3,1600000,0
aset-2588,5,2,0,1,1234,24,"Jl. Balai Kota No. 15, Kel. Merdeka Kec. Medan Kota, Kota Medan",3.583561,98.612658,0,5.0,0,5.0,0,5.0,0,5.0,0,5.0,0,5.0,0,5.0,0,5.0,0,4.7378,0,1,400000,1
aset-2589,2,2,0,1,1429,15,"Jl. Marelan Raya No. 24, Kel. Gaharu Kec. Medan Barat, Kota Medan",3.515761,98.672458,0,5.0,0,5.0,0,5.0,0,4.4593,0,5.0,0,4.5503,0,5.0,0,5.0,0,5.0,0,1,500000,0
aset-2590,4,0,1,1,5320,15,"Perumahan Balai Kota No. 45, Kel. Sikambing Kec. Medan Perjuangan, Kota Medan",3.595767,98.665539,3,1.519,6,0.7802,6,0.8764,1,0.6797,6,0.7549,1,0.1042,1,1.4244,1,1.0682,6,0.3364,31,2,220400000,2
aset-2591,1,0,0,1,6702,8,"Jl. Sudirman No. 32, Kel. Petisah Tengah Kec. Medan Barat, Kota Medan",3.618794,98.7189,0,4.2642,0,3.7566,0,4.0261,0,5.0,1,2.8105,0,5.0,0,5.0,0,5.0,0,5.0,1,1,3300000,1
aset-2592,5,2,2,0,1014,21,"Jl. Sutomo No. 30, Kel. Suka Maju Kec. Medan Baru, Kota Medan",3.565815,98.700401,0,3.5738,1,1.8969,1,2.7779,1,1.9782,1,2.0799,0,4.0776,0,3.7385,0,4.2153,2,2.1022,6,4,1500000,1
aset-2593,1,0,1,2,2777,17,"Lingkungan Sutomo No. 16, Kel. Petisah Tengah Kec. Medan Timur, Kota Medan",3.547527,98.649092,1,1.9214,0,5.0,0,3.0153,1,1.8167,0,4.8811,1,2.0011,0,5.0,0,5.0,0,4.658,3,0,1200000,1
aset-2594,1,0,0,2,4554,19,"Jl. Diponegoro No. 7, Kel. Bantan Kec. Medan Petisah, Kota Medan",3.552808,98.717748,0,5.0,0,4.1122,0,5.0,0,4.2521,0,4.3376,0,5.0,0,5.0,0,5.0,0,4.5006,0,3,3500000,1
aset-2595,2,0,0,1,1022,25,"Jl. Cut Mutia No. 40, Kel. Jati Kec. Medan Baru, Kota Medan",3.542346,98.648273,1,2.484,0,5.0,0,3.5083,1,2.2091,0,5.0,1,2.3982,0,5.0,0,5.0,0,5.0,3,1,600000,0
aset-2596,2,2,0,0,1158,28,"Jl. Pemuda No. 7, Kel. Sei Sikambing Kec. Medan Petisah, Kota Medan",3.563262,98.701605,0,3.8872,1,2.2087,0,3.0638,1,2.292,1,2.3935,0,4.142,0,4.0368,0,4.5166,2,2.3651,5,1,400000,1
aset-2597,5,0,0,1,1277,15,"Jl. HM Yamin No. 22, Kel. Polonia Kec. Medan Baru, Kota Medan",3.586211,98.667559,4,1.2187,5,0.8913,7,0.8997,2,0.846,6,0.4205,1,1.0177,1,1.1293,1,1.1967,7,0.8675,34,2,850600000,2
aset-2598,4,2,0,0,570,26,"Jl. Teuku Daud No. 40, Kel. Pasar Merah Kec. Medan Marelan, Kota Medan",3.584495,98.661967,2,1.8676,5,1.4609,6,1.4559,1,1.3782,4,0.6036,1,1.2157,1,1.7771,1,1.7914,7,0.9212,28,2,42500000,2
aset-2599,5,2,1,1,893,14,"Jl. HM Yamin No. 40, Kel. Pulo Brayan Kec. Medan Selayang, Kota Medan",3.550611,98.636285,1,2.6611,0,5.0,0,3.9635,0,3.0797,0,5.0,0,3.2426,0,5.0,0,5.0,0,4.7472,1,1,400000,0
aset-2600,6,2,2,1,2321,9,"Blok Jamin Ginting No. 32, Kel. Pusat Pasar Kec. Medan Helvetia, Kota Medan",3.629515,98.689268,2,0.9582,1,2.7296,1,2.0645,0,4.5383,3,2.356,0,4.6885,0,4.6,0,4.2547,0,4.3272,7,4,1400000,1
aset-2601,6,0,0,1,1068,18,"Komplek Sutomo No. 2, Kel. Titi Kuning Kec. Medan Kota, Kota Medan",3.53529,98.688056,0,4.6397,0,5.0,0,4.1698,0,3.4729,0,5.0,0,3.4425,0,5.0,0,5.0,0,4.4507,0,0,6600000,0
aset-2602,5,2,1,1,919,28,"Komplek Iskandar Muda No. 5, Kel. Padang Bulan Kec. Medan Marelan, Kota Medan",3.553835,98.693514,0,4.2,0,3.1361,0,3.1875,0,3.1323,0,3.2435,0,3.1736,0,4.4192,0,4.916,2,2.5941,2,1,800000,1
aset-2603,6,0,1,1,887,23,"Jl. Gatot Subroto No. 10, Kel. Sunggal Kec. Medan Baru, Kota Medan",3.583009,98.69464,2,1.5669,7,0.1191,5,1.3109,2,0.2138,6,0.182,0,3.5493,1,2.1063,1,2.4988,5,1.372,29,2,123700000,2
aset-2604,2,2,1,1,925,27,"Jl. Gatot Subroto No. 4, Kel. Pasar Merah Kec. Medan Johor, Kota Medan",3.595807,98.669309,3,1.1578,6,0.432,6,0.5821,1,0.3642,7,0.8953,1,0.4865,1,1.0703,1,0.6628,7,0.2479,33,2,90600000,2
aset-2605,2,0,1,1,1174,8,"Jl. Sisingamangaraja No. 28, Kel. Sikambing Kec. Medan Baru, Kota Medan",3.605914,98.632296,0,5.0,0,4.6342,0,4.4501,0,4.5289,0,4.0877,0,3.8268,0,5.0,0,4.9208,0,3.1441,0,0,8400000,0
aset-2606,1,2,1,1,528,14,"Jl. Teuku Daud No. 8, Kel. Aur Kec. Medan Baru, Kota Medan",3.59571,98.694277,3,0.6634,7,1.2459,6,0.2863,2,1.5311,7,1.3397,0,3.25,1,2.0197,1,2.1477,6,1.6716,33,2,141900000,2
aset-2607,3,0,2,0,7769,10,"Lingkungan Setiabudi No. 50, Kel. Petisah Tengah Kec. Medan Petisah, Kota Medan",3.587279,98.691236,3,0.9809,7,0.7205,6,0.8074,2,0.6188,8,0.5146,0,3.0355,1,1.6085,1,1.9506,6,1.0254,34,2,798600000,2
aset-2608,6,0,0,2,506,24,"Jl. Diponegoro No. 6, Kel. Merdeka Kec. Medan Perjuangan, Kota Medan",3.583564,98.667584,4,1.3442,5,1.0912,7,0.8254,2,1.1156,5,0.5154,1,1.3035,1,1.2665,1,1.4226,7,1.0562,33,2,443500000,2
aset-2609,1,0,0,1,1475,22,"Lingkungan Jamin Ginting No. 50, Kel. Sei Sikambing Kec. Medan Johor, Kota Medan",3.531726,98.604865,0,5.0,0,5.0,0,5.0,0,5.0,0,5.0,0,5.0,0,5.0,0,5.0,0,5.0,0,2,2300000,0
aset-2610,5,0,1,2,2648,13,"Jl. Katamso No. 6, Kel. Pasar Merah Kec. Medan Maimun, Kota Medan",3.575876,98.662613,2,1.5704,5,2.1036,6,1.154,2,2.1194,3,1.4541,2,2.1429,1,2.2396,1,2.4395,7,1.6862,29,2,266300000,2
aset-2611,3,2,1,2,2809,8,"Jl. Putri Hijau No. 6, Kel. Bantan Kec. Medan Sunggal, Kota Medan",3.625995,98.700387,1,2.2526,1,2.7091,0,3.2611,0,4.9087,3,2.0593,0,5.0,0,4.7702,0,4.5381,0,4.4926,5,2,1100000,1
aset-2612,2,2,0,1,473,14,"Jl. Teuku Cik Ditiro No. 1, Kel. Pusat Pasar Kec. Medan Deli, Kota Medan",3.59509,98.642081,0,3.9243,0,3.3284,0,3.3705,0,3.2178,1,2.6321,1,2.5435,0,3.9163,0,3.6553,2,1.5856,4,1,500000,1
aset-2613,1,0,1,0,6067,22,"Jl. Imam Bonjol No. 5, Kel. Gaharu Kec. Medan Baru, Kota Medan",3.61777,98.646354,0,3.852,0,3.9606,1,2.8841,0,3.8816,0,3.8099,0,3.2699,0,4.5936,0,4.1342,0,3.3398,1,0,5400000,1
aset-2614,2,0,0,0,967,15,"Jl. Gatot Subroto No. 34, Kel. Padang Bulan Kec. Medan Johor, Kota Medan",3.552447,98.626344,0,3.5779,0,5.0,0,4.898,0,4.1547,0,5.0,0,4.3082,0,5.0,0,5.0,0,5.0,0,0,1300000,0
aset-2615,2,0,2,2,1169,24,"Jl. Yos Sudarso No. 20, Kel. Pulo Brayan Kec. Medan Denai, Kota Medan",3.571298,98.670686,2,1.7962,6,2.2214,5,0.5633,3,1.9814,5,1.5305,2,1.8144,1,2.1944,1,2.5693,7,1.5262,32,2,108400000,2
aset-2616,4,2,1,1,403,20,"Jl. HM Yamin No. 16, Kel. Suka Maju Kec. Medan Barat, Kota Medan",3.553417,98.705685,0,5.0,0,3.3923,0,4.1624,0,3.4761,0,3.578,0,4.5244,0,5.0,0,5.0,0,3.4144,0,1,100000,0
aset-2617,1,0,0,2,2310,16,"Lorong Gatot Subroto No. 48, Kel. Pasar Merah Kec. Medan Kota, Kota Medan",3.578621,98.663013,2,1.8688,5,1.8389,6,1.4057,2,1.8281,4,1.175,2,1.8346,1,2.0026,1,2.1666,7,1.457,30,2,288000000,2
aset-2618,3,2,2,1,292,10,"Jl. Balai Kota No. 3, Kel. Jati Kec. Medan Tembung, Kota Medan",3.607154,98.682,4,0.3568,6,0.7076,7,1.3463,1,1.9918,8,0.2226,1,2.3207,1,1.9865,1,1.6561,4,1.7154,33,2,37700000,2
aset-2619,4,2,1,0,280,22,"Jl. Teuku Cik Ditiro No. 20, Kel. Gaharu Kec. Medan Baru, Kota Medan",3.561121,98.630193,1,2.9602,0,5.0,0,4.2464,0,3.7824,0,4.9529,0,3.9046,0,5.0,0,5.0,0,4.146,1,4,200000,0
aset-2620,3,0,1,2,1845,18,"Jl. Ahmad Yani No. 25, Kel. Jati Kec. Medan Perjuangan, Kota Medan",3.584599,98.686538,3,1.1253,7,0.5451,7,0.6993,2,0.7732,8,0.4149,1,2.6553,1,1.217,1,1.653,6,0.57,36,2,492600000,2
aset-2621,3,0,0,1,1411,27,"Jl. Sutomo No. 22, Kel. Aur Kec. Medan Selayang, Kota Medan",3.627794,98.67012,2,1.2948,0,3.2189,1,0.2222,0,3.8702,2,2.318,0,3.6906,0,4.2713,0,3.7966,0,3.7651,5,0,22100000,1
aset-2622,2,0,1,1,5213,11,"Jl. Ahmad Yani No. 2, Kel. Pasar Merah Kec. Medan Marelan, Kota Medan",3.551107,98.644361,1,1.9117,0,5.0,0,3.1631,1,2.1873,0,4.7958,1,2.3543,0,5.0,0,5.0,0,4.3758,3,0,13500000,1
aset-2623,6,2,0,0,945,22,"Jl. Balai Kota No. 28, Kel. Sikambing Kec. Medan Labuhan, Kota Medan",3.578593,98.670709,3,1.4891,6,1.4271,7,0.6833,3,1.6023,5,0.7267,2,1.9312,1,1.4478,1,1.7781,7,1.1995,35,2,114400000,2
aset-2624,2,0,0,0,3286,22,"Jl. Setiabudi No. 10, Kel. Padang Bulan Kec. Medan Johor, Kota Medan",3.596453,98.672618,3,0.9352,7,0.39,6,0.4332,2,0.4239,8,0.9315,1,0.8607,1,0.8668,1,0.3798,7,0.5806,36,2,570800000,2
aset-2625,6,2,1,1,1387,21,"Jl. Gatot Subroto No. 1, Kel. Pusat Pasar Kec. Medan Tembung, Kota Medan",3.543653,98.708256,0,5.0,0,4.5106,0,5.0,0,4.5878,0,4.6913,0,4.9931,0,5.0,0,5.0,0,4.4197,0,4,200000,0
aset-2626,3,0,0,1,858,26,"Jl. Setiabudi No. 32, Kel. Pulo Brayan Kec. Medan Johor, Kota Medan",3.524204,98.707936,0,5.0,0,5.0,0,5.0,0,5.0,0,5.0,0,5.0,0,5.0,0,5.0,0,5.0,0,3,900000,0
aset-2627,3,0,1,1,328,14,"Komplek KH Wahid Hasyim No. 10, Kel. Sei Sikambing Kec. Medan Barat, Kota Medan",3.546405,98.658769,1,1.8582,0,5.0,1,2.5087,1,1.0917,0,4.5358,1,1.2714,0,5.0,0,5.0,0,4.2379,4,0,3200000,1
aset-2628,4,2,0,0,461,27,"Jl. Teuku Daud No. 20, Kel. Padang Bulan Kec. Medan Baru, Kota Medan",3.554904,98.696635,0,4.412,0,3.0183,0,3.4383,0,3.0398,0,3.15,0,3.513,0,4.4696,0,4.9662,2,2.6534,2,1,500000,0
aset-2629,2,2,2,1,457,25,"Blok Setiabudi No. 16, Kel. Kesawan Kec. Medan Johor, Kota Medan",3.5812,98.680815,3,1.02,7,0.794,7,0.0489,2,1.3552,6,0.8873,1,2.3313,1,1.0662,1,1.5627,7,0.6527,35,2,173800000,2
aset-2630,3,0,1,0,1232,14,"Blok Pemuda No. 28, Kel. Pandan Selamat Kec. Medan Helvetia, Kota Medan",3.550308,98.613002,0,5.0,0,5.0,0,5.0,0,5.0,0,5.0,0,5.0,0,5.0,0,5.0,0,5.0,0,0,11200000,0
aset-2631,4,0,0,2,677,28,"Blok Gatot Subroto No. 18, Kel. Sunggal Kec. Medan Labuhan, Kota Medan",3.604606,98.691239,3,1.0532,7,0.3621,5,1.1269,2,2.5213,6,0.6493,0,3.1016,1,2.266,1,2.1537,4,1.9992,29,2,63900000,2
aset-2632,1,0,2,1,675,7,"Perumahan Katamso No. 25, Kel. Aur Kec. Medan Johor, Kota Medan",3.543183,98.685958,0,3.915,0,4.4314,0,3.3145,1,2.7928,0,4.4959,1,2.7279,0,5.0,0,5.0,0,3.5564,2,3,2200000,1
aset-2633,6,2,0,2,205,7,"Jl. HM Yamin No. 20, Kel. Titi Kuning Kec. Medan Labuhan, Kota Medan",3.634158,98.67053,1,1.1864,0,3.7777,1,0.9087,0,4.5769,1,2.9268,0,4.3973,0,4.9624,0,4.4929,0,4.4742,3,5,300000,0
aset-2634,1,0,1,0,859,24,"Lorong Iskandar Muda No. 14, Kel. Aur Kec. Medan Selayang, Kota Medan",3.594079,98.691278,3,0.3713,7,0.9548,6,0.0928,2,1.3566,8,0.9707,1,2.918,1,1.6482,1,1.8065,6,1.2961,35,2,434200000,2
aset-2635,4,2,1,1,479,25,"Jl. Cut Mutia No. 18, Kel. Jati Kec. Medan Denai, Kota Medan",3.539365,98.609333,0,5.0,0,5.0,0,5.0,0,5.0,0,5.0,0,5.0,0,5.0,0,5.0,0,5.0,0,1,500000,0
aset-2636,2,2,0,0,1403,7,"Jl. Iskandar Muda No. 40, Kel. Pasar Merah Kec. Medan Tembung, Kota Medan",3.540111,98.70119,0,5.0,0,4.7082,0,4.7442,0,4.4739,0,4.8549,0,4.3879,0,5.0,0,5.0,0,4.3381,0,1,200000,0
aset-2637,2,0,2,1,3667,17,"Jl. Iskandar Muda No. 50, Kel. Pulo Brayan Kec. Medan Barat, Kota Medan",3.617798,98.623622,0,5.0,0,5.0,0,5.0,0,5.0,0,5.0,0,5.0,0,5.0,0,5.0,0,4.7307,0,3,2200000,0
aset-2638,1,2,0,0,494,11,"Jl. Pemuda No. 14, Kel. Sei Sikambing Kec. Medan Selayang, Kota Medan",3.585648,98.708369,1,2.4869,3,1.5381,1,2.0661,1,1.7532,3,1.7308,0,4.924,0,3.5147,0,3.8178,3,2.8726,12,2,2700000,1
aset-2639,3,2,2,0,3182,16,"Jl. Cut Mutia No. 42, Kel. Pusat Pasar Kec. Medan Tembung, Kota Medan",3.609006,98.617152,0,5.0,0,5.0,0,5.0,0,5.0,0,5.0,0,5.0,0,5.0,0,5.0,0,4.7529,0,4,700000,0
aset-2640,2,0,0,1,2532,24,"Jl. Imam Bonjol No. 5, Kel. Gaharu Kec. Medan Marelan, Kota Medan",3.59873,98.622983,0,5.0,0,5.0,0,5.0,0,5.0,0,4.7867,0,4.6813,0,5.0,0,5.0,0,3.7142,0,5,3600000,0
aset-2641,4,0,0,1,5867,21,"Jl. Sutomo No. 48, Kel. Titi Kuning Kec. Medan Timur, Kota Medan",3.581143,98.705033,1,2.4561,3,1.1175,3,2.0731,1,1.3388,2,1.3513,0,4.7023,0,3.2632,0,3.6266,3,2.3714,13,2,22800000,1
aset-2642,4,0,1,0,1949,12,"Jl. Pemuda No. 50, Kel. Bantan Kec. Medan Labuhan, Kota Medan",3.570444,98.687778,2,2.4253,5,1.5144,6,1.4507,1,1.4096,4,1.5116,1,2.995,1,2.4818,1,2.9785,5,0.6732,26,2,352900000,2
aset-2643,5,0,0,2,1720,16,"Perumahan Balai Kota No. 36, Kel. Sei Sikambing Kec. Medan Sunggal, Kota Medan",3.580656,98.662352,2,2.0084,5,1.7303,6,1.4276,2,1.6748,4,0.9732,2,1.6218,1,1.9293,1,2.0425,7,1.2355,30,2,982300000,2
aset-2644,5,2,0,0,2140,8,"Blok Jamin Ginting No. 8, Kel. Pulo Brayan Kec. Medan Kota, Kota Medan",3.594316,98.67559,3,0.5539,7,0.2615,6,0.7018,2,0.53,8,0.6289,1,1.1777,1,0.5047,1,0.0743,7,0.3731,36,2,82300000,2
aset-2645,6,2,0,1,1009,21,"Lorong Jamin Ginting No. 40, Kel. Titi Kuning Kec. Medan Perjuangan, Kota Medan",3.591324,98.646556,0,3.3484,1,2.8299,1,2.9949,1,2.7191,2,2.0631,1,2.0873,0,3.3818,0,3.1707,2,0.9721,8,1,900000,1
aset-2646,1,2,1,0,1046,27,"Jl. Sisingamangaraja No. 30, Kel. Merdeka Kec. Medan Baru, Kota Medan",3.598849,98.661554,3,2.069,5,1.3293,5,1.1705,1,1.2337,6,1.16,1,0.5739,1,1.9765,1,1.5866,5,0.8958,28,2,19200000,2
aset-2647,2,0,0,1,3411,10,"Lingkungan Yos Sudarso No. 36, Kel. Pandan Selamat Kec. Medan Area, Kota Medan",3.594229,98.670271,3,0.9739,6,0.2355,6,0.7018,2,0.1588,7,0.8248,1,0.5912,1,0.8825,1,0.5254,7,0.2533,34,2,399300000,2
aset-2648,1,2,1,2,567,9,"Jl. Imam Bonjol No. 10, Kel. Kesawan Kec. Medan Polonia, Kota Medan",3.505111,98.670611,0,5.0,0,5.0,0,5.0,0,5.0,0,5.0,0,5.0,0,5.0,0,5.0,0,5.0,0,1,400000,0
aset-2649,6,0,2,1,1380,11,"Lorong Gatot Subroto No. 18, Kel. Sunggal Kec. Medan Deli, Kota Medan",3.575884,98.658358,2,1.4431,3,2.4163,5,1.4564,2,2.3644,2,1.6341,2,2.2497,1,2.5969,1,2.7329,7,1.5052,25,2,87400000,2
aset-2650,6,2,1,1,917,10,"Gang Sudirman No. 16, Kel. Padang Bulan Kec. Medan Baru, Kota Medan",3.563464,98.700683,0,3.8285,1,2.1555,1,2.973,1,2.2305,1,2.3337,0,4.0462,0,3.9515,0,4.4332,2,2.2679,6,1,300000,1
aset-2651,4,2,1,1,24938,8,"Jl. Jamin Ginting No. 30, Kel. Pusat Pasar Kec. Medan Helvetia, Kota Medan",3.574681,98.665823,2,1.6401,5,2.0288,6,0.8876,2,2.1165,4,1.3366,2,2.0792,1,2.1071,1,2.3774,7,1.8625,30,2,87700000,2
aset-2652,4,2,0,0,545,15,"Lingkungan Thamrin No. 1, Kel. Suka Maju Kec. Medan Sunggal, Kota Medan",3.63213,98.598851,0,5.0,0,5.0,0,5.0,0,5.0,0,5.0,0,5.0,0,5.0,0,5.0,0,5.0,0,1,100000,0
aset-2653,1,0,2,0,711,21,"Gang Setiabudi No. 5, Kel. Kesawan Kec. Medan Tembung, Kota Medan",3.585847,98.633648,0,3.6133,0,4.3299,0,4.3504,0,4.2208,0,3.497,0,3.6252,0,4.8332,0,4.6778,1,2.3954,1,3,1100000,0
aset-2654,1,2,1,1,1128,13,"Jl. Sisingamangaraja No. 15, Kel. Gaharu Kec. Medan Marelan, Kota Medan",3.520418,98.685928,0,5.0,0,5.0,0,5.0,0,4.5593,0,5.0,0,4.5879,0,5.0,0,5.0,0,5.0,0,1,700000,0
aset-2655,6,0,0,0,748,12,"Lingkungan Ahmad Yani No. 36, Kel. Gaharu Kec. Medan Polonia, Kota Medan",3.564298,98.709512,0,4.2019,1,2.5433,0,3.7032,1,2.6893,1,2.7717,0,5.0,0,4.6028,0,5.0,0,3.0858,3,3,1000000,1
aset-2656,5,2,1,1,169,17,"Lingkungan Sutomo No. 32, Kel. Pulo Brayan Kec. Medan Johor, Kota Medan",3.554686,98.636944,1,2.3896,0,5.0,0,3.7086,1,2.9695,0,4.9247,0,3.1171,0,5.0,0,5.0,0,4.3097,2,4,400000,0
aset-2657,4,0,0,2,2536,18,"Jl. Yos Sudarso No. 25, Kel. Petisah Tengah Kec. Medan Area, Kota Medan",3.594536,98.683528,3,0.5426,7,0.5624,6,0.7947,2,1.4008,8,0.3244,1,2.0568,1,0.8828,1,0.9483,6,0.6459,35,2,234300000,2
aset-2658,3,2,0,1,104,9,"Jl. Putri Hijau No. 12, Kel. Suka Maju Kec. Medan Maimun, Kota Medan",3.633793,98.693604,1,1.4128,0,3.2614,1,2.6539,0,5.0,2,2.8803,0,5.0,0,5.0,0,4.8827,0,4.9307,4,1,400000,1
aset-2659,6,0,0,0,728,19,"Jl. Gatot Subroto No. 18, Kel. Sunggal Kec. Medan Sunggal, Kota Medan",3.590942,98.684748,3,0.6509,7,0.1805,6,0.6734,2,1.3518,8,0.3283,1,2.2375,1,0.8662,1,1.134,6,0.534,35,2,239400000,2
aset-2660,6,0,0,1,1479,21,"Jl. KH Wahid Hasyim No. 45, Kel. Pulo Brayan Kec. Medan Maimun, Kota Medan",3.584699,98.680475,3,0.6451,7,0.4617,7,0.3421,2,1.3992,7,0.622,1,2.0643,1,0.7044,1,1.1995,7,0.3067,36,2,488100000,2
aset-2661,5,2,0,0,1632,20,"Lorong Putri Hijau No. 6, Kel. Suka Maju Kec. Medan Polonia, Kota Medan",3.622293,98.673307,2,1.3762,1,2.5211,2,0.4853,0,3.2673,3,1.6116,0,3.1718,0,3.6141,0,3.1516,0,3.2007,8,2,3400000,1
aset-2662,1,2,1,1,1551,20,"Jl. Cut Mutia No. 42, Kel. Polonia Kec. Medan Denai, Kota Medan",3.570704,98.690035,2,2.5238,5,1.3716,6,1.5727,1,1.2984,4,1.4063,0,3.2238,1,2.5877,0,3.0813,5,0.8382,24,2,20000000,2
aset-2663,1,0,0,1,3362,9,"Jl. Putri Hijau No. 8, Kel. Sikambing Kec. Medan Kota, Kota Medan",3.511977,98.695003,0,5.0,0,5.0,0,5.0,0,5.0,0,5.0,0,5.0,0,5.0,0,5.0,0,5.0,0,0,11400000,0
aset-2664,3,0,0,1,2082,15,"Jl. Marelan Raya No. 18, Kel. Petisah Tengah Kec. Medan Perjuangan, Kota Medan",3.606274,98.617289,0,5.0,0,5.0,0,5.0,0,5.0,0,5.0,0,5.0,0,5.0,0,5.0,0,4.6047,0,5,3200000,0
aset-2665,3,0,0,1,1040,12,"Jl. Imam Bonjol No. 7, Kel. Merdeka Kec. Medan Denai, Kota Medan",3.607167,98.653806,1,2.7989,3,2.5609,2,2.1587,1,2.4744,1,2.3715,1,1.8367,0,3.2046,1,2.7705,2,2.0244,12,2,3700000,1
aset-2666,5,2,0,1,720,22,"Jl. Diponegoro No. 10, Kel. Pandan Selamat Kec. Medan Barat, Kota Medan",3.589412,98.639416,0,3.5139,0,3.6381,0,3.8134,0,3.5278,1,2.8396,1,2.9065,0,4.1715,0,3.9819,1,1.7301,3,1,500000,1
aset-2667,2,0,0,0,1683,19,"Jl. Thamrin No. 30, Kel. Padang Bulan Kec. Medan Baru, Kota Medan",3.519441,98.707337,0,5.0,0,5.0,0,5.0,0,5.0,0,5.0,0,5.0,0,5.0,0,5.0,0,5.0,0,2,2200000,0
aset-2668,5,2,1,1,1455,23,"Gang Yos Sudarso No. 14, Kel. Aur Kec. Medan Maimun, Kota Medan",3.527066,98.69883,0,5.0,0,5.0,0,5.0,0,4.9779,0,5.0,0,4.9445,0,5.0,0,5.0,0,5.0,0,1,200000,0
aset-2669,6,2,1,1,701,7,"Jl. Veteran No. 15, Kel. Aur Kec. Medan Baru, Kota Medan",3.592454,98.664373,3,1.5278,6,0.8486,6,1.2156,1,0.7379,6,0.3903,1,0.2916,1,1.4276,1,1.1918,7,0.4377,32,2,44900000,2
aset-2670,3,0,0,1,1669,6,"Jl. Katamso No. 2, Kel. Sikambing Kec. Medan Tembung, Kota Medan",3.563199,98.617148,0,4.4006,0,5.0,0,5.0,0,5.0,0,5.0,0,5.0,0,5.0,0,5.0,0,5.0,0,2,1500000,0
aset-2671,6,0,0,0,2930,9,"Jl. Balai Kota No. 45, Kel. Kesawan Kec. Medan Denai, Kota Medan",3.529291,98.676738,0,4.3526,0,5.0,0,4.3037,0,3.1941,0,5.0,0,3.243,0,5.0,0,5.0,0,5.0,0,2,10500000,0
aset-2672,6,0,1,1,1887,10,"Perumahan Yos Sudarso No. 28, Kel. Padang Bulan Kec. Medan Baru, Kota Medan",3.550234,98.703998,0,5.0,0,3.6706,0,4.3218,0,3.7371,0,3.8424,0,4.3753,0,5.0,0,5.0,0,3.5525,0,0,3800000,0
aset-2673,1,2,0,1,3503,11,"Jl. Yos Sudarso No. 7, Kel. Sei Sikambing Kec. Medan Sunggal, Kota Medan",3.586247,98.686025,3,0.989,7,0.3882,7,0.7603,2,0.9067,8,0.2257,1,2.5282,1,1.0851,1,1.4967,6,0.4545,36,2,171600000,2
aset-2674,4,2,0,1,604,23,"Lingkungan Sisingamangaraja No. 25, Kel. Pasar Merah Kec. Medan Barat, Kota Medan",3.597583,98.679585,3,0.8745,7,0.7373,6,0.8944,2,1.0805,8,0.2359,1,1.6439,1,0.8907,1,0.6463,7,0.618,36,2,122900000,2
aset-2675,1,0,0,1,528,7,"Jl. Imam Bonjol No. 7, Kel. Gaharu Kec. Medan Selayang, Kota Medan",3.509431,98.63691,0,5.0,0,5.0,0,5.0,0,5.0,0,5.0,0,5.0,0,5.0,0,5.0,0,5.0,0,0,2600000,0
aset-2676,6,2,0,1,1909,28,"Jl. Teuku Cik Ditiro No. 48, Kel. Kesawan Kec. Medan Marelan, Kota Medan",3.619299,98.678847,3,1.4323,1,1.8868,2,1.1461,0,3.0512,4,1.0613,0,3.1084,0,3.2644,1,2.8454,0,3.0142,11,2,9000000,1
aset-2677,4,0,1,1,3252,13,"Jl. Gatot Subroto No. 34, Kel. Merdeka Kec. Medan Baru, Kota Medan",3.611599,98.651639,0,3.0996,0,3.0631,2,2.5854,1,2.9822,1,2.9177,1,2.3675,0,3.6999,0,3.2482,2,2.5404,7,2,8000000,1
aset-2678,2,2,2,1,1313,27,"Jl. KH Wahid Hasyim No. 34, Kel. Pusat Pasar Kec. Medan Perjuangan, Kota Medan",3.580948,98.628083,0,3.7603,0,5.0,0,4.6936,0,4.9003,0,4.1937,0,4.3848,0,5.0,0,5.0,0,3.1185,0,4,400000,0
aset-2679,4,0,1,1,2609,6,"Lorong Imam Bonjol No. 32, Kel. Pusat Pasar Kec. Medan Sunggal, Kota Medan",3.606418,98.657168,2,2.4233,3,2.2216,2,1.7811,1,2.1407,5,2.1229,1,1.5386,1,2.8595,1,2.4131,4,1.8308,20,2,101600000,1
aset-2680,1,0,1,0,415,21,"Jl. KH Wahid Hasyim No. 45, Kel. Sei Sikambing Kec. Medan Helvetia, Kota Medan",3.541272,98.682547,0,3.7419,0,4.7349,0,3.2849,1,2.5829,0,4.7827,1,2.5444,0,5.0,0,5.0,0,3.7645,2,2,1500000,0
aset-2681,2,0,2,0,692,11,"Blok Sisingamangaraja No. 15, Kel. Padang Bulan Kec. Medan Johor, Kota Medan",3.625518,98.67628,2,0.891,1,2.6262,2,0.5883,0,3.663,3,1.8032,0,3.6169,0,3.9502,0,3.5075,0,3.623,8,2,3100000,1
aset-2682,1,0,1,0,8744,17,"Lorong Iskandar Muda No. 10, Kel. Padang Bulan Kec. Medan Maimun, Kota Medan",3.537474,98.641191,0,3.3252,0,5.0,0,4.4307,0,3.1615,0,5.0,0,3.3504,0,5.0,0,5.0,0,5.0,0,0,13600000,0
aset-2683,4,2,0,0,1258,25,"Jl. Diponegoro No. 24, Kel. Pusat Pasar Kec. Medan Petisah, Kota Medan",3.566873,98.67258,2,1.8035,5,2.6184,5,0.5085,3,1.6564,4,2.0167,1,1.4729,1,2.618,0,3.0283,5,1.554,26,2,30600000,2
aset-2684,6,0,0,1,798,22,"Gang Katamso No. 48, Kel. Sunggal Kec. Medan Denai, Kota Medan",3.549926,98.694264,0,4.4046,0,3.5674,0,3.4785,0,3.4368,0,3.6803,0,3.3172,0,4.8504,0,5.0,0,3.0263,0,0,2400000,0
aset-2685,2,0,0,1,1757,26,"Jl. Balai Kota No. 18, Kel. Merdeka Kec. Medan Area, Kota Medan",3.624758,98.687512,2,1.082,1,2.1977,1,1.8376,0,3.9785,3,1.7931,0,4.1462,0,4.0372,0,3.6913,0,3.7649,7,0,12300000,1
aset-2686,4,2,0,0,1544,17,"Jl. Pemuda No. 15, Kel. Pulo Brayan Kec. Medan Polonia, Kota Medan",3.604754,98.679103,3,0.1391,6,0.9877,7,0.9309,2,1.5864,8,0.5981,1,1.9041,1,1.657,1,1.2795,4,1.3995,33,2,33300000,2
aset-2687,5,2,2,1,1195,24,"Jl. HM Yamin No. 18, Kel. Sikambing Kec. Medan Marelan, Kota Medan",3.546147,98.660946,1,1.9296,0,5.0,1,2.4473,1,1.0202,0,4.4911,1,1.1844,0,5.0,0,5.0,0,4.1054,4,4,100000,1
aset-2688,4,0,2,1,1213,15,"Jl. Gatot Subroto No. 40, Kel. Sunggal Kec. Medan Maimun, Kota Medan",3.636535,98.658206,1,2.5793,0,4.8195,1,1.8407,0,5.0,0,3.8864,0,4.6797,0,5.0,0,5.0,0,4.853,2,3,2500000,0
aset-2689,3,0,2,0,1465,24,"Blok Sudirman No. 5, Kel. Bantan Kec. Medan Labuhan, Kota Medan",3.546011,98.632063,0,3.3325,0,5.0,0,4.621,0,3.6476,0,5.0,0,3.8205,0,5.0,0,5.0,0,5.0,0,3,2600000,0
aset-2690,2,0,0,1,2810,7,"Jl. Setiabudi No. 36, Kel. Jati Kec. Medan Timur, Kota Medan",3.586268,98.675386,3,0.4909,7,0.5482,7,0.3659,2,0.8929,7,0.4013,1,1.5071,1,0.452,1,0.8608,7,0.2043,36,2,556800000,2
aset-2691,2,2,0,0,591,20,"Gang Cut Mutia No. 6, Kel. Pulo Brayan Kec. Medan Timur, Kota Medan",3.553458,98.686967,0,3.5121,0,3.2965,1,2.5881,1,2.5872,0,3.3524,1,2.4543,0,4.2111,0,4.6996,2,2.4304,5,1,700000,1
aset-2692,5,0,1,1,240,10,"Jl. Thamrin No. 20, Kel. Pandan Selamat Kec. Medan Polonia, Kota Medan",3.569534,98.685449,2,2.4145,5,1.745,6,1.4296,2,1.6197,4,1.7159,1,2.7231,1,2.4613,1,2.9573,5,0.6423,27,2,39000000,2
aset-2693,2,2,1,2,302,23,"Jl. Sutomo No. 14, Kel. Pasar Merah Kec. Medan Polonia, Kota Medan",3.541132,98.652955,1,2.4688,0,5.0,0,3.3259,1,1.9405,0,5.0,1,2.126,0,5.0,0,5.0,0,5.0,3,1,300000,1
aset-2694,2,2,2,2,1392,16,"Jl. Yos Sudarso No. 28, Kel. Petisah Tengah Kec. Medan Polonia, Kota Medan",3.522474,98.700534,0,5.0,0,5.0,0,5.0,0,5.0,0,5.0,0,5.0,0,5.0,0,5.0,0,5.0,0,4,300000,0
aset-2695,6,0,0,1,1191,8,"Jl. Cut Mutia No. 36, Kel. Petisah Tengah Kec. Medan Johor, Kota Medan",3.539899,98.63377,0,3.6236,0,5.0,0,4.849,0,3.717,0,5.0,0,3.901,0,5.0,0,5.0,0,5.0,0,0,2600000,0
aset-2696,3,0,1,1,7407,20,"Jl. Sutomo No. 42, Kel. Suka Maju Kec. Medan Sunggal, Kota Medan",3.581596,98.657711,2,2.0703,4,2.0304,6,1.925,1,1.9449,2,1.1541,2,1.6958,1,2.3357,1,2.3629,7,0.8765,26,2,412200000,2
aset-2697,6,0,0,0,2681,27,"Jl. Sudirman No. 18, Kel. Aur Kec. Medan Baru, Kota Medan",3.537832,98.680521,0,3.8422,0,5.0,0,3.5285,1,2.6622,0,5.0,1,2.6549,0,5.0,0,5.0,0,4.1609,2,0,2700000,1
aset-2698,2,0,0,0,1441,9,"Jl. Katamso No. 48, Kel. Jati Kec. Medan Petisah, Kota Medan",3.623682,98.698718,2,2.1729,1,2.3937,0,3.0867,0,4.5935,3,1.7696,0,4.9165,0,4.4537,0,4.2214,0,4.1759,6,2,13000000,1
aset-2699,6,0,0,1,892,9,"Jl. Imam Bonjol No. 42, Kel. Padang Bulan Kec. Medan Marelan, Kota Medan",3.567561,98.721083,0,4.7913,0,3.3101,0,4.4034,0,3.5059,0,3.5582,0,5.0,0,5.0,0,5.0,0,4.2096,0,3,600000,0
aset-2700,6,0,0,1,2226,10,"Jl. Putri Hijau No. 10, Kel. Sei Sikambing Kec. Medan Barat, Kota Medan",3.60414,98.650043,0,3.2201,1,2.7334,1,2.4738,1,2.635,1,2.3641,1,1.9462,0,3.3795,1,2.9903,2,1.771,8,2,6900000,1
aset-2701,6,2,0,1,152,27,"Jl. Jamin Ginting No. 16, Kel. Kesawan Kec. Medan Johor, Kota Medan",3.568708,98.674675,2,2.0829,6,2.3357,5,0.7648,3,1.9598,4,1.8358,1,1.7747,1,2.3816,1,2.8126,6,1.2463,29,2,13100000,2
aset-2702,3,0,1,1,6782,27,"Jl. KH Wahid Hasyim No. 36, Kel. Gaharu Kec. Medan Marelan, Kota Medan",3.556061,98.696445,0,4.2888,1,2.8888,0,3.317,1,2.9096,0,3.0198,0,3.4898,0,4.3473,0,4.8437,2,2.5338,4,0,25800000,1
aset-2703,5,2,0,0,976,27,"Jl. Marelan Raya No. 14, Kel. Pulo Brayan Kec. Medan Perjuangan, Kota Medan",3.506584,98.679931,0,5.0,0,5.0,0,5.0,0,5.0,0,5.0,0,5.0,0,5.0,0,5.0,0,5.0,0,1,300000,0
aset-2704,2,0,0,0,1442,9,"Jl. Putri Hijau No. 42, Kel. Petisah Tengah Kec. Medan Labuhan, Kota Medan",3.513339,98.629597,0,5.0,0,5.0,0,5.0,0,5.0,0,5.0,0,5.0,0,5.0,0,5.0,0,5.0,0,3,900000,0
aset-2705,2,0,0,0,1824,7,"Lorong Sisingamangaraja No. 24, Kel. Kesawan Kec. Medan Barat, Kota Medan",3.594241,98.698547,3,1.1472,7,1.4169,5,0.7271,1,1.4938,6,1.3933,0,3.7239,1,2.4373,1,2.6133,5,2.0051,29,2,155400000,2
aset-2706,4,2,0,1,1224,25,"Gang Cut Mutia No. 42, Kel. Pandan Selamat Kec. Medan Baru, Kota Medan",3.606852,98.692548,3,1.337,7,0.5451,4,1.3748,2,2.7639,6,0.4038,0,3.3291,1,2.5472,1,2.4155,3,2.2781,27,2,20800000,2
aset-2707,6,0,1,2,813,14,"Jl. Jamin Ginting No. 22, Kel. Pulo Brayan Kec. Medan Johor, Kota Medan",3.632693,98.696362,1,1.7065,0,3.2161,1,2.9112,0,5.0,1,2.746,0,5.0,0,5.0,0,4.9123,0,4.9331,3,5,8000000,1
aset-2708,2,0,0,2,1876,22,"Jl. Veteran No. 36, Kel. Bantan Kec. Medan Marelan, Kota Medan",3.585312,98.665969,4,1.4189,5,1.0857,6,1.0346,1,1.021,4,0.424,1,1.0826,1,1.3305,1,1.392,7,0.992,30,2,594600000,2
aset-2709,4,2,0,0,1226,10,"Jl. Marelan Raya No. 14, Kel. Suka Maju Kec. Medan Helvetia, Kota Medan",3.610146,98.61489,0,5.0,0,5.0,0,5.0,0,5.0,0,5.0,0,5.0,0,5.0,0,5.0,0,5.0,0,1,200000,0
aset-2710,2,2,0,1,1811,26,"Jl. Jamin Ginting No. 48, Kel. Sunggal Kec. Medan Petisah, Kota Medan",3.588926,98.659365,3,2.0599,5,1.4736,6,1.8561,1,1.3684,4,0.6255,1,0.9205,1,1.9608,1,1.8246,5,0.4844,27,2,75600000,2
aset-2711,5,0,0,1,4400,14,"Jl. Teuku Cik Ditiro No. 48, Kel. Petisah Tengah Kec. Medan Selayang, Kota Medan",3.586781,98.678759,3,0.3597,7,0.4898,7,0.0739,2,1.1044,7,0.7058,1,1.7795,1,0.4077,1,0.9047,7,0.3348,36,2,646600000,2
aset-2712,3,0,2,1,1587,13,"Jl. Thamrin No. 12, Kel. Pasar Merah Kec. Medan Barat, Kota Medan",3.55379,98.694179,0,4.2729,0,3.1381,0,3.2556,0,3.1395,0,3.2506,0,3.2477,0,4.4549,0,4.9519,2,2.6299,2,3,2200000,0
aset-2713,5,0,0,1,1193,28,"Jl. Sisingamangaraja No. 1, Kel. Gaharu Kec. Medan Petisah, Kota Medan",3.561372,98.716579,0,4.933,0,3.3161,0,4.5442,0,3.4798,0,3.554,0,5.0,0,5.0,0,5.0,0,3.9349,0,2,3400000,0
aset-2714,1,0,0,1,896,25,"Jl. Putri Hijau No. 8, Kel. Suka Maju Kec. Medan Tembung, Kota Medan",3.591785,98.656176,2,2.4199,3,1.7613,5,1.995,1,1.6506,3,1.0271,1,1.0424,1,2.3195,1,2.1035,5,0.3361,22,2,29900000,2
aset-2715,2,0,1,2,1145,14,"Blok HM Yamin No. 34, Kel. Aur Kec. Medan Maimun, Kota Medan",3.542892,98.69308,0,4.6056,0,4.3538,0,3.8644,0,3.5235,0,4.4598,0,3.4404,0,5.0,0,5.0,0,3.7234,0,5,2400000,0
aset-2716,2,0,0,2,660,8,"Jl. Teuku Daud No. 8, Kel. Gaharu Kec. Medan Marelan, Kota Medan",3.515144,98.661213,0,5.0,0,5.0,0,5.0,0,4.4293,0,5.0,0,4.5624,0,5.0,0,5.0,0,5.0,0,5,4200000,0
aset-2717,4,2,2,0,1667,26,"Jl. Teuku Daud No. 8, Kel. Pusat Pasar Kec. Medan Labuhan, Kota Medan",3.600581,98.634546,0,4.854,0,4.2411,0,4.1566,0,4.1324,0,3.6167,0,3.4362,0,4.8561,0,4.5487,1,2.6098,1,4,1100000,0
aset-2718,3,0,2,1,2058,22,"Komplek Putri Hijau No. 45, Kel. Aur Kec. Medan Area, Kota Medan",3.536697,98.652732,1,2.9594,0,5.0,0,3.7716,1,2.3619,0,5.0,1,2.5418,0,5.0,0,5.0,0,5.0,3,3,2200000,1
aset-2719,6,0,1,1,1122,24,"Blok Katamso No. 34, Kel. Kesawan Kec. Medan Deli, Kota Medan",3.595402,98.67732,3,0.6152,7,0.4057,6,0.7359,2,0.7505,8,0.4137,1,1.368,1,0.6017,1,0.301,7,0.3692,36,2,505600000,2
aset-2720,3,2,0,2,3586,11,"Jl. Gatot Subroto No. 50, Kel. Pusat Pasar Kec. Medan Deli, Kota Medan",3.615277,98.716948,0,3.8594,0,3.4097,0,3.606,0,4.5558,1,2.4615,0,5.0,0,5.0,0,5.0,0,4.9929,1,1,300000,0
aset-2721,2,0,0,1,526,26,"Blok Gatot Subroto No. 40, Kel. Pandan Selamat Kec. Medan Maimun, Kota Medan",3.535878,98.681676,0,4.0887,0,5.0,0,3.7789,1,2.9076,0,5.0,1,2.9037,0,5.0,0,5.0,0,4.3683,2,5,1500000,1
aset-2722,2,0,0,1,2089,25,"Jl. Teuku Daud No. 34, Kel. Pandan Selamat Kec. Medan Area, Kota Medan",3.604232,98.678054,3,0.2229,6,1.1071,7,0.8016,2,1.474,8,0.7199,1,1.7755,1,1.5868,1,1.1871,4,1.3379,33,2,1681100000,2
aset-2723,5,0,0,2,1454,26,"Jl. Katamso No. 28, Kel. Pandan Selamat Kec. Medan Labuhan, Kota Medan",3.534443,98.677414,0,3.9137,0,5.0,0,3.7679,1,2.7369,0,5.0,1,2.7648,0,5.0,0,5.0,0,4.5778,2,2,3300000,0
aset-2724,4,0,0,1,1905,14,"Jl. Diponegoro No. 5, Kel. Kesawan Kec. Medan Helvetia, Kota Medan",3.569633,98.689544,2,2.5978,5,1.5026,6,1.6339,1,1.4277,3,1.5351,0,3.1172,1,2.6584,0,3.1538,5,0.8728,23,2,73900000,2
aset-2725,4,0,0,0,336,13,"Jl. Setiabudi No. 20, Kel. Pusat Pasar Kec. Medan Marelan, Kota Medan",3.613706,98.665141,2,1.7606,4,2.4249,2,1.5138,1,2.3924,4,1.8075,1,2.08,1,2.9462,1,2.4492,3,2.214,19,2,12100000,1
aset-2726,3,2,0,1,562,8,"Jl. KH Wahid Hasyim No. 4, Kel. Polonia Kec. Medan Labuhan, Kota Medan",3.632398,98.702216,1,2.3548,0,3.4308,0,3.5364,0,5.0,1,2.7993,0,5.0,0,5.0,0,5.0,0,5.0,2,1,800000,0
aset-2727,2,2,2,1,378,13,"Jl. Marelan Raya No. 6, Kel. Padang Bulan Kec. Medan Area, Kota Medan",3.61964,98.702746,1,2.7771,1,2.3082,0,3.0392,0,4.3229,3,1.4952,0,5.0,0,4.3618,0,4.1963,0,4.0902,5,4,200000,1
aset-2728,3,2,0,1,2296,21,"Jl. Iskandar Muda No. 48, Kel. Suka Maju Kec. Medan Helvetia, Kota Medan",3.584167,98.664338,4,1.6345,5,1.2991,6,1.1903,1,1.2293,4,0.5424,1,1.2068,1,1.5476,1,1.611,7,1.1665,30,2,125600000,2
aset-2729,6,0,2,1,935,18,"Jl. Katamso No. 32, Kel. Sei Sikambing Kec. Medan Sunggal, Kota Medan",3.579836,98.660642,2,1.92,5,1.9317,6,1.6318,2,1.8612,4,1.128,2,1.7542,1,2.1384,1,2.2404,7,1.196,30,2,131700000,2
aset-2730,3,2,2,1,326,28,"Jl. Sisingamangaraja No. 20, Kel. Petisah Tengah Kec. Medan Helvetia, Kota Medan",3.593118,98.639335,0,3.8694,0,3.6251,0,3.7119,0,3.5141,1,2.8848,1,2.8559,0,4.1943,0,3.9592,1,1.7977,3,4,300000,0
aset-2731,1,0,1,2,2679,28,"Jl. Cut Mutia No. 3, Kel. Bantan Kec. Medan Baru, Kota Medan",3.579412,98.679739,3,1.184,7,1.0213,7,0.2807,2,1.4996,5,1.0601,1,2.3833,1,1.216,1,1.7053,7,0.5977,34,2,238900000,2
aset-2732,3,0,0,1,2188,8,"Komplek Imam Bonjol No. 3, Kel. Sei Sikambing Kec. Medan Sunggal, Kota Medan",3.642872,98.691911,1,1.711,0,4.2335,1,2.9841,0,5.0,0,3.8505,0,5.0,0,5.0,0,5.0,0,5.0,2,5,3400000,1
aset-2733,4,2,1,1,1368,23,"Jl. Setiabudi No. 24, Kel. Gaharu Kec. Medan Barat, Kota Medan",3.589777,98.695573,3,1.0347,7,0.8671,6,0.658,2,0.9107,7,0.8059,0,3.4423,1,2.0614,1,2.3309,5,1.5377,32,2,25800000,2
aset-2734,6,0,1,1,2712,28,"Jl. Ahmad Yani No. 2, Kel. Suka Maju Kec. Medan Helvetia, Kota Medan",3.584083,98.697266,2,1.6217,7,0.3419,5,1.2973,1,0.527,6,0.4885,0,3.7809,1,2.3433,1,2.7058,5,1.683,28,2,492700000,2
aset-2735,4,0,0,1,2335,27,"Jl. Veteran No. 18, Kel. Pulo Brayan Kec. Medan Johor, Kota Medan",3.618052,98.681973,3,1.3801,3,1.5981,3,1.5046,0,3.0402,4,0.9018,0,3.1809,0,3.1677,1,2.7842,1,2.905,15,2,67300000,1
aset-2736,5,0,0,1,2014,20,"Jl. Diponegoro No. 30, Kel. Pulo Brayan Kec. Medan Selayang, Kota Medan",3.625703,98.692737,2,1.4788,1,2.3613,1,2.4125,0,4.3638,3,2.0015,0,4.5968,0,4.3372,0,4.0375,0,4.0597,7,2,10100000,1
aset-2737,6,0,1,1,2356,11,"Jl. Imam Bonjol No. 45, Kel. Jati Kec. Medan Perjuangan, Kota Medan",3.579651,98.676142,4,1.1562,6,1.2005,7,0.3933,2,1.5902,5,0.7517,2,2.1075,1,1.1547,1,1.6005,7,0.9285,35,2,771400000,2
aset-2738,5,0,1,1,584,13,"Jl. Cut Mutia No. 45, Kel. Pandan Selamat Kec. Medan Area, Kota Medan",3.554882,98.669293,1,1.6545,0,3.9844,1,1.3551,1,0.6208,0,3.3624,1,0.4924,0,3.9975,0,4.3956,2,2.7716,6,0,7600000,1
aset-2739,6,2,0,1,454,22,"Jl. Sutomo No. 40, Kel. Aur Kec. Medan Baru, Kota Medan",3.61676,98.718602,0,4.1042,0,3.6391,0,3.8525,0,4.797,1,2.6907,0,5.0,0,5.0,0,5.0,0,5.0,1,1,300000,1
aset-2740,4,2,0,0,427,28,"Jl. Katamso No. 25, Kel. Pandan Selamat Kec. Medan Timur, Kota Medan",3.571668,98.667727,2,1.5491,5,2.2595,5,0.52,2,1.9174,3,1.5564,2,1.7683,1,2.2834,1,2.6111,7,1.835,28,2,20100000,2
aset-2741,6,0,0,1,2046,17,"Jl. Putri Hijau No. 32, Kel. Sikambing Kec. Medan Tembung, Kota Medan",3.549967,98.681177,0,3.069,0,3.8782,1,2.3928,1,2.0157,0,3.9004,1,1.9165,0,4.4755,0,4.944,2,2.8109,5,0,9500000,1
aset-2742,5,0,1,0,1844,26,"Jl. Sutomo No. 1, Kel. Sunggal Kec. Medan Timur, Kota Medan",3.566986,98.673022,2,1.854,6,2.5858,5,0.5573,3,1.696,4,2.0063,1,1.5115,1,2.5969,0,3.0118,5,1.5072,27,2,266600000,2
aset-2743,4,0,0,0,239,11,"Jl. Iskandar Muda No. 50, Kel. Kesawan Kec. Medan Polonia, Kota Medan",3.618279,98.62461,0,5.0,0,5.0,0,5.0,0,5.0,0,5.0,0,5.0,0,5.0,0,5.0,0,4.6876,0,0,2900000,0
aset-2744,6,2,0,0,458,6,"Komplek Putri Hijau No. 12, Kel. Pasar Merah Kec. Medan Polonia, Kota Medan",3.580549,98.607297,0,5.0,0,5.0,0,5.0,0,5.0,0,5.0,0,5.0,0,5.0,0,5.0,0,5.0,0,1,100000,0
aset-2745,4,2,0,0,548,9,"Jl. Pemuda No. 32, Kel. Kesawan Kec. Medan Barat, Kota Medan",3.590628,98.711165,1,2.597,1,2.0344,1,2.17,1,2.2326,3,2.1871,0,5.0,0,3.7922,0,4.031,0,3.2617,7,1,1300000,1
aset-2746,1,0,2,1,3526,16,"Jl. Thamrin No. 36, Kel. Pulo Brayan Kec. Medan Polonia, Kota Medan",3.6074,98.615833,0,5.0,0,5.0,0,5.0,0,5.0,0,5.0,0,5.0,0,5.0,0,5.0,0,4.804,0,3,1400000,0
aset-2747,2,2,2,1,495,16,"Jl. Teuku Cik Ditiro No. 12, Kel. Aur Kec. Medan Kota, Kota Medan",3.569592,98.659054,1,0.7745,2,2.9014,4,1.0339,2,1.7131,2,2.236,2,1.6491,0,3.0193,0,3.2401,5,2.2045,18,4,2500000,1
aset-2748,3,0,0,0,1655,22,"Lorong Yos Sudarso No. 3, Kel. Suka Maju Kec. Medan Kota, Kota Medan",3.626182,98.720052,0,4.3817,0,4.2661,0,4.7013,0,5.0,0,3.3484,0,5.0,0,5.0,0,5.0,0,5.0,0,5,4000000,0
aset-2749,5,0,0,1,12700,14,"Jl. Putri Hijau No. 7, Kel. Petisah Tengah Kec. Medan Baru, Kota Medan",3.54725,98.699063,0,5.0,0,3.8902,0,4.0875,0,3.9221,0,4.0317,0,3.9036,0,5.0,0,5.0,0,3.5244,0,0,10500000,0
aset-2750,2,2,0,1,720,20,"Jl. Balai Kota No. 30, Kel. Pasar Merah Kec. Medan Polonia, Kota Medan",3.567531,98.619657,0,4.1528,0,5.0,0,5.0,0,5.0,0,5.0,0,5.0,0,5.0,0,5.0,0,4.5917,0,1,400000,0
aset-2751,6,0,0,2,1258,16,"Jl. Diponegoro No. 4, Kel. Sikambing Kec. Medan Maimun, Kota Medan",3.567977,98.656164,1,0.5579,0,3.236,2,1.318,1,1.6775,2,2.535,1,1.6539,0,3.368,0,3.5697,1,2.3412,8,2,15000000,1
aset-2752,2,0,0,1,2234,12,"Jl. Sisingamangaraja No. 10, Kel. Pasar Merah Kec. Medan Kota, Kota Medan",3.517463,98.698164,0,5.0,0,5.0,0,5.0,0,5.0,0,5.0,0,5.0,0,5.0,0,5.0,0,5.0,0,0,2200000,0
aset-2753,5,2,1,1,795,26,"Jl. Ahmad Yani No. 50, Kel. Gaharu Kec. Medan Helvetia, Kota Medan",3.56385,98.6405,1,1.8115,0,4.7673,0,3.072,1,2.7604,0,3.9004,1,2.8557,0,4.9863,0,5.0,0,3.2265,3,4,500000,0
aset-2754,5,0,0,1,853,16,"Blok Balai Kota No. 30, Kel. Padang Bulan Kec. Medan Tembung, Kota Medan",3.619877,98.687744,3,1.5418,1,1.6545,3,1.9789,0,3.5191,4,1.329,0,3.7446,0,3.5296,0,3.2062,0,3.2547,11,2,7600000,1
aset-2755,6,0,0,0,3181,28,"Jl. Putri Hijau No. 45, Kel. Pusat Pasar Kec. Medan Denai, Kota Medan",3.611286,98.601624,0,5.0,0,5.0,0,5.0,0,5.0,0,5.0,0,5.0,0,5.0,0,5.0,0,5.0,0,0,6500000,0
aset-2756,1,0,0,1,679,9,"Komplek Imam Bonjol No. 4, Kel. Merdeka Kec. Medan Deli, Kota Medan",3.54944,98.684271,0,3.4012,0,3.8112,1,2.6595,1,2.3623,0,3.8554,1,2.2596,0,4.5816,0,5.0,2,2.8535,5,0,2500000,1
aset-2757,5,0,1,1,5490,26,"Jl. Imam Bonjol No. 4, Kel. Pusat Pasar Kec. Medan Baru, Kota Medan",3.596612,98.695344,3,0.7898,7,1.2386,6,0.4392,2,1.6455,7,1.2683,0,3.3722,1,2.1645,1,2.2763,5,1.8263,32,2,536100000,2
aset-2758,1,2,0,1,1647,6,"Jl. Ahmad Yani No. 28, Kel. Polonia Kec. Medan Deli, Kota Medan",3.544163,98.655261,1,2.1016,0,5.0,1,2.9065,1,1.5175,0,4.9062,1,1.7032,0,5.0,0,5.0,0,4.6836,4,1,700000,0
aset-2759,5,2,0,1,1704,13,"Jl. Putri Hijau No. 50, Kel. Titi Kuning Kec. Medan Tembung, Kota Medan",3.574571,98.668777,2,1.8499,5,1.9166,6,0.8463,3,2.064,5,1.2136,2,2.1071,1,1.9432,1,2.2681,7,1.6793,32,2,102300000,2
aset-2760,3,0,2,2,660,10,"Jl. Ahmad Yani No. 4, Kel. Suka Maju Kec. Medan Labuhan, Kota Medan",3.590615,98.680071,3,0.2537,7,0.4361,7,0.2153,2,1.0411,8,0.6076,1,1.7422,1,0.3476,1,0.6771,7,0.2724,37,2,577600000,2
aset-2761,6,2,0,1,775,10,"Jl. Marelan Raya No. 12, Kel. Pandan Selamat Kec. Medan Sunggal, Kota Medan",3.592584,98.661152,2,1.8824,5,1.2047,6,1.4782,1,1.0938,6,0.5841,1,0.5044,1,1.782,1,1.5448,5,0.776,28,2,93400000,2
aset-2762,5,2,0,1,368,24,"Jl. Jamin Ginting No. 25, Kel. Merdeka Kec. Medan Area, Kota Medan",3.588286,98.666196,4,1.3112,5,0.8304,7,1.1402,1,0.7477,6,0.1547,1,0.7583,1,1.214,1,1.1655,7,0.6662,33,2,26500000,2
aset-2763,3,2,0,1,666,6,"Jl. Sutomo No. 20, Kel. Sunggal Kec. Medan Sunggal, Kota Medan",3.503342,98.666289,0,5.0,0,5.0,0,5.0,0,5.0,0,5.0,0,5.0,0,5.0,0,5.0,0,5.0,0,1,500000,0
aset-2764,6,0,1,0,809,23,"Jl. Jamin Ginting No. 8, Kel. Sunggal Kec. Medan Timur, Kota Medan",3.582732,98.64158,1,2.7689,0,3.5637,0,3.4142,0,3.4588,1,2.6909,1,2.9353,0,4.013,0,3.9147,1,1.6443,4,5,2300000,1
aset-2765,6,0,1,0,1249,12,"Lorong HM Yamin No. 34, Kel. Kesawan Kec. Medan Area, Kota Medan",3.551357,98.692506,0,4.1688,0,3.4186,0,3.2284,0,3.2212,0,3.519,0,3.096,0,4.6287,0,5.0,2,2.8076,2,0,2600000,0
aset-2766,3,0,0,1,3089,9,"Blok Balai Kota No. 7, Kel. Polonia Kec. Medan Selayang, Kota Medan",3.602523,98.636267,0,4.758,0,4.1044,0,3.9731,0,3.9973,0,3.5254,0,3.2965,0,4.73,0,4.4016,1,2.5657,1,1,3200000,1
aset-2767,1,2,0,1,1033,23,"Jl. HM Yamin No. 30, Kel. Padang Bulan Kec. Medan Labuhan, Kota Medan",3.578231,98.615355,0,4.9014,0,5.0,0,5.0,0,5.0,0,5.0,0,5.0,0,5.0,0,5.0,0,4.5597,0,1,500000,0
aset-2768,1,0,2,1,3016,19,"Jl. Cut Mutia No. 7, Kel. Bantan Kec. Medan Polonia, Kota Medan",3.513551,98.677213,0,5.0,0,5.0,0,5.0,0,4.8362,0,5.0,0,4.9109,0,5.0,0,5.0,0,5.0,0,3,1200000,0
aset-2769,5,0,1,2,1384,28,"Jl. Marelan Raya No. 16, Kel. Sikambing Kec. Medan Kota, Kota Medan",3.577601,98.631624,0,3.2315,0,4.7969,0,4.2056,0,4.3639,0,3.9149,0,4.1789,0,5.0,0,5.0,1,2.8874,1,3,800000,0
aset-2770,4,2,2,1,326,18,"Jl. Pemuda No. 50, Kel. Titi Kuning Kec. Medan Johor, Kota Medan",3.6163,98.643234,0,4.1311,0,4.1114,0,3.2646,0,4.0258,0,3.8794,0,3.3829,0,4.7533,0,4.31,0,3.3045,0,4,300000,0
aset-2771,3,2,0,1,1003,8,"Lorong Teuku Cik Ditiro No. 40, Kel. Kesawan Kec. Medan Labuhan, Kota Medan",3.576562,98.672955,3,1.5814,6,1.6096,7,0.751,3,1.8406,5,0.9442,2,2.2322,1,1.5602,1,1.9522,7,1.2255,35,2,55200000,2
aset-2772,6,0,1,0,1089,17,"Jl. Pemuda No. 15, Kel. Pusat Pasar Kec. Medan Perjuangan, Kota Medan",3.546487,98.698853,0,5.0,0,3.972,0,4.1142,0,4.0019,0,4.1117,0,3.9031,0,5.0,0,5.0,0,3.5884,0,5,4000000,1
aset-2773,6,2,1,1,930,26,"Jl. Gatot Subroto No. 1, Kel. Sikambing Kec. Medan Selayang, Kota Medan",3.580163,98.689995,2,1.7244,7,0.5918,6,1.0109,2,0.3911,5,0.4591,0,3.2273,1,1.81,1,2.2663,6,0.7672,30,2,77200000,2
aset-2774,4,2,1,1,441,15,"Jl. Pemuda No. 4, Kel. Gaharu Kec. Medan Perjuangan, Kota Medan",3.573684,98.661128,2,1.2814,4,2.3975,5,1.0649,2,2.1081,2,1.7433,2,2.0128,1,2.5287,1,2.7337,7,1.8338,26,2,24200000,2
aset-2775,2,2,2,2,521,7,"Jl. Iskandar Muda No. 20, Kel. Pulo Brayan Kec. Medan Johor, Kota Medan",3.628121,98.670853,2,1.2058,0,3.1985,1,0.2364,0,3.9053,2,2.3083,0,3.7397,0,4.2934,0,3.8219,0,3.8073,5,4,200000,1
aset-2776,4,0,0,0,1105,17,"Jl. Balai Kota No. 30, Kel. Padang Bulan Kec. Medan Denai, Kota Medan",3.575881,98.659586,2,1.4652,4,2.3206,5,1.3591,2,2.2865,2,1.5777,2,2.2093,1,2.4899,1,2.643,7,1.545,26,2,25000000,2
aset-2777,3,0,0,1,2453,11,"Jl. HM Yamin No. 24, Kel. Sunggal Kec. Medan Helvetia, Kota Medan",3.550223,98.694145,0,4.3813,0,3.5347,0,3.4495,0,3.4186,0,3.6469,0,3.2977,0,4.8149,0,5.0,1,2.9908,1,3,1900000,1
aset-2778,1,0,1,1,344,22,"Komplek Cut Mutia No. 28, Kel. Titi Kuning Kec. Medan Timur, Kota Medan",3.628487,98.692475,2,1.3319,1,2.6584,1,2.3991,0,4.6098,3,2.3114,0,4.8126,0,4.6113,0,4.2972,0,4.3348,7,2,2600000,1
aset-2779,1,2,2,1,1509,19,"Jl. Gatot Subroto No. 40, Kel. Kesawan Kec. Medan Labuhan, Kota Medan",3.603411,98.674726,3,0.5548,6,1.1965,7,0.4596,1,1.2293,7,1.0107,1,1.4282,1,1.5125,1,1.0469,5,1.2854,32,2,200600000,2
aset-2780,4,2,1,1,702,19,"Blok Pemuda No. 4, Kel. Bantan Kec. Medan Johor, Kota Medan",3.619739,98.679917,3,1.3686,1,1.8683,2,1.2099,0,3.1336,4,1.0896,0,3.2106,0,3.3227,1,2.9136,0,3.0682,11,2,4800000,1
aset-2781,4,0,0,0,1653,13,"Jl. Teuku Daud No. 45, Kel. Padang Bulan Kec. Medan Johor, Kota Medan",3.584535,98.667054,4,1.3434,5,1.054,7,0.8982,2,1.0381,5,0.5463,1,1.1857,1,1.26,1,1.373,7,1.0577,33,2,409100000,2
aset-2782,4,0,0,1,488,10,"Komplek Teuku Daud No. 20, Kel. Pandan Selamat Kec. Medan Maimun, Kota Medan",3.59666,98.691374,3,0.3609,7,1.0001,6,0.2501,2,1.6401,7,1.1536,1,2.9327,1,1.7587,1,1.8411,6,1.4954,34,2,206000000,2
aset-2783,6,0,0,0,4721,13,"Jl. Balai Kota No. 28, Kel. Titi Kuning Kec. Medan Deli, Kota Medan",3.5735,98.627895,0,3.4137,0,5.0,0,4.5091,0,4.4797,0,4.464,0,4.5545,0,5.0,0,5.0,0,3.4669,0,0,2700000,0
aset-2784,6,0,1,1,676,23,"Jl. Teuku Daud No. 34, Kel. Kesawan Kec. Medan Kota, Kota Medan",3.526067,98.689051,0,5.0,0,5.0,0,5.0,0,4.2655,0,5.0,0,4.2665,0,5.0,0,5.0,0,5.0,0,5,2700000,0
aset-2785,5,2,0,1,741,17,"Jl. Sisingamangaraja No. 2, Kel. Bantan Kec. Medan Johor, Kota Medan",3.518409,98.631507,0,5.0,0,5.0,0,5.0,0,5.0,0,5.0,0,5.0,0,5.0,0,5.0,0,5.0,0,1,300000,1
aset-2786,4,2,1,0,886,21,"Jl. Yos Sudarso No. 24, Kel. Gaharu Kec. Medan Sunggal, Kota Medan",3.636441,98.716889,0,4.0131,0,4.7434,0,5.0,0,5.0,0,3.9211,0,5.0,0,5.0,0,5.0,0,5.0,0,1,500000,0
aset-2787,3,0,1,1,1068,17,"Jl. Diponegoro No. 2, Kel. Gaharu Kec. Medan Perjuangan, Kota Medan",3.586446,98.70955,1,2.5686,3,1.6887,1,2.1437,1,1.9021,3,1.8762,0,5.0,0,3.6339,0,3.9252,0,3.027,9,2,18300000,1
aset-2788,6,0,0,1,2017,21,"Komplek Marelan Raya No. 7, Kel. Aur Kec. Medan Baru, Kota Medan",3.539995,98.715095,0,5.0,0,5.0,0,5.0,0,5.0,0,5.0,0,5.0,0,5.0,0,5.0,0,5.0,0,3,200000,0
aset-2789,3,2,1,1,826,21,"Komplek Pemuda No. 18, Kel. Jati Kec. Medan Selayang, Kota Medan",3.585049,98.691868,3,1.2382,7,0.4856,6,1.051,2,0.3616,6,0.2602,0,3.1804,1,1.7394,1,2.1201,6,1.1164,32,2,69000000,2
aset-2790,1,2,1,1,509,22,"Jl. Sutomo No. 50, Kel. Pandan Selamat Kec. Medan Denai, Kota Medan",3.520318,98.63856,0,5.0,0,5.0,0,5.0,0,4.7509,0,5.0,0,4.9348,0,5.0,0,5.0,0,5.0,0,1,100000,0
aset-2791,4,2,0,1,1120,25,"Jl. Diponegoro No. 6, Kel. Padang Bulan Kec. Medan Maimun, Kota Medan",3.628471,98.69854,1,1.9856,1,2.86,0,3.0685,0,4.9897,3,2.2937,0,5.0,0,4.9004,0,4.6386,0,4.6218,5,2,500000,1
aset-2792,6,0,2,1,2845,10,"Jl. Putri Hijau No. 34, Kel. Titi Kuning Kec. Medan Selayang, Kota Medan",3.564781,98.663364,1,0.7549,0,3.1453,3,0.5706,1,1.0994,2,2.444,1,0.9932,0,3.1865,0,3.4962,4,2.5516,12,5,7300000,1
aset-2793,2,0,0,1,1296,9,"Jl. Diponegoro No. 45, Kel. Suka Maju Kec. Medan Johor, Kota Medan",3.61906,98.669197,2,1.8145,2,2.6074,2,0.7972,1,2.9046,3,1.6525,1,2.7156,0,3.3453,1,2.86,1,2.7897,13,2,10000000,1
aset-2794,3,2,1,1,1295,28,"Jl. Yos Sudarso No. 42, Kel. Pandan Selamat Kec. Medan Baru, Kota Medan",3.529649,98.630924,0,4.6904,0,5.0,0,5.0,0,4.5952,0,5.0,0,4.7841,0,5.0,0,5.0,0,5.0,0,1,800000,0
aset-2795,2,2,0,1,837,28,"Jl. Sudirman No. 7, Kel. Pasar Merah Kec. Medan Johor, Kota Medan",3.509834,98.630718,0,5.0,0,5.0,0,5.0,0,5.0,0,5.0,0,5.0,0,5.0,0,5.0,0,5.0,0,1,700000,1
aset-2796,3,2,1,2,1458,15,"Komplek Iskandar Muda No. 6, Kel. Petisah Tengah Kec. Medan Labuhan, Kota Medan",3.497611,98.660525,0,5.0,0,5.0,0,5.0,0,5.0,0,5.0,0,5.0,0,5.0,0,5.0,0,5.0,0,1,100000,0
aset-2797,1,2,0,2,206,7,"Komplek Ahmad Yani No. 7, Kel. Polonia Kec. Medan Selayang, Kota Medan",3.581497,98.647741,1,2.2893,1,2.9806,1,2.7665,1,2.8808,2,2.0892,1,2.4338,0,3.382,0,3.3293,2,1.1598,9,1,400000,1
aset-2798,6,0,0,1,2233,18,"Jl. Ahmad Yani No. 48, Kel. Polonia Kec. Medan Area, Kota Medan",3.583443,98.70347,2,2.1591,4,0.9536,4,1.7697,1,1.173,4,1.163,0,4.4585,0,3.0267,0,3.3705,4,2.2775,19,2,109400000,1
aset-2799,1,0,0,1,386,8,"Jl. Marelan Raya No. 22, Kel. Bantan Kec. Medan Timur, Kota Medan",3.541556,98.674666,0,3.1012,0,5.0,1,2.9244,1,1.9191,0,4.8398,1,1.9314,0,5.0,0,5.0,0,3.8682,3,5,2300000,0
aset-2800,3,0,1,1,2915,18,"Lorong Teuku Daud No. 16, Kel. Pandan Selamat Kec. Medan Polonia, Kota Medan",3.587279,98.671609,3,0.7566,7,0.4916,7,0.6066,2,0.6398,7,0.2571,1,1.1292,1,0.6704,1,0.8368,7,0.4939,36,2,393800000,2
aset-2801,1,0,2,1,1461,11,"Jl. Marelan Raya No. 4, Kel. Sikambing Kec. Medan Maimun, Kota Medan",3.593222,98.669309,3,1.0225,6,0.2997,7,0.8418,2,0.1893,7,0.6701,1,0.5174,1,0.9257,1,0.6375,7,0.169,35,2,152900000,2
aset-2802,5,0,1,0,18630,8,"Jl. Gatot Subroto No. 1, Kel. Polonia Kec. Medan Area, Kota Medan",3.524032,98.630382,0,5.0,0,5.0,0,5.0,0,5.0,0,5.0,0,5.0,0,5.0,0,5.0,0,5.0,0,2,7700000,0
aset-2803,4,2,1,1,677,22,"Jl. Sutomo No. 22, Kel. Petisah Tengah Kec. Medan Barat, Kota Medan",3.524425,98.682091,0,5.0,0,5.0,0,4.9857,0,3.9559,0,5.0,0,3.9906,0,5.0,0,5.0,0,5.0,0,1,200000,0
aset-2804,3,0,1,1,2789,23,"Jl. Putri Hijau No. 10, Kel. Suka Maju Kec. Medan Area, Kota Medan",3.586265,98.660319,2,1.9925,5,1.4971,6,1.6692,1,1.4021,4,0.602,1,1.1015,1,1.8972,1,1.8423,7,0.664,28,2,163900000,2
aset-2805,5,0,0,1,4552,21,"Jl. Imam Bonjol No. 25, Kel. Pasar Merah Kec. Medan Johor, Kota Medan",3.59492,98.664814,3,1.5559,6,0.8256,5,0.9969,1,0.719,6,0.6586,1,0.0225,1,1.4589,1,1.135,6,0.3681,30,2,101700000,2
aset-2806,4,2,2,0,1025,19,"Jl. Imam Bonjol No. 20, Kel. Sei Sikambing Kec. Medan Sunggal, Kota Medan",3.587777,98.696141,3,1.2305,7,0.6547,5,0.8776,2,0.7308,7,0.6353,0,3.5481,1,2.1386,1,2.4461,5,1.5717,31,2,58700000,2
aset-2807,4,0,0,1,2891,6,"Jl. Ahmad Yani No. 4, Kel. Polonia Kec. Medan Barat, Kota Medan",3.588073,98.66919,3,0.9877,7,0.6252,7,0.8567,2,0.5836,7,0.4626,1,0.8998,1,0.8928,1,0.922,7,0.6722,36,2,1715100000,2
aset-2808,6,0,0,1,336,22,"Jl. Sutomo No. 36, Kel. Bantan Kec. Medan Sunggal, Kota Medan",3.565038,98.625566,0,3.4737,0,5.0,0,4.7143,0,4.3797,0,5.0,0,4.4903,0,5.0,0,5.0,0,4.2154,0,0,2100000,0
aset-2809,6,2,1,1,2566,25,"Jl. Diponegoro No. 7, Kel. Titi Kuning Kec. Medan Perjuangan, Kota Medan",3.617242,98.707219,0,3.1936,1,2.5302,0,3.0409,0,4.2245,2,1.6144,0,5.0,0,4.5191,0,4.4117,0,4.2573,3,2,1000000,0
aset-2810,4,0,1,0,3164,24,"Jl. Sisingamangaraja No. 18, Kel. Kesawan Kec. Medan Helvetia, Kota Medan",3.527412,98.707267,0,5.0,0,5.0,0,5.0,0,5.0,0,5.0,0,5.0,0,5.0,0,5.0,0,5.0,0,2,7700000,0
aset-2811,2,0,0,0,6631,28,"Jl. Jamin Ginting No. 4, Kel. Titi Kuning Kec. Medan Petisah, Kota Medan",3.606294,98.656033,1,2.549,3,2.3076,2,1.8932,1,2.2236,4,2.1653,1,1.6023,1,2.9491,1,2.5099,3,1.906,17,2,27700000,1
aset-2812,3,2,2,1,550,25,"Lingkungan Balai Kota No. 5, Kel. Bantan Kec. Medan Area, Kota Medan",3.623758,98.634534,0,5.0,0,5.0,0,4.0544,0,5.0,0,5.0,0,4.6537,0,5.0,0,5.0,0,4.4829,0,4,400000,0
aset-2813,1,0,0,1,3516,23,"Komplek Iskandar Muda No. 30, Kel. Padang Bulan Kec. Medan Deli, Kota Medan",3.51668,98.624751,0,5.0,0,5.0,0,5.0,0,5.0,0,5.0,0,5.0,0,5.0,0,5.0,0,5.0,0,2,6000000,1
aset-2814,5,2,2,1,1000,17,"Komplek Yos Sudarso No. 2, Kel. Gaharu Kec. Medan Timur, Kota Medan",3.594883,98.624365,0,5.0,0,5.0,0,5.0,0,5.0,0,4.5567,0,4.5095,0,5.0,0,5.0,0,3.4621,0,4,100000,0
aset-2815,5,0,1,1,1487,23,"Perumahan Ahmad Yani No. 28, Kel. Sei Sikambing Kec. Medan Helvetia, Kota Medan",3.585093,98.654586,2,2.4689,3,2.1231,6,2.2774,1,2.0226,2,1.2346,1,1.5966,1,2.5465,1,2.4725,4,0.4368,21,2,97600000,1
aset-2816,4,2,0,1,2558,17,"Perumahan Marelan Raya No. 25, Kel. Pasar Merah Kec. Medan Timur, Kota Medan",3.612879,98.633001,0,5.0,0,4.8598,0,4.4621,0,4.7612,0,4.434,0,4.0697,0,5.0,0,5.0,0,3.607,0,1,400000,0
aset-2817,6,2,0,1,1285,22,"Jl. Sudirman No. 32, Kel. Sei Sikambing Kec. Medan Johor, Kota Medan",3.514232,98.701192,0,5.0,0,5.0,0,5.0,0,5.0,0,5.0,0,5.0,0,5.0,0,5.0,0,5.0,0,1,100000,0
aset-2818,5,2,0,1,855,25,"Jl. Ahmad Yani No. 48, Kel. Jati Kec. Medan Maimun, Kota Medan",3.586791,98.691292,3,1.0343,7,0.6731,6,0.8608,2,0.5654,8,0.4622,0,3.0573,1,1.6258,1,1.9778,6,1.0315,34,2,129700000,2
aset-2819,6,0,2,1,1629,11,"Jl. Diponegoro No. 14, Kel. Gaharu Kec. Medan Baru, Kota Medan",3.588883,98.700817,2,1.5772,6,1.0012,5,1.1609,1,1.1568,5,1.0865,0,4.0326,1,2.6461,1,2.921,5,2.0987,26,2,62700000,2
aset-2820,1,0,0,1,1690,25,"Jl. Cut Mutia No. 14, Kel. Aur Kec. Medan Denai, Kota Medan",3.540358,98.68105,0,3.6854,0,4.8823,0,3.2975,1,2.5145,0,4.9235,1,2.4896,0,5.0,0,5.0,0,3.8761,2,2,1500000,0
aset-2821,4,2,1,1,399,8,"Blok Putri Hijau No. 50, Kel. Pusat Pasar Kec. Medan Denai, Kota Medan",3.58392,98.691371,3,1.3427,7,0.4559,6,1.1785,2,0.2798,7,0.2078,0,3.1753,1,1.7322,1,2.1347,6,1.0949,33,2,41500000,2
aset-2822,3,0,2,0,2658,10,"Komplek Sisingamangaraja No. 12, Kel. Pasar Merah Kec. Medan Sunggal, Kota Medan",3.577486,98.647376,1,1.9205,0,3.2317,1,2.5687,0,3.0967,2,2.3376,1,2.7601,0,3.57,0,3.5735,2,1.5346,7,3,3300000,1
aset-2823,5,0,1,1,5187,25,"Jl. Veteran No. 2, Kel. Sei Sikambing Kec. Medan Denai, Kota Medan",3.594653,98.709052,1,2.3054,4,2.1003,1,1.8925,1,2.27,3,2.0738,0,4.8889,0,3.5945,0,3.7797,0,3.1204,10,2,47900000,1
aset-2824,6,2,0,1,1468,9,"Jl. Setiabudi No. 24, Kel. Kesawan Kec. Medan Polonia, Kota Medan",3.59966,98.666369,3,1.5691,6,0.969,7,0.629,1,0.9014,6,1.195,1,0.5399,1,1.5955,1,1.1461,5,0.6548,31,2,92300000,2
aset-2825,1,2,1,1,1861,10,"Jl. Jamin Ginting No. 42, Kel. Jati Kec. Medan Kota, Kota Medan",3.622095,98.671294,2,1.5405,1,2.6553,2,0.4354,0,3.2354,2,1.7231,0,3.0928,0,3.6246,0,3.151,0,3.1454,7,2,6800000,1
aset-2826,2,2,0,1,962,10,"Komplek Cut Mutia No. 28, Kel. Polonia Kec. Medan Barat, Kota Medan",3.557412,98.619763,0,4.1571,0,5.0,0,5.0,0,4.8841,0,5.0,0,5.0,0,5.0,0,5.0,0,5.0,0,1,500000,0
aset-2827,6,0,0,1,1941,14,"Jl. Sisingamangaraja No. 8, Kel. Bantan Kec. Medan Denai, Kota Medan",3.581303,98.699839,2,2.0413,5,0.5425,5,1.7059,1,0.7629,4,0.782,0,4.1554,1,2.7128,0,3.097,5,1.8192,23,2,73400000,2
aset-2828,5,0,1,2,2855,22,"Lingkungan Imam Bonjol No. 2, Kel. Jati Kec. Medan Petisah, Kota Medan",3.556006,98.632415,1,2.8157,0,5.0,0,4.134,0,3.4742,0,5.0,0,3.6163,0,5.0,0,5.0,0,4.4431,1,0,4000000,0
aset-2829,3,2,0,1,370,17,"Jl. Gatot Subroto No. 30, Kel. Titi Kuning Kec. Medan Denai, Kota Medan",3.598944,98.643732,0,3.9229,0,3.2059,0,3.1407,0,3.0974,1,2.6064,1,2.4006,0,3.8236,0,3.5133,2,1.6692,4,1,600000,1
aset-2830,4,2,0,1,1505,21,"Jl. Teuku Cik Ditiro No. 20, Kel. Petisah Tengah Kec. Medan Perjuangan, Kota Medan",3.567684,98.609378,0,5.0,0,5.0,0,5.0,0,5.0,0,5.0,0,5.0,0,5.0,0,5.0,0,5.0,0,1,600000,0
aset-2831,1,2,1,1,2727,18,"Jl. KH Wahid Hasyim No. 22, Kel. Pasar Merah Kec. Medan Area, Kota Medan",3.558398,98.693045,0,3.8853,1,2.6334,2,2.9057,1,2.6245,1,2.7356,0,3.1239,0,3.9394,0,4.4365,2,2.1164,7,1,2100000,1
aset-2832,2,2,0,0,2209,10,"Jl. Cut Mutia No. 25, Kel. Gaharu Kec. Medan Timur, Kota Medan",3.568499,98.673193,2,1.9193,6,2.4262,5,0.5999,3,1.8429,4,1.8396,1,1.6608,1,2.4279,1,2.8427,6,1.3967,29,2,68200000,2
aset-2833,5,2,0,2,747,21,"Perumahan Katamso No. 24, Kel. Aur Kec. Medan Kota, Kota Medan",3.584293,98.662949,3,1.7725,5,1.3951,6,1.345,1,1.3174,4,0.5707,1,1.2121,1,1.6835,1,1.7186,7,1.0258,29,2,29800000,2
aset-2834,4,0,2,2,901,7,"Jl. Jamin Ginting No. 25, Kel. Padang Bulan Kec. Medan Perjuangan, Kota Medan",3.583244,98.702035,2,2.0521,4,0.7929,4,1.6753,1,1.0122,4,1.0031,0,4.3129,1,2.8781,0,3.2299,5,2.1206,21,2,55800000,2
aset-2835,4,0,1,1,1245,23,"Jl. Katamso No. 22, Kel. Aur Kec. Medan Maimun, Kota Medan",3.597522,98.687243,3,0.2439,7,0.8357,6,0.6259,2,1.8405,8,0.7132,1,2.4843,1,1.4113,1,1.414,6,1.165,35,2,281800000,2
aset-2836,5,2,2,0,3294,9,"Jl. Katamso No. 4, Kel. Pusat Pasar Kec. Medan Baru, Kota Medan",3.589395,98.705114,1,1.9894,4,1.3913,4,1.5621,1,1.5759,4,1.5208,0,4.4951,0,3.1207,0,3.3809,3,2.5789,17,2,31100000,1
aset-2837,4,2,2,1,441,19,"Jl. Marelan Raya No. 32, Kel. Jati Kec. Medan Timur, Kota Medan",3.574114,98.669929,2,1.9106,6,1.9312,6,0.8195,3,2.1033,5,1.232,2,2.0872,1,1.9329,1,2.2817,7,1.5544,33,2,36400000,2
aset-2838,4,2,0,1,1126,25,"Blok Balai Kota No. 4, Kel. Pulo Brayan Kec. Medan Area, Kota Medan",3.596905,98.670207,3,1.1557,6,0.4777,6,0.4268,1,0.443,7,1.0519,1,0.6154,1,1.0761,1,0.6224,7,0.4053,33,2,211800000,2
aset-2839,3,0,0,1,2900,18,"Jl. Iskandar Muda No. 25, Kel. Padang Bulan Kec. Medan Perjuangan, Kota Medan",3.606625,98.626755,0,5.0,0,5.0,0,5.0,0,5.0,0,4.6749,0,4.4367,0,5.0,0,5.0,0,3.6967,0,0,2500000,0
aset-2840,3,0,0,0,2532,19,"Jl. Ahmad Yani No. 7, Kel. Pasar Merah Kec. Medan Deli, Kota Medan",3.587732,98.701399,2,1.6967,5,0.9542,5,1.2863,1,1.1292,5,1.0704,0,4.1195,1,2.7195,0,3.0115,5,2.1544,24,2,256700000,2
aset-2841,4,2,0,0,1597,18,"Jl. Sudirman No. 25, Kel. Titi Kuning Kec. Medan Sunggal, Kota Medan",3.561167,98.630415,1,2.9353,0,5.0,0,4.2213,0,3.7591,0,4.9305,0,3.881,0,5.0,0,5.0,0,4.1258,1,1,100000,0
aset-2842,6,0,1,1,3137,6,"Jl. Setiabudi No. 28, Kel. Bantan Kec. Medan Maimun, Kota Medan",3.581445,98.67559,4,0.9745,7,1.0771,7,0.1849,2,1.3822,6,0.5612,1,1.9113,1,0.9641,1,1.3976,7,0.7304,36,2,955800000,2
aset-2843,3,0,0,1,2980,16,"Jl. Teuku Cik Ditiro No. 34, Kel. Pasar Merah Kec. Medan Maimun, Kota Medan",3.519067,98.669935,0,5.0,0,5.0,0,5.0,0,4.0441,0,5.0,0,4.1431,0,5.0,0,5.0,0,5.0,0,2,4700000,0
aset-2844,5,2,2,0,953,19,"Jl. Cut Mutia No. 30, Kel. Pasar Merah Kec. Medan Selayang, Kota Medan",3.621137,98.6011,0,5.0,0,5.0,0,5.0,0,5.0,0,5.0,0,5.0,0,5.0,0,5.0,0,5.0,0,4,600000,0
aset-2845,2,0,0,2,3990,9,"Lorong HM Yamin No. 8, Kel. Pandan Selamat Kec. Medan Barat, Kota Medan",3.538125,98.702578,0,5.0,0,4.9507,0,5.0,0,4.7007,0,5.0,0,4.6199,0,5.0,0,5.0,0,4.6044,0,0,4600000,0
aset-2846,6,0,1,0,490,8,"Jl. Imam Bonjol No. 12, Kel. Kesawan Kec. Medan Selayang, Kota Medan",3.567036,98.694963,0,3.1701,3,1.6639,4,2.2414,1,1.6781,2,1.7884,0,3.5445,0,3.2395,0,3.728,3,1.5204,13,2,5600000,1
aset-2847,3,0,1,1,1131,12,"Lorong KH Wahid Hasyim No. 18, Kel. Titi Kuning Kec. Medan Baru, Kota Medan",3.566256,98.675298,2,2.0846,6,2.5645,5,0.8142,2,1.8031,4,2.1162,1,1.6145,1,2.647,0,3.0852,5,1.3705,26,2,369400000,2
aset-2848,5,0,0,0,3752,10,"Jl. Katamso No. 2, Kel. Sei Sikambing Kec. Medan Selayang, Kota Medan",3.526582,98.699033,0,5.0,0,5.0,0,5.0,0,5.0,0,5.0,0,4.9967,0,5.0,0,5.0,0,5.0,0,5,4000000,0
aset-2849,3,0,0,0,499,9,"Komplek Veteran No. 6, Kel. Jati Kec. Medan Timur, Kota Medan",3.582841,98.690175,3,1.4339,7,0.5436,6,1.0275,2,0.3272,7,0.314,0,3.1038,1,1.6648,1,2.0918,6,0.9761,33,2,255900000,2
aset-2850,4,2,0,0,876,25,"Jl. Jamin Ginting No. 14, Kel. Petisah Tengah Kec. Medan Sunggal, Kota Medan",3.631307,98.71652,0,3.9425,0,4.3098,0,4.9148,0,5.0,0,3.45,0,5.0,0,5.0,0,5.0,0,5.0,0,1,500000,0
aset-2851,2,0,0,0,878,17,"Blok HM Yamin No. 20, Kel. Pasar Merah Kec. Medan Denai, Kota Medan",3.527616,98.623714,0,5.0,0,5.0,0,5.0,0,5.0,0,5.0,0,5.0,0,5.0,0,5.0,0,5.0,0,5,2500000,0
aset-2852,6,0,0,1,1599,7,"Jl. Thamrin No. 20, Kel. Sei Sikambing Kec. Medan Johor, Kota Medan",3.551978,98.70771,0,5.0,0,3.6241,0,4.4313,0,3.7161,0,3.8163,0,4.7611,0,5.0,0,5.0,0,3.6869,0,3,700000,0
aset-2853,6,0,0,2,1485,8,"Jl. Teuku Daud No. 32, Kel. Padang Bulan Kec. Medan Selayang, Kota Medan",3.569739,98.70639,0,3.5071,1,1.8592,0,3.1111,1,2.0167,1,2.0934,0,4.8408,0,3.9641,0,4.406,2,2.5661,5,2,3600000,1
aset-2854,1,0,0,1,3484,11,"Lingkungan Sudirman No. 30, Kel. Pasar Merah Kec. Medan Denai, Kota Medan",3.62999,98.666622,1,1.6111,0,3.6537,1,0.6579,0,4.1417,1,2.7362,0,3.8949,0,4.5934,0,4.1085,0,4.0048,3,0,2000000,1
aset-2855,2,2,0,1,537,11,"Blok Putri Hijau No. 34, Kel. Sunggal Kec. Medan Barat, Kota Medan",3.575238,98.675976,3,1.6443,6,1.6191,7,0.8699,3,2.0334,5,1.1718,2,2.4616,1,1.6454,1,2.0891,7,0.8795,35,2,42800000,2
aset-2856,4,0,0,1,454,13,"Lingkungan Thamrin No. 45, Kel. Pulo Brayan Kec. Medan Polonia, Kota Medan",3.516579,98.632922,0,5.0,0,5.0,0,5.0,0,5.0,0,5.0,0,5.0,0,5.0,0,5.0,0,5.0,0,3,400000,0
aset-2857,5,0,0,1,420,16,"Jl. HM Yamin No. 24, Kel. Merdeka Kec. Medan Kota, Kota Medan",3.520629,98.606049,0,5.0,0,5.0,0,5.0,0,5.0,0,5.0,0,5.0,0,5.0,0,5.0,0,5.0,0,2,700000,0
aset-2858,3,0,0,1,875,13,"Jl. Pemuda No. 12, Kel. Bantan Kec. Medan Petisah, Kota Medan",3.586975,98.640097,0,3.247,0,3.6033,0,3.8108,0,3.4943,1,2.7728,1,2.9041,0,4.1091,0,3.9513,1,1.6691,3,3,1000000,1
aset-2859,6,2,1,1,428,16,"Jl. Gatot Subroto No. 48, Kel. Pulo Brayan Kec. Medan Area, Kota Medan",3.529241,98.710504,0,5.0,0,5.0,0,5.0,0,5.0,0,5.0,0,5.0,0,5.0,0,5.0,0,5.0,0,1,200000,0
aset-2860,2,2,1,2,2284,13,"Perumahan Diponegoro No. 18, Kel. Polonia Kec. Medan Barat, Kota Medan",3.540416,98.675952,0,3.29,0,5.0,0,3.085,1,2.1078,0,4.9769,1,2.1167,0,5.0,0,5.0,0,3.9563,2,1,600000,1
aset-2861,3,0,0,2,323,14,"Jl. Iskandar Muda No. 45, Kel. Pusat Pasar Kec. Medan Maimun, Kota Medan",3.61341,98.719734,0,4.0113,0,3.6437,0,3.7275,0,4.5827,1,2.7017,0,5.0,0,5.0,0,5.0,0,5.0,1,2,800000,0
aset-2862,5,0,0,0,1930,11,"Jl. HM Yamin No. 7, Kel. Jati Kec. Medan Perjuangan, Kota Medan",3.51784,98.606902,0,5.0,0,5.0,0,5.0,0,5.0,0,5.0,0,5.0,0,5.0,0,5.0,0,5.0,0,0,4600000,0
aset-2863,3,0,0,1,1105,23,"Jl. Balai Kota No. 22, Kel. Pulo Brayan Kec. Medan Helvetia, Kota Medan",3.590634,98.716123,0,3.1366,1,2.5331,1,2.7113,1,2.7398,2,2.7028,0,5.0,0,4.3423,0,4.579,0,3.8083,5,2,900000,1
aset-2864,2,2,0,1,1151,25,"Jl. Pemuda No. 28, Kel. Suka Maju Kec. Medan Labuhan, Kota Medan",3.577201,98.672678,3,1.5264,6,1.5414,7,0.6944,3,1.7667,5,0.8705,2,2.1549,1,1.5019,1,1.8857,7,1.2562,35,2,44900000,2
aset-2865,6,2,0,1,1085,27,"Jl. Iskandar Muda No. 1, Kel. Polonia Kec. Medan Selayang, Kota Medan",3.550461,98.659051,1,1.4165,0,4.8033,1,2.0901,1,0.714,0,4.1006,1,0.9029,0,4.8268,0,5.0,0,3.8873,4,1,700000,1
aset-2866,1,0,0,2,1893,12,"Jl. Sutomo No. 5, Kel. Jati Kec. Medan Barat, Kota Medan",3.582764,98.714558,0,3.2449,1,2.1722,1,2.8232,1,2.394,1,2.3926,0,5.0,0,4.2451,0,4.5644,0,3.4426,4,0,7300000,1
aset-2867,5,0,0,1,2916,8,"Jl. KH Wahid Hasyim No. 42, Kel. Pasar Merah Kec. Medan Sunggal, Kota Medan",3.579829,98.693946,2,1.8623,7,0.2683,5,1.4501,2,0.2633,4,0.3679,0,3.6284,1,2.1945,1,2.6275,5,1.1468,27,2,146300000,2
aset-2868,5,0,2,1,2688,12,"Komplek Teuku Cik Ditiro No. 34, Kel. Sikambing Kec. Medan Johor, Kota Medan",3.569839,98.662149,2,0.9647,3,2.6956,5,0.7221,2,1.6701,2,2.0093,2,1.5711,1,2.7824,0,3.0417,6,2.2735,23,2,131500000,2
aset-2869,5,0,2,1,2156,18,"Jl. HM Yamin No. 6, Kel. Kesawan Kec. Medan Sunggal, Kota Medan",3.542003,98.708105,0,5.0,0,4.6792,0,5.0,0,4.7529,0,4.8571,0,5.0,0,5.0,0,5.0,0,4.5563,0,4,2300000,0
aset-2870,3,0,0,0,288,23,"Jl. Sisingamangaraja No. 4, Kel. Petisah Tengah Kec. Medan Sunggal, Kota Medan",3.544673,98.607842,0,5.0,0,5.0,0,5.0,0,5.0,0,5.0,0,5.0,0,5.0,0,5.0,0,5.0,0,2,1400000,0
aset-2871,6,2,1,1,1045,15,"Jl. Diponegoro No. 36, Kel. Aur Kec. Medan Tembung, Kota Medan",3.597831,98.633447,0,4.6602,0,4.3121,0,4.2873,0,4.202,0,3.6367,0,3.5158,0,4.9112,0,4.631,1,2.5856,1,1,600000,0
aset-2872,2,0,2,1,760,20,"Gang Putri Hijau No. 7, Kel. Jati Kec. Medan Petisah, Kota Medan",3.594115,98.639017,0,3.9831,0,3.6624,0,3.7243,0,3.5515,1,2.939,1,2.8851,0,4.2399,0,3.9932,1,1.8626,3,3,1000000,0
aset-2873,1,0,0,0,730,10,"Jl. Setiabudi No. 24, Kel. Sunggal Kec. Medan Area, Kota Medan",3.604093,98.666693,3,1.3821,6,1.3668,6,0.7244,1,1.3228,6,1.6887,1,1.0284,1,1.9401,1,1.4523,5,1.1316,30,2,103300000,2
aset-2874,4,2,0,0,1079,23,"Jl. Sisingamangaraja No. 6, Kel. Petisah Tengah Kec. Medan Tembung, Kota Medan",3.585448,98.64269,1,2.9466,0,3.3593,0,3.4781,0,3.252,1,2.5072,1,2.6941,0,3.8411,0,3.7096,2,1.422,5,1,700000,1
aset-2875,5,0,1,1,4046,27,"Lorong Setiabudi No. 14, Kel. Suka Maju Kec. Medan Timur, Kota Medan",3.579327,98.670196,3,1.4536,6,1.3649,7,0.6716,3,1.523,5,0.6618,2,1.8357,1,1.4066,1,1.7164,7,1.1597,35,2,950100000,2
aset-2876,2,0,1,1,723,21,"Jl. Sisingamangaraja No. 15, Kel. Sikambing Kec. Medan Area, Kota Medan",3.631967,98.687872,1,0.7626,1,2.9986,1,1.9864,0,4.7202,3,2.5589,0,4.8311,0,4.82,0,4.4569,0,4.5503,6,2,3300000,1
aset-2877,1,0,0,0,831,13,"Jl. Thamrin No. 18, Kel. Sikambing Kec. Medan Sunggal, Kota Medan",3.553624,98.71429,0,5.0,0,3.8129,0,4.8297,0,3.9418,0,4.0314,0,5.0,0,5.0,0,5.0,0,4.1325,0,5,1400000,1
aset-2878,2,0,0,0,613,13,"Jl. HM Yamin No. 18, Kel. Pusat Pasar Kec. Medan Denai, Kota Medan",3.578558,98.681686,2,1.3294,6,1.06,7,0.3468,2,1.3127,5,1.1125,1,2.6022,1,1.3745,1,1.8706,6,0.368,31,2,128800000,2
aset-2879,1,2,1,1,1168,8,"Jl. HM Yamin No. 3, Kel. Jati Kec. Medan Selayang, Kota Medan",3.591305,98.686586,3,0.5141,7,0.3502,6,0.698,2,1.2559,8,0.4075,1,2.4305,1,1.0737,1,1.3202,6,0.6987,35,2,195100000,2
aset-2880,6,2,0,0,1926,11,"Jl. Marelan Raya No. 24, Kel. Sunggal Kec. Medan Area, Kota Medan",3.54999,98.685668,0,3.5153,0,3.7069,1,2.7244,1,2.4985,0,3.7596,1,2.3892,0,4.5517,0,5.0,2,2.799,5,1,1800000,1
aset-2881,5,0,1,1,2311,20,"Jl. Gatot Subroto No. 22, Kel. Jati Kec. Medan Selayang, Kota Medan",3.560329,98.693584,0,3.7204,1,2.4148,2,2.7467,1,2.4105,1,2.5217,0,3.2085,0,3.7778,0,4.2745,2,1.9628,7,5,9500000,1
aset-2882,3,2,0,0,2653,26,"Lorong Gatot Subroto No. 14, Kel. Kesawan Kec. Medan Helvetia, Kota Medan",3.575852,98.67365,3,1.6318,6,1.6849,7,0.8089,3,1.9294,5,1.0336,2,2.3356,1,1.6166,1,2.0236,7,1.1406,35,2,153500000,2
aset-2883,6,0,0,0,1204,9,"Lorong Teuku Daud No. 12, Kel. Sikambing Kec. Medan Kota, Kota Medan",3.592937,98.689367,3,0.3189,7,0.7077,6,0.3399,2,1.2812,8,0.7323,1,2.7139,1,1.4108,1,1.5988,6,1.0509,35,2,877000000,2
aset-2884,4,0,2,1,1203,18,"Jl. Pemuda No. 12, Kel. Pandan Selamat Kec. Medan Area, Kota Medan",3.57875,98.685698,2,1.512,7,1.0713,7,0.6102,2,0.8873,5,0.9381,1,2.9226,1,1.5801,1,2.0701,6,0.3097,32,2,49400000,2
aset-2885,4,2,1,0,2755,12,"Jl. Cut Mutia No. 5, Kel. Sikambing Kec. Medan Petisah, Kota Medan",3.50838,98.687626,0,5.0,0,5.0,0,5.0,0,5.0,0,5.0,0,5.0,0,5.0,0,5.0,0,5.0,0,1,500000,0
aset-2886,4,2,1,1,1100,15,"Jl. Balai Kota No. 15, Kel. Kesawan Kec. Medan Barat, Kota Medan",3.613893,98.629558,0,5.0,0,5.0,0,4.792,0,5.0,0,4.8096,0,4.4591,0,5.0,0,5.0,0,3.954,0,1,200000,0
aset-2887,5,2,0,2,340,11,"Jl. Gatot Subroto No. 3, Kel. Jati Kec. Medan Helvetia, Kota Medan",3.554591,98.695961,0,4.4082,0,3.0496,0,3.396,0,3.0654,0,3.176,0,3.4396,0,4.4643,0,4.9612,2,2.6443,2,1,200000,1
aset-2888,3,2,1,1,225,20,"Jl. HM Yamin No. 1, Kel. Petisah Tengah Kec. Medan Timur, Kota Medan",3.583336,98.700596,2,1.9292,5,0.6386,5,1.5656,1,0.856,4,0.8439,0,4.1578,1,2.7215,0,3.0782,5,1.9763,23,2,4000000,2
aset-2889,4,2,1,1,866,26,"Jl. Yos Sudarso No. 14, Kel. Kesawan Kec. Medan Kota, Kota Medan",3.595262,98.684777,3,0.3928,7,0.6465,6,0.806,2,1.5495,8,0.4271,1,2.195,1,1.0427,1,1.0941,6,0.8054,35,2,111300000,2
aset-2890,1,2,0,0,637,13,"Jl. Putri Hijau No. 32, Kel. Pandan Selamat Kec. Medan Tembung, Kota Medan",3.574862,98.68124,2,1.7127,6,1.4738,6,0.7497,3,1.5275,5,1.5193,2,2.7654,1,1.7478,1,2.2379,6,0.2964,32,2,120900000,2
aset-2891,6,0,0,0,2089,20,"Jl. Jamin Ginting No. 5, Kel. Jati Kec. Medan Barat, Kota Medan",3.601763,98.668813,3,1.2248,6,1.0366,7,0.3893,1,1.0042,6,1.4809,1,0.8628,1,1.5926,1,1.103,5,0.8679,31,2,653200000,2
aset-2892,3,0,1,1,1266,12,"Jl. Sisingamangaraja No. 50, Kel. Pasar Merah Kec. Medan Maimun, Kota Medan",3.576378,98.615257,0,4.8445,0,5.0,0,5.0,0,5.0,0,5.0,0,5.0,0,5.0,0,5.0,0,4.6285,0,5,2000000,0
aset-2893,4,0,0,0,2094,12,"Gang Jamin Ginting No. 3, Kel. Merdeka Kec. Medan Maimun, Kota Medan",3.597715,98.679355,3,0.8838,7,0.7365,6,0.8654,2,1.0652,8,0.2639,1,1.6214,1,0.8968,1,0.6358,7,0.6264,36,2,861100000,2
aset-2894,6,2,0,1,290,24,"Jl. Jamin Ginting No. 48, Kel. Pulo Brayan Kec. Medan Marelan, Kota Medan",3.593598,98.681638,3,0.5841,7,0.5256,6,0.5891,2,1.1825,8,0.2764,1,1.853,1,0.6519,1,0.738,6,0.412,35,2,52300000,2
aset-2895,5,0,0,2,3904,27,"Jl. Sutomo No. 24, Kel. Sunggal Kec. Medan Maimun, Kota Medan",3.573373,98.675573,3,1.8558,6,1.8234,6,1.0724,3,2.1589,5,1.3523,2,2.2602,1,1.8556,1,2.2945,7,0.9439,34,2,439400000,2
aset-2896,2,0,0,0,686,15,"Jl. Thamrin No. 30, Kel. Kesawan Kec. Medan Johor, Kota Medan",3.597044,98.664689,3,1.6675,6,0.9276,5,0.8884,1,0.8323,6,0.8951,1,0.2299,1,1.5748,1,1.1933,5,0.4996,29,2,170700000,2
aset-2897,5,0,0,1,3312,21,"Jl. Sutomo No. 18, Kel. Aur Kec. Medan Tembung, Kota Medan",3.596775,98.677304,3,0.7673,7,0.5503,6,0.7071,2,0.8158,8,0.4192,1,1.3796,1,0.7541,1,0.4007,7,0.5183,36,2,591100000,2
aset-2898,2,2,1,1,1330,7,"Jl. Marelan Raya No. 50, Kel. Sunggal Kec. Medan Maimun, Kota Medan",3.54952,98.633504,1,2.9885,0,5.0,0,4.2935,0,3.4042,0,5.0,0,3.5689,0,5.0,0,5.0,0,4.9963,1,1,800000,0
aset-2899,5,2,0,0,767,17,"Jl. Cut Mutia No. 1, Kel. Aur Kec. Medan Baru, Kota Medan",3.543435,98.723684,0,5.0,0,5.0,0,5.0,0,5.0,0,5.0,0,5.0,0,5.0,0,5.0,0,5.0,0,1,600000,0
aset-2900,2,0,1,1,1139,21,"Blok Sisingamangaraja No. 32, Kel. Merdeka Kec. Medan Sunggal, Kota Medan",3.634478,98.701968,1,2.3431,0,3.6259,0,3.5635,0,5.0,0,3.0178,0,5.0,0,5.0,0,5.0,0,5.0,1,0,6500000,0
aset-2901,6,0,1,2,2903,12,"Komplek Setiabudi No. 1, Kel. Aur Kec. Medan Tembung, Kota Medan",3.530696,98.602749,0,5.0,0,5.0,0,5.0,0,5.0,0,5.0,0,5.0,0,5.0,0,5.0,0,5.0,0,0,3400000,0
aset-2902,6,2,1,0,1281,12,"Jl. Ahmad Yani No. 3, Kel. Gaharu Kec. Medan Petisah, Kota Medan",3.631771,98.694264,1,1.4722,0,3.0569,1,2.6602,0,5.0,3,2.6503,0,5.0,0,5.0,0,4.7128,0,4.7475,5,2,1000000,1
aset-2903,3,2,0,1,1118,16,"Komplek Katamso No. 28, Kel. Bantan Kec. Medan Labuhan, Kota Medan",3.582711,98.675935,3,0.8286,7,0.9464,7,0.1087,2,1.2684,6,0.5055,1,1.8276,1,0.8191,1,1.2595,7,0.5881,35,2,106500000,2
aset-2904,3,0,0,0,688,27,"Jl. Gatot Subroto No. 22, Kel. Jati Kec. Medan Maimun, Kota Medan",3.594151,98.645854,0,3.5877,1,2.9044,1,2.9811,1,2.7936,1,2.2006,1,2.1269,0,3.4872,0,3.2346,2,1.1655,7,2,3100000,1
aset-2905,4,2,1,1,541,23,"Jl. Ahmad Yani No. 24, Kel. Titi Kuning Kec. Medan Polonia, Kota Medan",3.532492,98.611241,0,5.0,0,5.0,0,5.0,0,5.0,0,5.0,0,5.0,0,5.0,0,5.0,0,5.0,0,1,500000,0
aset-2906,4,0,1,1,1000,14,"Jl. Diponegoro No. 3, Kel. Bantan Kec. Medan Perjuangan, Kota Medan",3.563389,98.605326,0,5.0,0,5.0,0,5.0,0,5.0,0,5.0,0,5.0,0,5.0,0,5.0,0,5.0,0,0,5200000,0
aset-2907,6,0,2,0,607,15,"Jl. Katamso No. 3, Kel. Petisah Tengah Kec. Medan Helvetia, Kota Medan",3.554255,98.681466,1,2.905,0,3.4313,1,2.0596,1,1.973,0,3.443,1,1.8377,0,4.0054,0,4.4773,2,2.3335,6,3,2200000,1
aset-2908,5,2,2,0,828,23,"Jl. Setiabudi No. 40, Kel. Petisah Tengah Kec. Medan Selayang, Kota Medan",3.555033,98.640626,1,2.0017,0,5.0,0,3.3166,1,2.5608,0,4.6457,1,2.7072,0,5.0,0,5.0,0,4.1001,3,4,600000,0
aset-2909,3,0,1,0,3725,19,"Jl. Pemuda No. 14, Kel. Jati Kec. Medan Barat, Kota Medan",3.559197,98.69374,0,3.84,1,2.5394,2,2.8644,1,2.5369,1,2.648,0,3.2093,0,3.8965,0,4.3933,2,2.0783,7,2,22300000,1
aset-2910,4,0,1,2,3963,26,"Jl. Balai Kota No. 6, Kel. Pulo Brayan Kec. Medan Denai, Kota Medan",3.58012,98.697845,2,2.0211,6,0.3786,5,1.7256,1,0.5769,4,0.6258,0,4.003,1,2.5609,1,2.9681,5,1.5697,25,2,91100000,2
aset-2911,4,0,0,1,468,26,"Jl. Marelan Raya No. 42, Kel. Titi Kuning Kec. Medan Perjuangan, Kota Medan",3.566779,98.696988,0,3.3313,3,1.7069,1,2.4217,1,1.7495,2,1.8573,0,3.7469,0,3.4041,0,3.888,3,1.7222,10,2,5500000,1
aset-2912,2,2,0,0,2180,21,"Perumahan Jamin Ginting No. 8, Kel. Merdeka Kec. Medan Perjuangan, Kota Medan",3.565961,98.680608,2,2.6627,5,2.3941,5,1.404,2,2.2436,3,2.3227,1,2.056,1,2.7029,0,3.1794,5,1.0799,24,2,64000000,2
aset-2913,3,2,0,0,687,27,"Jl. Gatot Subroto No. 40, Kel. Polonia Kec. Medan Denai, Kota Medan",3.57482,98.705637,0,3.0068,3,1.4251,2,2.6607,1,1.6138,2,1.6716,0,4.9718,0,3.5985,0,4.0136,3,2.3856,11,2,1800000,1
aset-2914,1,0,1,1,2653,25,"Jl. Putri Hijau No. 16, Kel. Pusat Pasar Kec. Medan Maimun, Kota Medan",3.600837,98.670506,3,1.1037,6,0.8871,7,0.1762,1,0.8732,7,1.2828,1,0.8915,1,1.4041,1,0.9093,5,0.8096,32,2,356100000,2
aset-2915,5,2,0,1,1310,10,"Jl. Veteran No. 34, Kel. Pusat Pasar Kec. Medan Deli, Kota Medan",3.51306,98.68022,0,5.0,0,5.0,0,5.0,0,5.0,0,5.0,0,5.0,0,5.0,0,5.0,0,5.0,0,1,200000,0
aset-2916,5,0,0,2,2103,27,"Jl. Katamso No. 30, Kel. Merdeka Kec. Medan Marelan, Kota Medan",3.586972,98.693353,3,1.1113,7,0.5823,6,0.8505,2,0.5542,7,0.4434,0,3.2707,1,1.8458,1,2.1815,6,1.2599,33,2,277400000,2
aset-2917,3,2,0,0,703,20,"Jl. Iskandar Muda No. 14, Kel. Sunggal Kec. Medan Barat, Kota Medan",3.583989,98.704579,1,2.2205,4,1.0858,4,1.8207,1,1.3039,4,1.2897,0,4.5598,0,3.1328,0,3.4662,3,2.4139,17,2,8800000,1
aset-2918,5,0,0,1,11041,23,"Jl. Cut Mutia No. 1, Kel. Gaharu Kec. Medan Maimun, Kota Medan",3.602532,98.638643,0,4.4952,0,3.8506,0,3.7102,0,3.744,0,3.2894,0,3.0426,0,4.479,0,4.1448,1,2.3578,1,0,4900000,0
aset-2919,4,0,0,2,3633,11,"Jl. Veteran No. 12, Kel. Merdeka Kec. Medan Barat, Kota Medan",3.519378,98.639998,0,5.0,0,5.0,0,5.0,0,4.7457,0,5.0,0,4.9277,0,5.0,0,5.0,0,5.0,0,0,5900000,0
aset-2920,4,2,2,0,792,13,"Jl. Setiabudi No. 16, Kel. Titi Kuning Kec. Medan Selayang, Kota Medan",3.527984,98.704735,0,5.0,0,5.0,0,5.0,0,5.0,0,5.0,0,5.0,0,5.0,0,5.0,0,5.0,0,4,300000,0
aset-2921,2,2,1,2,1878,25,"Lorong Gatot Subroto No. 28, Kel. Pusat Pasar Kec. Medan Labuhan, Kota Medan",3.569587,98.64453,1,1.5462,0,4.009,1,2.6206,1,2.682,0,3.1338,1,2.7283,0,4.2588,0,4.3364,1,2.4515,5,1,1100000,1
aset-2922,4,0,0,0,2050,7,"Jl. KH Wahid Hasyim No. 5, Kel. Petisah Tengah Kec. Medan Baru, Kota Medan",3.629085,98.668206,2,1.4563,0,3.4637,1,0.4624,0,4.0244,1,2.5533,0,3.8067,0,4.4543,0,3.9735,0,3.9013,4,0,11900000,1
aset-2923,3,0,0,2,2879,17,"Jl. Pemuda No. 48, Kel. Gaharu Kec. Medan Baru, Kota Medan",3.601304,98.665815,3,1.5536,6,1.1506,6,0.6954,1,1.088,6,1.3712,1,0.7068,1,1.7666,1,1.3033,5,0.8476,30,2,278700000,2
aset-2924,2,2,0,1,574,20,"Perumahan Gatot Subroto No. 20, Kel. Kesawan Kec. Medan Timur, Kota Medan",3.592601,98.666094,3,1.3441,6,0.6569,7,1.0782,1,0.5462,6,0.4184,1,0.2931,1,1.2443,1,1.0005,7,0.2625,33,2,24400000,2
aset-2925,6,2,1,2,1148,27,"Jl. Diponegoro No. 5, Kel. Sikambing Kec. Medan Tembung, Kota Medan",3.608864,98.682035,4,0.4635,6,0.7891,6,1.4653,1,2.1474,7,0.1708,1,2.4394,1,2.1707,1,1.8279,4,1.9012,31,2,24400000,2
aset-2926,4,0,1,1,434,16,"Lingkungan Putri Hijau No. 25, Kel. Titi Kuning Kec. Medan Marelan, Kota Medan",3.585571,98.709196,1,2.5732,3,1.6247,1,2.1512,1,1.8407,3,1.82,0,5.0,0,3.6068,0,3.909,1,2.9555,10,2,7100000,1
aset-2927,4,2,0,1,2278,17,"Jl. Yos Sudarso No. 42, Kel. Pulo Brayan Kec. Medan Sunggal, Kota Medan",3.577159,98.700627,2,2.465,3,0.8245,5,2.1529,1,1.0031,2,1.0669,0,4.4236,1,2.9856,0,3.4052,5,1.825,19,5,5600000,2
aset-2928,2,0,0,1,344,27,"Jl. Sudirman No. 7, Kel. Kesawan Kec. Medan Polonia, Kota Medan",3.621964,98.670862,2,1.5847,1,2.6787,2,0.4491,0,3.2206,2,1.7423,0,3.068,0,3.6189,0,3.1431,0,3.1256,7,2,7000000,1
aset-2929,5,0,0,1,2358,23,"Lorong KH Wahid Hasyim No. 34, Kel. Sei Sikambing Kec. Medan Perjuangan, Kota Medan",3.565043,98.6245,0,3.5918,0,5.0,0,4.8325,0,4.4942,0,5.0,0,4.6058,0,5.0,0,5.0,0,4.3074,0,1,900000,0
aset-2930,4,0,2,2,1715,19,"Jl. Yos Sudarso No. 34, Kel. Pasar Merah Kec. Medan Area, Kota Medan",3.603077,98.693382,3,1.0046,7,0.6344,5,0.966,2,2.344,6,0.6197,0,3.2752,1,2.328,1,2.276,4,2.074,29,2,89900000,2
aset-2931,6,0,0,1,1005,15,"Jl. Pemuda No. 25, Kel. Sunggal Kec. Medan Maimun, Kota Medan",3.633743,98.678289,1,0.3578,0,3.3728,1,1.1814,0,4.6021,1,2.6572,0,4.5535,0,4.8661,0,4.4343,0,4.5643,3,0,5300000,1
aset-2932,2,0,0,1,2569,22,"Jl. Balai Kota No. 40, Kel. Titi Kuning Kec. Medan Barat, Kota Medan",3.607401,98.651274,0,3.0808,1,2.8026,1,2.4318,1,2.7123,1,2.5508,1,2.0547,0,3.4489,0,3.0254,2,2.0874,7,2,9600000,1
aset-2933,6,2,0,1,4955,9,"Jl. Yos Sudarso No. 4, Kel. Sunggal Kec. Medan Denai, Kota Medan",3.583143,98.683799,3,0.9965,7,0.5473,7,0.3548,2,1.029,6,0.5563,1,2.4679,1,1.0726,1,1.5527,6,0.473,34,2,88000000,2
aset-2934,3,0,0,0,1430,27,"Jl. Sudirman No. 7, Kel. Kesawan Kec. Medan Helvetia, Kota Medan",3.613321,98.629514,0,5.0,0,5.0,0,4.8149,0,5.0,0,4.7773,0,4.4339,0,5.0,0,5.0,0,3.9132,0,3,300000,0
aset-2935,1,0,2,0,4242,9,"Jl. Iskandar Muda No. 24, Kel. Petisah Tengah Kec. Medan Marelan, Kota Medan",3.58763,98.677676,3,0.2537,7,0.5204,7,0.1491,2,0.9516,7,0.6945,1,1.6281,1,0.2741,1,0.7681,7,0.1906,36,2,1091600000,2
aset-2936,6,0,0,1,907,13,"Perumahan Yos Sudarso No. 34, Kel. Pusat Pasar Kec. Medan Marelan, Kota Medan",3.602409,98.684587,3,0.7375,7,0.4758,6,1.2043,2,1.8353,8,0.5146,1,2.3246,1,1.6165,1,1.4165,5,1.3383,34,2,486800000,2
aset-2937,4,0,1,1,842,17,"Jl. Teuku Cik Ditiro No. 7, Kel. Sikambing Kec. Medan Johor, Kota Medan",3.593393,98.676092,3,0.4372,7,0.1553,6,0.5855,2,0.5668,8,0.617,1,1.2439,1,0.3905,1,0.1387,7,0.2689,36,2,192300000,2
aset-2938,3,0,0,1,3862,7,"Jl. Putri Hijau No. 25, Kel. Sei Sikambing Kec. Medan Baru, Kota Medan",3.533909,98.698452,0,5.0,0,5.0,0,4.9961,0,4.5081,0,5.0,0,4.4516,0,5.0,0,5.0,0,4.8566,0,0,8900000,0
aset-2939,1,0,1,1,346,19,"Jl. Teuku Daud No. 22, Kel. Aur Kec. Medan Sunggal, Kota Medan",3.613381,98.629376,0,5.0,0,5.0,0,4.8276,0,5.0,0,4.7937,0,4.4505,0,5.0,0,5.0,0,3.9289,0,1,1900000,0
aset-2940,2,0,0,1,7298,27,"Jl. Jamin Ginting No. 2, Kel. Titi Kuning Kec. Medan Polonia, Kota Medan",3.579137,98.621828,0,4.2759,0,5.0,0,5.0,0,5.0,0,4.9151,0,5.0,0,5.0,0,5.0,0,3.8413,0,0,6700000,0
aset-2941,1,0,0,1,1372,10,"Jl. Cut Mutia No. 48, Kel. Jati Kec. Medan Johor, Kota Medan",3.585375,98.659177,2,2.1379,5,1.6565,6,1.7757,1,1.5622,4,0.7616,1,1.2502,1,2.0437,1,2.0008,7,0.6143,28,2,102900000,2
aset-2942,4,2,0,1,1979,21,"Jl. Veteran No. 1, Kel. Gaharu Kec. Medan Selayang, Kota Medan",3.602512,98.64545,0,3.7434,0,3.1305,1,2.9566,0,3.0263,1,2.639,1,2.3248,0,3.7676,0,3.4132,2,1.8386,5,1,1000000,1
aset-2943,3,0,0,1,1202,26,"Jl. Marelan Raya No. 25, Kel. Padang Bulan Kec. Medan Sunggal, Kota Medan",3.528743,98.626777,0,5.0,0,5.0,0,5.0,0,5.0,0,5.0,0,5.0,0,5.0,0,5.0,0,5.0,0,5,3300000,0
aset-2944,4,0,2,1,620,16,"Jl. Balai Kota No. 30, Kel. Merdeka Kec. Medan Kota, Kota Medan",3.587307,98.696016,3,1.2584,7,0.6008,5,0.9156,2,0.6784,6,0.5843,0,3.5468,1,2.1315,1,2.4482,5,1.5558,30,2,123600000,2
aset-2945,1,0,2,1,3583,17,"Lorong Cut Mutia No. 25, Kel. Aur Kec. Medan Maimun, Kota Medan",3.623482,98.715359,0,3.9288,0,3.6663,0,4.1359,0,5.0,1,2.753,0,5.0,0,5.0,0,5.0,0,5.0,1,3,2400000,0
aset-2946,3,2,0,1,845,21,"Gang Yos Sudarso No. 10, Kel. Sunggal Kec. Medan Selayang, Kota Medan",3.618189,98.710536,0,3.5211,1,2.8991,0,3.3421,0,4.4698,1,1.9712,0,5.0,0,4.8657,0,4.7735,0,4.6074,2,1,300000,0
aset-2947,5,0,2,0,1128,28,"Perumahan Ahmad Yani No. 16, Kel. Sunggal Kec. Medan Barat, Kota Medan",3.597967,98.707593,1,2.1572,4,2.2595,1,1.7729,1,2.4032,5,1.7029,0,4.7383,0,3.5088,0,3.6439,0,3.091,12,2,18900000,1
aset-2948,3,2,2,1,739,9,"Jl. Veteran No. 36, Kel. Polonia Kec. Medan Helvetia, Kota Medan",3.589002,98.663316,4,1.6216,5,1.0613,6,1.4583,1,0.9617,4,0.1869,1,0.6926,1,1.5227,1,1.4107,7,0.7609,30,2,66700000,2
aset-2949,6,2,1,1,2000,8,"Jl. Teuku Daud No. 20, Kel. Titi Kuning Kec. Medan Marelan, Kota Medan",3.528922,98.664449,0,3.8832,0,5.0,0,4.2524,1,2.8898,0,5.0,0,3.0116,0,5.0,0,5.0,0,5.0,1,1,500000,0
aset-2950,4,0,2,2,5910,25,"Jl. Diponegoro No. 10, Kel. Gaharu Kec. Medan Denai, Kota Medan",3.630375,98.693546,1,1.4039,1,2.8879,1,2.5488,0,4.8509,3,2.5029,0,5.0,0,4.8505,0,4.5382,0,4.5737,6,2,8800000,1
aset-2951,5,0,0,0,1825,7,"Jl. Teuku Daud No. 5, Kel. Petisah Tengah Kec. Medan Marelan, Kota Medan",3.561785,98.710875,0,4.5183,1,2.856,0,3.9808,1,2.998,0,3.0822,0,5.0,0,4.8965,0,5.0,0,3.3398,2,2,11200000,1
aset-2952,6,0,0,2,355,6,"Jl. Veteran No. 12, Kel. Merdeka Kec. Medan Area, Kota Medan",3.586233,98.660566,2,1.9664,5,1.4752,6,1.6417,1,1.3809,4,0.5804,1,1.092,1,1.8713,1,1.8198,7,0.6901,28,2,183100000,2
aset-2953,3,2,2,1,868,18,"Jl. Balai Kota No. 36, Kel. Petisah Tengah Kec. Medan Area, Kota Medan",3.601896,98.619142,0,5.0,0,5.0,0,5.0,0,5.0,0,5.0,0,5.0,0,5.0,0,5.0,0,4.2298,0,4,100000,0
aset-2954,2,2,0,0,1651,10,"Lingkungan Iskandar Muda No. 20, Kel. Padang Bulan Kec. Medan Kota, Kota Medan",3.577313,98.659272,2,1.615,4,2.2333,6,1.5011,2,2.1764,2,1.4467,2,2.0669,1,2.4209,1,2.5475,7,1.3834,27,2,10900000,2
aset-2955,6,2,2,1,4907,26,"Jl. Marelan Raya No. 32, Kel. Aur Kec. Medan Barat, Kota Medan",3.596201,98.703222,3,1.6573,4,1.8238,4,1.2597,1,1.9443,6,1.5374,0,4.2438,1,2.9906,0,3.1415,2,2.5678,21,2,17700000,2
aset-2956,1,2,0,1,1418,20,"Jl. Teuku Daud No. 24, Kel. Suka Maju Kec. Medan Area, Kota Medan",3.588946,98.661454,3,1.8282,5,1.2541,6,1.6422,1,1.1513,4,0.3935,1,0.7797,1,1.7292,1,1.6049,7,0.7163,29,2,49300000,2
aset-2957,6,0,2,1,2625,19,"Jl. Sudirman No. 10, Kel. Petisah Tengah Kec. Medan Maimun, Kota Medan",3.620109,98.661408,2,2.5045,0,3.2354,2,1.2499,0,3.1968,2,2.4476,1,2.8203,0,3.7687,0,3.2716,1,2.9939,8,3,21400000,1
aset-2958,4,0,0,1,1997,19,"Komplek Pemuda No. 24, Kel. Pulo Brayan Kec. Medan Sunggal, Kota Medan",3.592125,98.615111,0,5.0,0,5.0,0,5.0,0,5.0,0,5.0,0,5.0,0,5.0,0,5.0,0,4.4404,0,0,7100000,0
aset-2959,2,2,1,1,543,27,"Jl. KH Wahid Hasyim No. 8, Kel. Sunggal Kec. Medan Denai, Kota Medan",3.561845,98.638314,1,2.0556,0,5.0,0,3.344,1,2.9212,0,4.2294,0,3.0321,0,5.0,0,5.0,0,3.5421,2,1,700000,0
aset-2960,5,0,0,0,1697,16,"Lingkungan Teuku Cik Ditiro No. 25, Kel. Suka Maju Kec. Medan Tembung, Kota Medan",3.61841,98.658428,2,2.6676,0,3.2018,2,1.6306,0,3.1511,1,2.6738,1,2.7033,0,3.7719,0,3.2786,1,2.9147,7,2,29400000,1
aset-2961,5,2,0,1,1014,6,"Jl. Ahmad Yani No. 34, Kel. Kesawan Kec. Medan Marelan, Kota Medan",3.583325,98.690973,3,1.3968,7,0.4705,6,1.1233,2,0.2689,7,0.2278,0,3.1613,1,1.7192,1,2.1334,6,1.0761,33,2,73700000,2
aset-2962,2,0,0,1,1089,7,"Jl. Marelan Raya No. 22, Kel. Petisah Tengah Kec. Medan Polonia, Kota Medan",3.563873,98.717543,0,4.7935,0,3.2127,0,4.4309,0,3.3884,0,3.4557,0,5.0,0,5.0,0,5.0,0,3.9368,0,5,3600000,0
aset-2963,2,0,0,1,1754,24,"Jl. Sudirman No. 20, Kel. Bantan Kec. Medan Petisah, Kota Medan",3.617798,98.648358,0,3.6447,0,3.8062,1,2.673,0,3.7306,0,3.6966,0,3.1364,0,4.4337,0,3.9679,0,3.286,1,5,4400000,0
aset-2964,3,2,0,1,2249,9,"Komplek Sudirman No. 22, Kel. Titi Kuning Kec. Medan Barat, Kota Medan",3.591458,98.691346,3,0.5713,7,0.8438,6,0.3459,2,1.0676,8,0.8024,1,2.9502,1,1.6003,1,1.8359,6,1.1496,35,2,106800000,2
aset-2965,5,0,1,0,1775,12,"Lingkungan Balai Kota No. 28, Kel. Kesawan Kec. Medan Labuhan, Kota Medan",3.59435,98.683032,3,0.6009,7,0.5499,6,0.7444,2,1.3437,8,0.2907,1,2.0025,1,0.8259,1,0.8923,6,0.5872,35,2,91800000,2
aset-2966,4,0,0,1,1565,16,"Komplek Jamin Ginting No. 18, Kel. Polonia Kec. Medan Johor, Kota Medan",3.603258,98.711449,1,2.7064,2,2.6095,1,2.3679,0,3.1272,1,1.7937,0,5.0,0,4.0974,0,4.1739,0,3.7348,5,3,6500000,1
aset-2967,2,0,0,0,5436,27,"Lingkungan Putri Hijau No. 12, Kel. Kesawan Kec. Medan Baru, Kota Medan",3.609145,98.708576,1,2.7076,1,2.3294,1,2.4567,0,3.4782,2,1.4014,0,5.0,0,4.1001,0,4.0889,0,3.842,5,2,2800000,1
aset-2968,2,0,0,1,4467,25,"Jl. Katamso No. 45, Kel. Titi Kuning Kec. Medan Perjuangan, Kota Medan",3.632833,98.661996,1,2.1109,0,4.2315,1,1.2552,0,4.5405,0,3.3005,0,4.22,0,5.0,0,4.5528,0,4.3691,2,0,36100000,1
aset-2969,5,0,1,1,1891,8,"Perumahan Iskandar Muda No. 12, Kel. Pulo Brayan Kec. Medan Baru, Kota Medan",3.630884,98.605577,0,5.0,0,5.0,0,5.0,0,5.0,0,5.0,0,5.0,0,5.0,0,5.0,0,5.0,0,5,1200000,0
aset-2970,4,2,0,1,253,8,"Komplek Diponegoro No. 8, Kel. Petisah Tengah Kec. Medan Area, Kota Medan",3.581916,98.687946,3,1.4251,7,0.7829,7,0.7716,2,0.561,6,0.5737,1,2.9328,1,1.5112,1,1.9671,6,0.741,34,2,40200000,2
aset-2971,5,0,1,1,3477,26,"Perumahan Veteran No. 20, Kel. Polonia Kec. Medan Sunggal, Kota Medan",3.599785,98.690175,3,0.5098,7,0.6281,6,0.6216,2,2.0023,7,1.0551,1,2.844,1,1.8225,1,1.8027,6,1.574,34,2,219800000,2
aset-2972,4,0,1,2,1338,15,"Jl. HM Yamin No. 7, Kel. Jati Kec. Medan Johor, Kota Medan",3.629801,98.610016,0,5.0,0,5.0,0,5.0,0,5.0,0,5.0,0,5.0,0,5.0,0,5.0,0,5.0,0,0,6600000,0
aset-2973,3,2,0,0,338,28,"Jl. Sutomo No. 8, Kel. Polonia Kec. Medan Helvetia, Kota Medan",3.581833,98.691203,2,1.5644,7,0.4218,6,1.1326,2,0.2003,6,0.238,0,3.2557,1,1.8191,1,2.2503,6,0.9843,31,2,30900000,2
aset-2974,5,0,0,1,3599,8,"Jl. Jamin Ginting No. 50, Kel. Pulo Brayan Kec. Medan Deli, Kota Medan",3.633873,98.679271,1,0.2832,0,3.3535,1,1.2684,0,4.6367,1,2.6615,0,4.6035,0,4.885,0,4.459,0,4.6068,3,2,4700000,1
aset-2975,6,2,1,1,590,17,"Jl. Katamso No. 20, Kel. Sunggal Kec. Medan Deli, Kota Medan",3.551741,98.63006,0,3.2209,0,5.0,0,4.5396,0,3.7499,0,5.0,0,3.9065,0,5.0,0,5.0,0,4.9826,0,1,100000,0
aset-2976,2,0,1,1,2196,20,"Lorong Diponegoro No. 8, Kel. Gaharu Kec. Medan Sunggal, Kota Medan",3.608438,98.607059,0,5.0,0,5.0,0,5.0,0,5.0,0,5.0,0,5.0,0,5.0,0,5.0,0,5.0,0,1,3100000,0
aset-2977,6,2,0,1,414,22,"Jl. Thamrin No. 15, Kel. Jati Kec. Medan Petisah, Kota Medan",3.56315,98.610827,0,5.0,0,5.0,0,5.0,0,5.0,0,5.0,0,5.0,0,5.0,0,5.0,0,5.0,0,1,200000,1
aset-2978,4,0,2,2,851,6,"Jl. Gatot Subroto No. 24, Kel. Pulo Brayan Kec. Medan Area, Kota Medan",3.586087,98.648175,1,2.7398,2,2.7535,1,2.9967,1,2.6472,2,1.8951,1,2.114,0,3.2284,0,3.1043,2,0.8238,10,2,6700000,1
aset-2979,3,2,0,1,1694,12,"Jl. KH Wahid Hasyim No. 28, Kel. Sei Sikambing Kec. Medan Barat, Kota Medan",3.594491,98.672733,3,0.7677,7,0.1847,6,0.651,2,0.254,8,0.9326,1,0.8601,1,0.6882,1,0.2574,7,0.5281,36,2,154500000,2
aset-2980,6,0,1,1,409,15,"Jl. Sisingamangaraja No. 12, Kel. Jati Kec. Medan Tembung, Kota Medan",3.60115,98.71698,0,3.2421,0,3.238,1,2.8691,0,3.4083,1,2.4497,0,5.0,0,4.6068,0,4.7262,0,4.1887,2,2,3700000,0
aset-2981,4,0,1,0,2849,24,"Jl. Thamrin No. 30, Kel. Kesawan Kec. Medan Barat, Kota Medan",3.628219,98.704344,1,2.6244,0,3.1553,0,3.7085,0,5.0,1,2.4315,0,5.0,0,5.0,0,5.0,0,4.9456,2,2,14500000,0
aset-2982,6,2,1,2,1049,27,"Jl. Balai Kota No. 16, Kel. Sikambing Kec. Medan Baru, Kota Medan",3.598625,98.661018,2,2.1098,5,1.3699,5,1.2329,1,1.2722,6,1.158,1,0.5982,1,2.0164,1,1.6347,5,0.93,27,2,38600000,2
aset-2983,5,2,0,1,862,16,"Jl. Putri Hijau No. 24, Kel. Merdeka Kec. Medan Petisah, Kota Medan",3.572968,98.680665,3,1.9076,6,1.6915,6,0.9606,3,1.6978,5,1.6477,1,2.5656,1,1.9371,1,2.4217,6,0.4302,32,2,55200000,2
aset-2984,2,0,0,1,2279,7,"Komplek Yos Sudarso No. 22, Kel. Aur Kec. Medan Polonia, Kota Medan",3.58955,98.659595,3,2.0318,5,1.4291,6,1.8232,1,1.3225,4,0.6029,1,0.8527,1,1.9322,1,1.7797,5,0.5136,27,2,223600000,2
aset-2985,3,0,0,1,3213,13,"Jl. Putri Hijau No. 12, Kel. Pusat Pasar Kec. Medan Denai, Kota Medan",3.632278,98.657197,1,2.6416,0,4.57,1,1.6833,0,4.6284,0,3.6213,0,4.2346,0,5.0,0,4.6925,0,4.422,2,0,3800000,0
aset-2986,1,0,1,1,892,15,"Jl. Sudirman No. 45, Kel. Sei Sikambing Kec. Medan Polonia, Kota Medan",3.559569,98.634667,1,2.4857,0,5.0,0,3.7904,0,3.2636,0,4.6948,0,3.3897,0,5.0,0,5.0,0,3.9751,1,0,4600000,0
aset-2987,3,0,0,1,531,19,"Jl. HM Yamin No. 48, Kel. Aur Kec. Medan Polonia, Kota Medan",3.604518,98.640498,0,4.276,0,3.7232,0,3.5273,0,3.6192,0,3.2204,1,2.9178,0,4.3607,0,4.0035,1,2.3595,2,2,1800000,0
aset-2988,2,2,0,1,995,24,"Jl. Imam Bonjol No. 7, Kel. Pusat Pasar Kec. Medan Labuhan, Kota Medan",3.565314,98.707966,0,4.013,1,2.348,0,3.4979,1,2.4902,1,2.5741,0,4.8796,0,4.3982,0,4.8537,2,2.884,5,1,1200000,1
aset-2989,4,0,2,1,2221,18,"Blok Jamin Ginting No. 32, Kel. Kesawan Kec. Medan Area, Kota Medan",3.580985,98.697006,2,1.8907,6,0.2496,5,1.6022,1,0.4587,4,0.4979,0,3.8788,1,2.4361,1,2.8388,5,1.5099,25,2,165400000,2
aset-2990,3,2,2,0,976,28,"Jl. Cut Mutia No. 30, Kel. Jati Kec. Medan Perjuangan, Kota Medan",3.57142,98.700942,0,3.0328,3,1.3487,2,2.4859,1,1.47,2,1.5605,0,4.3418,0,3.3658,0,3.8201,3,1.9351,11,2,4500000,1
aset-2991,6,2,2,1,308,13,"Jl. Putri Hijau No. 50, Kel. Pulo Brayan Kec. Medan Selayang, Kota Medan",3.589469,98.73029,0,4.7095,0,4.0035,0,4.286,0,4.2209,0,4.2004,0,5.0,0,5.0,0,5.0,0,5.0,0,4,200000,0
aset-2992,2,2,0,1,461,22,"Jl. KH Wahid Hasyim No. 28, Kel. Pandan Selamat Kec. Medan Deli, Kota Medan",3.617133,98.684951,3,1.403,2,1.3909,3,1.8355,0,3.098,4,0.9062,0,3.3104,0,3.1434,1,2.7992,1,2.8718,14,2,4600000,1
aset-2993,6,0,1,0,2205,21,"Jl. Cut Mutia No. 28, Kel. Gaharu Kec. Medan Perjuangan, Kota Medan",3.554974,98.679423,1,2.6646,0,3.4669,2,1.8427,1,1.745,0,3.4389,1,1.6048,0,3.904,0,4.3671,2,2.2924,7,5,9700000,1
aset-2994,3,0,0,1,3685,20,"Jl. Yos Sudarso No. 36, Kel. Sei Sikambing Kec. Medan Sunggal, Kota Medan",3.5865,98.645858,1,2.8814,1,2.9898,0,3.2574,1,2.8823,2,2.1424,1,2.3251,0,3.4779,0,3.3399,2,1.0519,8,2,12300000,1
aset-2995,4,0,1,0,5644,23,"Jl. Cut Mutia No. 6, Kel. Jati Kec. Medan Perjuangan, Kota Medan",3.552488,98.684201,0,3.2579,0,3.4935,1,2.4159,1,2.291,0,3.5305,1,2.1665,0,4.247,0,4.7275,2,2.5145,5,0,10100000,1
aset-2996,4,0,0,1,3859,28,"Jl. HM Yamin No. 6, Kel. Polonia Kec. Medan Kota, Kota Medan",3.542423,98.716338,0,5.0,0,4.9975,0,5.0,0,5.0,0,5.0,0,5.0,0,5.0,0,5.0,0,5.0,0,2,3600000,0
aset-2997,4,0,0,2,2010,22,"Jl. Veteran No. 42, Kel. Merdeka Kec. Medan Sunggal, Kota Medan",3.561088,98.664178,1,0.8459,0,3.5001,3,0.7824,1,0.6901,1,2.797,1,0.5731,0,3.5157,0,3.8517,2,2.6867,9,0,7000000,1
aset-2998,1,0,0,1,3103,15,"Jl. Yos Sudarso No. 16, Kel. Sunggal Kec. Medan Area, Kota Medan",3.600205,98.692384,3,0.6838,7,0.7217,6,0.6358,2,2.0255,7,0.9551,0,3.0935,1,2.0499,1,2.0488,6,1.8083,33,2,280100000,2
aset-2999,5,0,0,0,1177,23,"Jl. Sisingamangaraja No. 1, Kel. Sikambing Kec. Medan Tembung, Kota Medan",3.595974,98.624925,0,5.0,0,5.0,0,5.0,0,5.0,0,4.5145,0,4.4487,0,5.0,0,5.0,0,3.4265,0,1,500000,0
